{
  "type": "FeatureCollection",
  "features": [
    {
      "type": "Feature",
      "properties": {
        "nom": "Bas-Saint-Laurent"
      },
      "geometry": {
        "type": "Polygon",
        "coordinates": [
          [
            [
              -66.83203254290636,
              48.98508701573424
            ],
            [
              -67.15333882001751,
              49.189074008840954
            ],
            [
              -67.24117600538727,
              49.15676864533151
            ],
            [
              -67.50713194489119,
              49.10060263199452
            ],
            [
              -67.65352719447749,
              49.05929739630835
            ],
            [
              -68.17327246278315,
              48.88143708105664
            ],
            [
              -68.30958422061951,
              48.8283816995931
            ],
            [
              -68.46753584686266,
              48.75810404670108
            ],
            [
              -68.72346442301766,
              48.621048501128875
            ],
            [
              -68.99999947982997,
              48.4517340915626
            ],
            [
              -69.27838004923507,
              48.25938120797738
            ],
            [
              -69.54836941200094,
              48.04946100852643
            ],
            [
              -69.64609248869434,
              48.000097570381556
            ],
            [
              -69.69362058504926,
              47.96840273770874
            ],
            [
              -69.73731731637633,
              47.92740268764719
            ],
            [
              -69.81987970610356,
              47.82879137195393
            ],
            [
              -69.85049244642539,
              47.78223563138398
            ],
            [
              -69.88610536486344,
              47.71323585298202
            ],
            [
              -69.91055066994208,
              47.67937499065695
            ],
            [
              -69.95824875049647,
              47.63687439914711
            ],
            [
              -70.0365584204616,
              47.59112417707957
            ],
            [
              -70.06589282702214,
              47.56834652938071
            ],
            [
              -70.09853399768882,
              47.531235543221094
            ],
            [
              -70.13545255891611,
              47.46762585656423
            ],
            [
              -70.19739291440044,
              47.41195341035577
            ],
            [
              -70.08078118486448,
              47.32786285539021
            ],
            [
              -70.00326019844435,
              47.2784823358013
            ],
            [
              -69.97293460985472,
              47.29158521296324
            ],
            [
              -69.62529088161234,
              47.066738429975956
            ],
            [
              -69.22446141731028,
              47.45984296279958
            ],
            [
              -69.20519618405682,
              47.451962381108714
            ],
            [
              -69.17889690226131,
              47.45738759782863
            ],
            [
              -69.16225792478319,
              47.44744129471314
            ],
            [
              -69.15649910306284,
              47.45164904958672
            ],
            [
              -69.14105659816012,
              47.44401275181305
            ],
            [
              -69.12201516943442,
              47.442707148194174
            ],
            [
              -69.10779367398,
              47.43538445043245
            ],
            [
              -69.10774134443967,
              47.427693427166545
            ],
            [
              -69.0988821956075,
              47.43145783806386
            ],
            [
              -69.09013794706405,
              47.424145466131606
            ],
            [
              -69.06839362070703,
              47.42741557334908
            ],
            [
              -69.06190768066155,
              47.430595602075435
            ],
            [
              -69.06354894246874,
              47.434067835596586
            ],
            [
              -69.05212053121086,
              47.43001735428509
            ],
            [
              -69.04855048257336,
              47.42420389943788
            ],
            [
              -69.05215050868938,
              47.42215119998735
            ],
            [
              -69.04321699188932,
              47.426793133030785
            ],
            [
              -69.03919714100647,
              47.419664123980475
            ],
            [
              -69.0422489168039,
              47.41572261623551
            ],
            [
              -69.03451924503239,
              47.414575013286765
            ],
            [
              -69.0365951122908,
              47.40768631608589
            ],
            [
              -69.03059876618376,
              47.407429635230045
            ],
            [
              -69.0323766774526,
              47.40223074731703
            ],
            [
              -69.04249384414864,
              47.404755934418944
            ],
            [
              -69.03523877942162,
              47.4018105391587
            ],
            [
              -69.04273182704414,
              47.40197958695347
            ],
            [
              -69.03756497189772,
              47.39685249026824
            ],
            [
              -69.04376871609927,
              47.39744285617265
            ],
            [
              -69.04541033337117,
              47.39299599538774
            ],
            [
              -69.03964179876921,
              47.38421801311824
            ],
            [
              -69.05488372264118,
              47.377725446572086
            ],
            [
              -69.05486662143319,
              47.315340476261504
            ],
            [
              -69.04923686183633,
              47.305858152867465
            ],
            [
              -69.05100071706904,
              47.30018449087358
            ],
            [
              -68.79886476651566,
              47.34897371172429
            ],
            [
              -68.56935008661095,
              47.427017210597114
            ],
            [
              -68.38297178774609,
              47.55335652701215
            ],
            [
              -68.38309685769468,
              47.916559012393044
            ],
            [
              -68.12289108522491,
              47.916482321125685
            ],
            [
              -68.12287817768302,
              47.99997135568578
            ],
            [
              -67.59786566475442,
              48.00013652094144
            ],
            [
              -67.58969963004736,
              48.00285108361468
            ],
            [
              -67.59266934237036,
              48.00721835823922
            ],
            [
              -67.5872467206854,
              48.01080678397609
            ],
            [
              -67.59280034077021,
              48.0128123291436
            ],
            [
              -67.58983793039414,
              48.02338081594304
            ],
            [
              -67.59567182966036,
              48.02668535231313
            ],
            [
              -67.58584919591021,
              48.03796379042234
            ],
            [
              -67.58697737301225,
              48.04908570419366
            ],
            [
              -67.6240553783577,
              48.069038016370044
            ],
            [
              -67.63185819069794,
              48.07827351764313
            ],
            [
              -67.64943416507721,
              48.081071531593714
            ],
            [
              -67.64948800568892,
              48.09037164209798
            ],
            [
              -67.66673606857091,
              48.118490901153834
            ],
            [
              -67.37460288720993,
              48.19490240578887
            ],
            [
              -67.27754743973829,
              48.03154782006065
            ],
            [
              -67.09844992835369,
              48.07795802054445
            ],
            [
              -67.09837510177019,
              48.08519216671924
            ],
            [
              -66.87963592058722,
              48.13696384207268
            ],
            [
              -66.93462532672433,
              48.18120060873667
            ],
            [
              -66.90045010079746,
              48.20045747577643
            ],
            [
              -66.87574505699723,
              48.18305162663326
            ],
            [
              -66.83955545101932,
              48.14710675079761
            ],
            [
              -66.8369248571274,
              48.14775152697296
            ],
            [
              -66.97415955317422,
              48.30316626933226
            ],
            [
              -66.7343880631199,
              48.368633855352094
            ],
            [
              -65.94849740627002,
              48.567099054632784
            ],
            [
              -66.53731458475923,
              48.95783649037372
            ],
            [
              -66.70441471013878,
              48.90288328923643
            ],
            [
              -66.71459342818339,
              48.90943030399533
            ],
            [
              -66.70909707666362,
              48.91660847927581
            ],
            [
              -66.69557055508947,
              48.920838406307226
            ],
            [
              -66.70033016020525,
              48.92751330723171
            ],
            [
              -66.69393493533371,
              48.93421339046024
            ],
            [
              -66.69875262530843,
              48.938271482970215
            ],
            [
              -66.6944654466447,
              48.95228626529419
            ],
            [
              -66.70067889212727,
              48.95647180578621
            ],
            [
              -66.69682234066602,
              48.971256735218454
            ],
            [
              -66.70450304186286,
              48.97847116214727
            ],
            [
              -66.69931750763858,
              48.98862186988447
            ],
            [
              -66.70670981064971,
              48.994493599609015
            ],
            [
              -66.70550457350768,
              48.99914081737256
            ],
            [
              -66.73298888149368,
              49.017540316523856
            ],
            [
              -66.83203254290636,
              48.98508701573424
            ]
          ]
        ]
      }
    },
    {
      "type": "Feature",
      "properties": {
        "nom": "Capitale-Nationale"
      },
      "geometry": {
        "type": "Polygon",
        "coordinates": [
          [
            [
              -69.80551207204621,
              48.14326557321724
            ],
            [
              -69.84731902668062,
              48.15634943193781
            ],
            [
              -69.86340285428999,
              48.1694050975014
            ],
            [
              -69.87021407258388,
              48.18160627923366
            ],
            [
              -69.95665880871502,
              48.05761171643288
            ],
            [
              -70.171875948129,
              48.124835665037786
            ],
            [
              -70.26365006833947,
              47.99293788671476
            ],
            [
              -70.50386818268287,
              47.9979487053381
            ],
            [
              -71.27774298181444,
              47.99936684641755
            ],
            [
              -71.41163004018348,
              47.996002571059584
            ],
            [
              -71.40889217767217,
              47.97655547703499
            ],
            [
              -71.3757810239548,
              47.97419410684968
            ],
            [
              -71.37271624943172,
              47.96848641104274
            ],
            [
              -71.38232927525723,
              47.961960654647434
            ],
            [
              -71.37412664003166,
              47.95732702219794
            ],
            [
              -71.38000710249803,
              47.950052999816386
            ],
            [
              -72.07347165055437,
              47.94999965835073
            ],
            [
              -71.89055147835141,
              47.77019381721238
            ],
            [
              -72.23942016593591,
              47.5359163312956
            ],
            [
              -72.21440435359683,
              47.51499624583126
            ],
            [
              -72.20553905739052,
              47.500900623870066
            ],
            [
              -72.1958050210191,
              47.50074319920798
            ],
            [
              -72.19428177001744,
              47.494886808311975
            ],
            [
              -72.20105286258307,
              47.48540627151635
            ],
            [
              -72.18283456459868,
              47.47678888079329
            ],
            [
              -72.17169640174126,
              47.476602721178246
            ],
            [
              -72.16329585926829,
              47.469508441335954
            ],
            [
              -72.16097423400458,
              47.463794311491704
            ],
            [
              -72.17130166440973,
              47.46185537379107
            ],
            [
              -72.16860439754777,
              47.450351508017185
            ],
            [
              -72.17386448545061,
              47.4390956979865
            ],
            [
              -72.1584195186562,
              47.420925594598394
            ],
            [
              -72.14391964738076,
              47.41750188857911
            ],
            [
              -72.14132149792457,
              47.41055532654213
            ],
            [
              -72.14595905561312,
              47.39927029452771
            ],
            [
              -72.16018385992275,
              47.39191592979806
            ],
            [
              -72.16149084590228,
              47.38607662079592
            ],
            [
              -72.1747296778784,
              47.378812836116964
            ],
            [
              -72.18448785520229,
              47.365941356650914
            ],
            [
              -72.20169761365828,
              47.360086935053374
            ],
            [
              -72.20794531900583,
              47.32530690313356
            ],
            [
              -72.23862363080241,
              47.291002816375475
            ],
            [
              -72.28718720156844,
              47.29170436767776
            ],
            [
              -72.32060599297971,
              47.30300947527819
            ],
            [
              -72.34403637914777,
              47.27963453757403
            ],
            [
              -72.35844543904386,
              47.29124922093539
            ],
            [
              -72.41371972916232,
              47.29259749207982
            ],
            [
              -72.41509287005101,
              47.34685907889961
            ],
            [
              -72.4625608763909,
              47.371415947119004
            ],
            [
              -72.46226242259152,
              47.38733660072764
            ],
            [
              -72.4886018351882,
              47.36941893380908
            ],
            [
              -72.47392364016565,
              47.333080157430224
            ],
            [
              -72.50668250182102,
              47.313378631972796
            ],
            [
              -72.51367357163218,
              47.269391693513334
            ],
            [
              -72.54192769431654,
              47.220061665364454
            ],
            [
              -72.5441530197811,
              47.19181265764738
            ],
            [
              -72.5146953777902,
              47.14399505590705
            ],
            [
              -72.45999823094681,
              47.143078710815956
            ],
            [
              -72.41997157703,
              47.11602422386914
            ],
            [
              -72.41380174619444,
              47.119522801676254
            ],
            [
              -72.39437794438197,
              47.11769619710357
            ],
            [
              -72.37874682533052,
              47.096679531228666
            ],
            [
              -72.43593825580164,
              47.057493960629685
            ],
            [
              -72.16751159930693,
              46.87458991935001
            ],
            [
              -72.2284179270716,
              46.83520864556145
            ],
            [
              -72.23327249899273,
              46.83851686493179
            ],
            [
              -72.24832008433177,
              46.828188270659105
            ],
            [
              -72.27238723789466,
              46.8450709005734
            ],
            [
              -72.29330999837568,
              46.83644480936526
            ],
            [
              -72.29851770053304,
              46.82851131585411
            ],
            [
              -72.30650458268974,
              46.83389793345287
            ],
            [
              -72.33415867862146,
              46.814497133202686
            ],
            [
              -72.34511504098997,
              46.822375508105
            ],
            [
              -72.39356118316856,
              46.79211495527299
            ],
            [
              -72.08301151180534,
              46.570174245661114
            ],
            [
              -72.0590987096336,
              46.57007525651665
            ],
            [
              -72.02415292123901,
              46.57710321296765
            ],
            [
              -71.97567837156988,
              46.61488092406092
            ],
            [
              -71.92242590900312,
              46.63626922957458
            ],
            [
              -71.88970188925254,
              46.66821321910562
            ],
            [
              -71.87203449691106,
              46.67740763128267
            ],
            [
              -71.8365329526972,
              46.67651862041675
            ],
            [
              -71.77469752839168,
              46.64824081691203
            ],
            [
              -71.69083342281726,
              46.64985139619128
            ],
            [
              -71.65797102011022,
              46.65701794256745
            ],
            [
              -71.60855211178928,
              46.67824036988587
            ],
            [
              -71.56677266190215,
              46.68385137631389
            ],
            [
              -71.48840787884052,
              46.70768422708689
            ],
            [
              -71.35968024106583,
              46.72587791768097
            ],
            [
              -71.32887333154315,
              46.7399055781122
            ],
            [
              -71.27303781211177,
              46.749682819708866
            ],
            [
              -71.23284161391639,
              46.77126581372636
            ],
            [
              -71.19742317416005,
              46.80371014138661
            ],
            [
              -71.18764775938976,
              46.82511463730198
            ],
            [
              -71.19456841314448,
              46.83019121190714
            ],
            [
              -71.1702281428255,
              46.84427225510738
            ],
            [
              -71.13172568909559,
              46.83757091933315
            ],
            [
              -71.00019289160504,
              46.84748744255758
            ],
            [
              -70.94085689485215,
              46.88368096864673
            ],
            [
              -70.8424641996467,
              46.92006999310079
            ],
            [
              -70.70617979658277,
              47.00090285122216
            ],
            [
              -70.68542814504531,
              47.050514025172696
            ],
            [
              -70.67453862639493,
              47.065680708061564
            ],
            [
              -70.59800666902366,
              47.10756902261519
            ],
            [
              -70.52436407574532,
              47.164846424601464
            ],
            [
              -70.50423539121891,
              47.18454567654251
            ],
            [
              -70.47899999958639,
              47.22706949342571
            ],
            [
              -70.45494281318642,
              47.25351427060603
            ],
            [
              -70.3939671657624,
              47.29051424476853
            ],
            [
              -70.32276879395293,
              47.31618117239511
            ],
            [
              -70.28837657432639,
              47.334071926496804
            ],
            [
              -70.14948055072884,
              47.452960270689836
            ],
            [
              -70.12756372493055,
              47.47806972854045
            ],
            [
              -70.09592263804828,
              47.53492998891299
            ],
            [
              -70.06978181711176,
              47.5647076746562
            ],
            [
              -70.0365584204616,
              47.59112417707957
            ],
            [
              -69.95824875049647,
              47.63687439914711
            ],
            [
              -69.91055066994208,
              47.67937499065695
            ],
            [
              -69.88610536486344,
              47.71323585298202
            ],
            [
              -69.85049244642539,
              47.78223563138398
            ],
            [
              -69.81987970610356,
              47.82879137195393
            ],
            [
              -69.71984415857487,
              47.94554163915427
            ],
            [
              -69.65589749472986,
              47.994569550168904
            ],
            [
              -69.54836941200094,
              48.04946100852643
            ],
            [
              -69.66803463683583,
              48.11637533240922
            ],
            [
              -69.7493990129705,
              48.138014735221326
            ],
            [
              -69.78634471045963,
              48.145154155152646
            ],
            [
              -69.80551207204621,
              48.14326557321724
            ]
          ]
        ]
      }
    },
    {
      "type": "Feature",
      "properties": {
        "nom": "Abitibi-Témiscamingue"
      },
      "geometry": {
        "type": "Polygon",
        "coordinates": [
          [
            [
              -77.84204402737063,
              46.28666882741187
            ],
            [
              -77.84628687659604,
              46.29510337759706
            ],
            [
              -77.84078102317953,
              46.29926184353694
            ],
            [
              -77.8387895590043,
              46.314481593125976
            ],
            [
              -77.82501395028807,
              46.32312648818813
            ],
            [
              -77.82596533056048,
              46.33294040575197
            ],
            [
              -77.80936410018263,
              46.35464407908472
            ],
            [
              -77.774797120467,
              46.372399284609706
            ],
            [
              -77.76616154428825,
              46.38962580883331
            ],
            [
              -77.7414448969407,
              46.39826414440255
            ],
            [
              -77.7496296806193,
              46.397914083962604
            ],
            [
              -77.74011529299082,
              46.40328997228697
            ],
            [
              -77.74238346460449,
              46.41210948462356
            ],
            [
              -77.75675999726914,
              46.42130034445387
            ],
            [
              -77.7622911432146,
              46.43265675105124
            ],
            [
              -77.76133729749499,
              46.42853757442264
            ],
            [
              -77.7654330020607,
              46.430660623577864
            ],
            [
              -77.75911774272278,
              46.438377876134666
            ],
            [
              -77.76614200580866,
              46.44610076406741
            ],
            [
              -77.76339020731459,
              46.45036880789341
            ],
            [
              -77.76607350921205,
              46.45044708578054
            ],
            [
              -77.76637859984187,
              46.445639264980954
            ],
            [
              -77.7760271537683,
              46.45305352773983
            ],
            [
              -77.77131772993211,
              46.46044756916782
            ],
            [
              -77.7664763061685,
              46.45883686313176
            ],
            [
              -77.76840875360367,
              46.466930750362565
            ],
            [
              -77.76218313136079,
              46.47530389302098
            ],
            [
              -77.76518497432937,
              46.47502776983525
            ],
            [
              -77.7616102374439,
              46.488265843162814
            ],
            [
              -77.75657151311543,
              46.4917581699687
            ],
            [
              -77.75801557447464,
              46.500712281361395
            ],
            [
              -77.76266623823655,
              46.50293727050616
            ],
            [
              -77.75597796622182,
              46.505017229158895
            ],
            [
              -77.75841881682743,
              46.51310567836313
            ],
            [
              -77.783683819286,
              46.52401707195576
            ],
            [
              -77.78406808776691,
              46.52760252552182
            ],
            [
              -77.76761172116403,
              46.53631517171369
            ],
            [
              -77.76891235846541,
              46.54513571308911
            ],
            [
              -77.77870725989061,
              46.54689796991606
            ],
            [
              -77.77897748306076,
              46.557844170685236
            ],
            [
              -77.78843535251548,
              46.57115237340625
            ],
            [
              -77.7759793789955,
              46.577382891005286
            ],
            [
              -77.77249651339326,
              46.582990734081044
            ],
            [
              -77.7763923623883,
              46.579969367406555
            ],
            [
              -77.77400791005095,
              46.584566347266254
            ],
            [
              -77.7813487950128,
              46.589864455782696
            ],
            [
              -77.78787695177506,
              46.60596741509306
            ],
            [
              -77.83328742657989,
              46.6233328117749
            ],
            [
              -77.85633506515718,
              46.64266585582517
            ],
            [
              -77.86180251934924,
              46.65648289080809
            ],
            [
              -77.85018855223069,
              46.66390790856059
            ],
            [
              -77.8525571775008,
              46.668756181234734
            ],
            [
              -77.83370787328158,
              46.67923370382315
            ],
            [
              -77.83159266633076,
              46.68677962514586
            ],
            [
              -77.83748278416194,
              46.69553666628646
            ],
            [
              -77.82325950982023,
              46.69940870558534
            ],
            [
              -77.82345984654454,
              46.70600091064353
            ],
            [
              -77.81748830795566,
              46.70997440856896
            ],
            [
              -77.82880990381716,
              46.720963354813335
            ],
            [
              -77.82466978468167,
              46.72337746839971
            ],
            [
              -77.82913367813546,
              46.733078051758596
            ],
            [
              -77.8248989962808,
              46.73861511385455
            ],
            [
              -77.83348002897928,
              46.75704844542999
            ],
            [
              -77.82903761080219,
              46.760051012125444
            ],
            [
              -77.83223005512262,
              46.76263190039168
            ],
            [
              -77.82869212214625,
              46.7646342758827
            ],
            [
              -77.8269202050048,
              46.75912193507542
            ],
            [
              -77.82501814783728,
              46.763768214916446
            ],
            [
              -77.83832693024716,
              46.77357252987142
            ],
            [
              -77.83179220944325,
              46.7772654127773
            ],
            [
              -77.83741745377654,
              46.79183717686483
            ],
            [
              -77.82961269925566,
              46.80256205196599
            ],
            [
              -77.83678451719521,
              46.80806534851475
            ],
            [
              -77.82108293884383,
              46.80681725005661
            ],
            [
              -77.82062834416024,
              46.82143279943693
            ],
            [
              -77.84114676202705,
              46.83173806912752
            ],
            [
              -77.82635437827503,
              46.82350777450064
            ],
            [
              -77.82738947402981,
              46.81763902250465
            ],
            [
              -77.84590760335388,
              46.81923105988445
            ],
            [
              -77.84831305144527,
              46.81217644163217
            ],
            [
              -77.85249321699432,
              46.813746513687455
            ],
            [
              -77.84922374261748,
              46.82082034298369
            ],
            [
              -77.85610762702638,
              46.82198948384605
            ],
            [
              -77.85496355626323,
              46.81818852528711
            ],
            [
              -77.85793280385705,
              46.82420799911737
            ],
            [
              -77.8634929032493,
              46.81965263211897
            ],
            [
              -77.8760445599295,
              46.8246484003294
            ],
            [
              -77.8831927490189,
              46.82177329152657
            ],
            [
              -77.89518194381358,
              46.82976062824546
            ],
            [
              -77.88917586570243,
              46.82864612535092
            ],
            [
              -77.89147362473817,
              46.831335179675364
            ],
            [
              -77.89087606271416,
              46.83306976398341
            ],
            [
              -77.87811716293571,
              46.82779021973772
            ],
            [
              -77.87527674526478,
              46.83051434631182
            ],
            [
              -77.88867817235896,
              46.83680299168961
            ],
            [
              -77.88453221301766,
              46.83718609694816
            ],
            [
              -77.89232402529389,
              46.84395588366936
            ],
            [
              -77.89499746374058,
              46.84947414143162
            ],
            [
              -77.88977103986926,
              46.8481702834698
            ],
            [
              -77.89487166528183,
              46.855251441368374
            ],
            [
              -77.8857782244401,
              46.85708920509644
            ],
            [
              -77.88189153279836,
              46.86355067632185
            ],
            [
              -77.88401386709276,
              46.879268816752116
            ],
            [
              -77.8791416788144,
              46.88267426253183
            ],
            [
              -77.88768911219712,
              46.88797782297927
            ],
            [
              -77.86044609116219,
              46.91802891210845
            ],
            [
              -77.85608079105313,
              46.94119230203951
            ],
            [
              -77.84540284722426,
              46.92865148553112
            ],
            [
              -77.84371764436179,
              46.90590146595222
            ],
            [
              -77.85080015827221,
              46.89155886530788
            ],
            [
              -77.8494621688747,
              46.8722233422582
            ],
            [
              -77.84374271991763,
              46.87170588344621
            ],
            [
              -77.8484957895744,
              46.88234671893426
            ],
            [
              -77.83384463509725,
              46.92593487964321
            ],
            [
              -77.84271189355562,
              46.940783128609006
            ],
            [
              -77.84330908842848,
              46.95730236723482
            ],
            [
              -77.83610479491982,
              46.966113074992194
            ],
            [
              -77.84209400127656,
              46.96965949427705
            ],
            [
              -77.84476730174433,
              46.995033587222416
            ],
            [
              -77.82834913128025,
              47.01483699817953
            ],
            [
              -77.83406656600903,
              47.01307927662576
            ],
            [
              -77.83514822802172,
              47.019488030601785
            ],
            [
              -77.84352127431401,
              47.01456103341347
            ],
            [
              -77.84701183954101,
              47.00534389676943
            ],
            [
              -77.85046058092469,
              47.01746612954897
            ],
            [
              -77.84504680338112,
              47.03968748136776
            ],
            [
              -77.83309923599094,
              47.04554875587548
            ],
            [
              -77.83804745939204,
              47.05290387981791
            ],
            [
              -77.82794764176089,
              47.06016442346137
            ],
            [
              -77.82809442776428,
              47.07932444952113
            ],
            [
              -77.83647472054925,
              47.088987733667864
            ],
            [
              -77.83241588891237,
              47.105803716550355
            ],
            [
              -77.82617681907129,
              47.10817916022747
            ],
            [
              -77.83617006948559,
              47.10892660087062
            ],
            [
              -77.8429097991737,
              47.103423144669506
            ],
            [
              -77.84732695682298,
              47.10512548973104
            ],
            [
              -77.84270403582208,
              47.11043348279995
            ],
            [
              -77.84651093062297,
              47.11560653144514
            ],
            [
              -77.8415561583984,
              47.11981183935348
            ],
            [
              -77.84551226605043,
              47.12304001368057
            ],
            [
              -77.84527001487677,
              47.141655667665354
            ],
            [
              -77.85386690923045,
              47.14634921900432
            ],
            [
              -77.84713617233199,
              47.149766115871145
            ],
            [
              -77.85627901221366,
              47.167560246274036
            ],
            [
              -77.84940273802364,
              47.17834667632299
            ],
            [
              -77.85156151991647,
              47.199461729586
            ],
            [
              -77.8572598796592,
              47.20759866961013
            ],
            [
              -77.85837557298936,
              47.23629136012582
            ],
            [
              -77.87884383876356,
              47.245285619577224
            ],
            [
              -77.90118252602696,
              47.24327839318752
            ],
            [
              -77.91847870385152,
              47.253338852958144
            ],
            [
              -77.91498137021064,
              47.258446775938076
            ],
            [
              -77.9256676277389,
              47.26766100388998
            ],
            [
              -77.92911521247827,
              47.26366885308989
            ],
            [
              -77.9312702647915,
              47.26938600089511
            ],
            [
              -77.647275361719,
              47.2692808224409
            ],
            [
              -77.64728202688337,
              47.29035899479545
            ],
            [
              -77.43263029090649,
              47.290317723945265
            ],
            [
              -77.43265932216157,
              47.14471702469014
            ],
            [
              -77.00227377090167,
              47.14535396883435
            ],
            [
              -77.0020490512537,
              47.290187408039195
            ],
            [
              -76.57572035866096,
              47.289796163551685
            ],
            [
              -76.57540858574008,
              47.60401070964313
            ],
            [
              -76.42481438271996,
              47.5129776470536
            ],
            [
              -76.41779649082618,
              47.51783026714492
            ],
            [
              -76.40763599879789,
              47.562323565683045
            ],
            [
              -76.41691673863185,
              47.599474504161584
            ],
            [
              -76.4213386171704,
              47.59988681102572
            ],
            [
              -76.41619994775107,
              47.6031124237716
            ],
            [
              -76.4223113722628,
              47.60755129019778
            ],
            [
              -76.44408063181591,
              47.59932443990065
            ],
            [
              -76.45145540979537,
              47.60416421633257
            ],
            [
              -76.46154179178379,
              47.59988034619295
            ],
            [
              -76.48281939228629,
              47.602871867696834
            ],
            [
              -76.48422988752779,
              47.60050637925716
            ],
            [
              -76.49222315397361,
              47.597898623478464
            ],
            [
              -76.49352616561313,
              47.5998866267344
            ],
            [
              -76.47809647104344,
              47.606442122478754
            ],
            [
              -76.48159295867183,
              47.610895328025535
            ],
            [
              -76.47628341834529,
              47.61561680001675
            ],
            [
              -76.45731383284267,
              47.614828740757225
            ],
            [
              -76.46282875151842,
              47.62292620878982
            ],
            [
              -76.45504597481124,
              47.62221282703172
            ],
            [
              -76.44991939352253,
              47.626699250976934
            ],
            [
              -76.46080505501614,
              47.624760561173005
            ],
            [
              -76.45882041261414,
              47.62746738769272
            ],
            [
              -76.42919525200715,
              47.6317615507243
            ],
            [
              -76.42605590680027,
              47.64034983622887
            ],
            [
              -76.41855729875572,
              47.63529855576976
            ],
            [
              -76.4151545011712,
              47.64099893682844
            ],
            [
              -76.40725221429288,
              47.63898694486939
            ],
            [
              -76.40198699894312,
              47.643345158799995
            ],
            [
              -76.41194250434451,
              47.643623063390706
            ],
            [
              -76.40197892436817,
              47.64763578148048
            ],
            [
              -76.40425773072653,
              47.65351148130785
            ],
            [
              -76.39013112202517,
              47.65438031708874
            ],
            [
              -76.38493682297076,
              47.661463323447435
            ],
            [
              -76.37263158880756,
              47.65151080543018
            ],
            [
              -76.33489863862941,
              47.65767827212264
            ],
            [
              -76.32446234522665,
              47.669095463405924
            ],
            [
              -76.30717381409664,
              47.666414176765784
            ],
            [
              -76.28810098804148,
              47.68063764988469
            ],
            [
              -76.29083457655628,
              47.68654338469626
            ],
            [
              -76.27161749652089,
              47.6914179863397
            ],
            [
              -76.27510773740262,
              47.68837558269959
            ],
            [
              -76.27056459687188,
              47.68848351792264
            ],
            [
              -76.26662164912155,
              47.69439428103752
            ],
            [
              -76.24715298413714,
              47.70065850391159
            ],
            [
              -76.24307174109877,
              47.704148486649096
            ],
            [
              -76.2481021156693,
              47.70277187620327
            ],
            [
              -76.24493792499192,
              47.70676119297824
            ],
            [
              -76.24876200057784,
              47.709657006263505
            ],
            [
              -76.23873293337522,
              47.721741789630634
            ],
            [
              -76.22380555976505,
              47.726348248035585
            ],
            [
              -76.22795746857217,
              47.73034288647969
            ],
            [
              -76.21897938562334,
              47.73134671404497
            ],
            [
              -76.21683853454786,
              47.72784239858736
            ],
            [
              -76.22151071202019,
              47.72669350419411
            ],
            [
              -76.20462326999187,
              47.723736915490306
            ],
            [
              -76.17592010956152,
              47.73700790888816
            ],
            [
              -76.17552979706088,
              47.733300899319204
            ],
            [
              -76.16854834681868,
              47.734603197840684
            ],
            [
              -76.17819092019407,
              47.725536780970124
            ],
            [
              -76.16443571748435,
              47.725155559531025
            ],
            [
              -76.16270660822228,
              47.71835031253164
            ],
            [
              -76.15422065706846,
              47.71560861548052
            ],
            [
              -76.13546069217006,
              47.72038984408395
            ],
            [
              -76.13638285482931,
              47.723882779595534
            ],
            [
              -76.13182511926176,
              47.723688381770266
            ],
            [
              -76.13101312540851,
              47.71785702888337
            ],
            [
              -76.12610016021709,
              47.722680407868765
            ],
            [
              -76.11693745362871,
              47.71787388052044
            ],
            [
              -76.10454295709356,
              47.7247039571606
            ],
            [
              -76.08738852640208,
              47.72609173915277
            ],
            [
              -76.07458869858944,
              47.72140362798612
            ],
            [
              -76.05706779062818,
              47.73145665536635
            ],
            [
              -76.05344530173481,
              47.724750383466954
            ],
            [
              -76.02625338374911,
              47.72734884610002
            ],
            [
              -76.01580811384406,
              47.72375224899895
            ],
            [
              -76.00955328530647,
              47.72972530422596
            ],
            [
              -76.00311695394817,
              47.72799755324095
            ],
            [
              -76.00657292364755,
              47.733319507929096
            ],
            [
              -75.9874300756395,
              47.73839869759214
            ],
            [
              -75.98308390168434,
              47.743704199627324
            ],
            [
              -75.98579422850884,
              47.75286419695637
            ],
            [
              -75.99438352956945,
              47.75427858579505
            ],
            [
              -75.98593369576216,
              47.75495163128063
            ],
            [
              -75.9803007896785,
              47.763390480869056
            ],
            [
              -75.98583468638786,
              47.771771663947234
            ],
            [
              -75.93451554173821,
              47.800277894756604
            ],
            [
              -75.92170786353982,
              47.8019141315888
            ],
            [
              -75.9168810521371,
              47.79420811158609
            ],
            [
              -75.90531714800444,
              47.792214855788096
            ],
            [
              -75.89558645448419,
              47.80025940249568
            ],
            [
              -75.88892700397346,
              47.79778653740228
            ],
            [
              -75.85691174262786,
              47.80343131972527
            ],
            [
              -75.85164065928522,
              47.7978608260792
            ],
            [
              -75.8548919381218,
              47.79510872949868
            ],
            [
              -75.84890011385724,
              47.79282618140488
            ],
            [
              -75.85855225370709,
              47.788383080271025
            ],
            [
              -75.84855216801141,
              47.78542144924846
            ],
            [
              -75.85966998558095,
              47.78322626140498
            ],
            [
              -75.85684824398547,
              47.78694336011921
            ],
            [
              -75.86180753882688,
              47.78850020814427
            ],
            [
              -75.8673826044336,
              47.785535765426225
            ],
            [
              -75.86620650139882,
              47.7790799214569
            ],
            [
              -75.86239866827876,
              47.77069127629864
            ],
            [
              -75.85286934524765,
              47.77285806706686
            ],
            [
              -75.83178511554965,
              47.76755228716659
            ],
            [
              -75.8379775349385,
              47.750010907111395
            ],
            [
              -75.83057448281409,
              47.74383344746208
            ],
            [
              -75.84016699453005,
              47.738231140146645
            ],
            [
              -75.82784635213231,
              47.736135813363134
            ],
            [
              -75.83677756467668,
              47.73107861416353
            ],
            [
              -75.84778752454883,
              47.73236505287702
            ],
            [
              -75.85035354884923,
              47.726514856834974
            ],
            [
              -75.8424128485923,
              47.72083879828839
            ],
            [
              -75.85690728484924,
              47.713949821549846
            ],
            [
              -75.84773077867601,
              47.7134212658748
            ],
            [
              -75.84740509967348,
              47.704299555441786
            ],
            [
              -75.83066550889446,
              47.703428501048684
            ],
            [
              -75.83478225668752,
              47.69720990687833
            ],
            [
              -75.82114718708489,
              47.69757079154219
            ],
            [
              -75.83036306744008,
              47.68958338486396
            ],
            [
              -75.81771720256253,
              47.693925444115926
            ],
            [
              -75.81205573903797,
              47.68778402739228
            ],
            [
              -75.81589076265884,
              47.68077282110808
            ],
            [
              -75.81094931938564,
              47.67468961036118
            ],
            [
              -75.81461574960309,
              47.6743877511503
            ],
            [
              -75.80579769212613,
              47.66947738176173
            ],
            [
              -75.79178589452856,
              47.68147211329006
            ],
            [
              -75.78484858605701,
              47.68032270141546
            ],
            [
              -75.79764885221444,
              47.70908691041508
            ],
            [
              -75.78571062875007,
              47.725465087544734
            ],
            [
              -75.78613599014342,
              47.74848863717731
            ],
            [
              -75.77737604303722,
              47.75745297798768
            ],
            [
              -75.78247367456125,
              47.77573564365793
            ],
            [
              -75.79066291485886,
              47.780931618116604
            ],
            [
              -75.78568116166751,
              47.7860907961552
            ],
            [
              -75.78828996408639,
              47.79150391289616
            ],
            [
              -75.77451373990483,
              47.80692485194982
            ],
            [
              -75.77210424025094,
              47.8188278019402
            ],
            [
              -75.74250897833844,
              47.83079732014936
            ],
            [
              -75.72531896611993,
              47.84754279656086
            ],
            [
              -75.52064520631853,
              47.84774730164611
            ],
            [
              -75.52055473918372,
              49.00007948351347
            ],
            [
              -78.94993997298539,
              48.999732209305755
            ],
            [
              -79.0534748781767,
              48.99999570996907
            ],
            [
              -79.05353111834137,
              49.00952567938296
            ],
            [
              -79.51780276369172,
              49.00912919095614
            ],
            [
              -79.51750014593641,
              47.55054212738544
            ],
            [
              -79.51158387687731,
              47.540764816166146
            ],
            [
              -79.51927876344078,
              47.531876143387194
            ],
            [
              -79.54558605433247,
              47.524293345857124
            ],
            [
              -79.55589245182712,
              47.515988074034425
            ],
            [
              -79.55394767290096,
              47.495571448951544
            ],
            [
              -79.57414327354547,
              47.45918115623856
            ],
            [
              -79.57933774131425,
              47.43265221182936
            ],
            [
              -79.57030902591971,
              47.40206781051091
            ],
            [
              -79.55114135826784,
              47.37234499984005
            ],
            [
              -79.51277771248654,
              47.34464946146016
            ],
            [
              -79.50088817612723,
              47.32273192962915
            ],
            [
              -79.47680407663941,
              47.31814857613685
            ],
            [
              -79.48438775070959,
              47.305036927692576
            ],
            [
              -79.4639423279214,
              47.28673085085784
            ],
            [
              -79.45249735066812,
              47.28253610078062
            ],
            [
              -79.4342461920281,
              47.25889641099103
            ],
            [
              -79.42921825315473,
              47.238729455072914
            ],
            [
              -79.43930232989796,
              47.214979457821585
            ],
            [
              -79.42821848383213,
              47.19303529992561
            ],
            [
              -79.43919181875857,
              47.15903526100691
            ],
            [
              -79.44658094391937,
              47.11045167996003
            ],
            [
              -79.43266397807491,
              47.08056244693766
            ],
            [
              -79.39285507065414,
              47.04117307171118
            ],
            [
              -79.34751674019552,
              47.00895024688574
            ],
            [
              -79.33662651868936,
              46.98189445713808
            ],
            [
              -79.33734867272379,
              46.97067195331893
            ],
            [
              -79.31462486717662,
              46.932949128462035
            ],
            [
              -79.27962481780926,
              46.897281300537074
            ],
            [
              -79.24721842652126,
              46.8729805092843
            ],
            [
              -79.2415136813679,
              46.86102942066275
            ],
            [
              -79.23112393244777,
              46.85641776644578
            ],
            [
              -79.2272906310005,
              46.845278300858936
            ],
            [
              -79.21217839060718,
              46.83202772749672
            ],
            [
              -79.17725718579207,
              46.8293327708066
            ],
            [
              -79.16686698848636,
              46.821054696000836
            ],
            [
              -79.14172638724848,
              46.78372079527895
            ],
            [
              -79.11891949325052,
              46.73166467507025
            ],
            [
              -79.10058582808544,
              46.71147017273895
            ],
            [
              -79.09377998942279,
              46.68835883636515
            ],
            [
              -79.07430744766843,
              46.675608808279925
            ],
            [
              -79.07450191760519,
              46.664803251533414
            ],
            [
              -79.01561387171522,
              46.63146913007711
            ],
            [
              -79.00822490355766,
              46.605246348217165
            ],
            [
              -78.99428025573695,
              46.593440186000606
            ],
            [
              -78.99755828652646,
              46.571301028268685
            ],
            [
              -78.98786356682295,
              46.54702321282681
            ],
            [
              -78.88963746053084,
              46.46013323858571
            ],
            [
              -78.85466318007413,
              46.44118852222245
            ],
            [
              -78.79510534230037,
              46.42004937469397
            ],
            [
              -78.75718753523559,
              46.39471598042203
            ],
            [
              -78.72929817404564,
              46.38482712216787
            ],
            [
              -78.72227004915896,
              46.369299318983145
            ],
            [
              -78.72913170975711,
              46.34296605536487
            ],
            [
              -78.71127029106204,
              46.32499379630261
            ],
            [
              -78.68885287199203,
              46.31816015727335
            ],
            [
              -78.60015529786136,
              46.31899351469062
            ],
            [
              -78.50197118108832,
              46.29482797846853
            ],
            [
              -78.39484366354422,
              46.29254908322684
            ],
            [
              -78.37873192779445,
              46.288160163279215
            ],
            [
              -78.33675823420715,
              46.260493307755965
            ],
            [
              -78.30861861820391,
              46.25318764490016
            ],
            [
              -78.25264465300698,
              46.27613269231898
            ],
            [
              -78.21392911062098,
              46.26996602114782
            ],
            [
              -78.14698688720588,
              46.2769105274579
            ],
            [
              -78.04816685578207,
              46.23829791979424
            ],
            [
              -78.03224906047866,
              46.23782570846652
            ],
            [
              -78.02227515611874,
              46.24738098850434
            ],
            [
              -77.99121812091805,
              46.24799216106609
            ],
            [
              -77.93699446600978,
              46.22757521326041
            ],
            [
              -77.88032651743693,
              46.2188807404867
            ],
            [
              -77.84160364442515,
              46.20638047924171
            ],
            [
              -77.85450757723548,
              46.23260972895127
            ],
            [
              -77.84666726530499,
              46.249716403128794
            ],
            [
              -77.85451907945973,
              46.26573789839253
            ],
            [
              -77.85059449370026,
              46.27127267548484
            ],
            [
              -77.85332247218014,
              46.27720564533097
            ],
            [
              -77.84204402737063,
              46.28666882741187
            ]
          ]
        ]
      }
    },
    {
      "type": "Feature",
      "properties": {
        "nom": "Outaouais"
      },
      "geometry": {
        "type": "Polygon",
        "coordinates": [
          [
            [
              -75.5206521682676,
              47.847198865559044
            ],
            [
              -75.72531896611993,
              47.84754279656086
            ],
            [
              -75.74250897833844,
              47.83079732014936
            ],
            [
              -75.77210424025094,
              47.8188278019402
            ],
            [
              -75.77451373990483,
              47.80692485194982
            ],
            [
              -75.78828996408639,
              47.79150391289616
            ],
            [
              -75.78568116166751,
              47.7860907961552
            ],
            [
              -75.79066291485886,
              47.780931618116604
            ],
            [
              -75.78247367456125,
              47.77573564365793
            ],
            [
              -75.77737604303722,
              47.75745297798768
            ],
            [
              -75.78613599014342,
              47.74848863717731
            ],
            [
              -75.78571062875007,
              47.725465087544734
            ],
            [
              -75.79764885221444,
              47.70908691041508
            ],
            [
              -75.78484858605701,
              47.68032270141546
            ],
            [
              -75.79178589452856,
              47.68147211329006
            ],
            [
              -75.80579769212613,
              47.66947738176173
            ],
            [
              -75.81461574960309,
              47.6743877511503
            ],
            [
              -75.81094931938564,
              47.67468961036118
            ],
            [
              -75.81589076265884,
              47.68077282110808
            ],
            [
              -75.81205573903797,
              47.68778402739228
            ],
            [
              -75.81771720256253,
              47.693925444115926
            ],
            [
              -75.83036306744008,
              47.68958338486396
            ],
            [
              -75.82114718708489,
              47.69757079154219
            ],
            [
              -75.83478225668752,
              47.69720990687833
            ],
            [
              -75.83066550889446,
              47.703428501048684
            ],
            [
              -75.84740509967348,
              47.704299555441786
            ],
            [
              -75.84773077867601,
              47.7134212658748
            ],
            [
              -75.85690728484924,
              47.713949821549846
            ],
            [
              -75.8424128485923,
              47.72083879828839
            ],
            [
              -75.85035354884923,
              47.726514856834974
            ],
            [
              -75.84778752454883,
              47.73236505287702
            ],
            [
              -75.83677756467668,
              47.73107861416353
            ],
            [
              -75.8302614337382,
              47.73392814290552
            ],
            [
              -75.82784635213231,
              47.736135813363134
            ],
            [
              -75.84016699453005,
              47.738231140146645
            ],
            [
              -75.83057448281409,
              47.74383344746208
            ],
            [
              -75.8379775349385,
              47.750010907111395
            ],
            [
              -75.83178511554965,
              47.76755228716659
            ],
            [
              -75.85286934524765,
              47.77285806706686
            ],
            [
              -75.86239866827876,
              47.77069127629864
            ],
            [
              -75.86620650139882,
              47.7790799214569
            ],
            [
              -75.8673826044336,
              47.785535765426225
            ],
            [
              -75.86180753882688,
              47.78850020814427
            ],
            [
              -75.85684824398547,
              47.78694336011921
            ],
            [
              -75.85966998558095,
              47.78322626140498
            ],
            [
              -75.84855216801141,
              47.78542144924846
            ],
            [
              -75.85855225370709,
              47.788383080271025
            ],
            [
              -75.84890011385724,
              47.79282618140488
            ],
            [
              -75.8548919381218,
              47.79510872949868
            ],
            [
              -75.85164065928522,
              47.7978608260792
            ],
            [
              -75.85691174262786,
              47.80343131972527
            ],
            [
              -75.88892700397346,
              47.79778653740228
            ],
            [
              -75.89558645448419,
              47.80025940249568
            ],
            [
              -75.90531714800444,
              47.792214855788096
            ],
            [
              -75.9168810521371,
              47.79420811158609
            ],
            [
              -75.92170786353982,
              47.8019141315888
            ],
            [
              -75.93451554173821,
              47.800277894756604
            ],
            [
              -75.98583468638786,
              47.771771663947234
            ],
            [
              -75.9803007896785,
              47.763390480869056
            ],
            [
              -75.98593369576216,
              47.75495163128063
            ],
            [
              -75.99438352956945,
              47.75427858579505
            ],
            [
              -75.98579422850884,
              47.75286419695637
            ],
            [
              -75.98308390168434,
              47.743704199627324
            ],
            [
              -75.9874300756395,
              47.73839869759214
            ],
            [
              -76.00657292364755,
              47.733319507929096
            ],
            [
              -76.00311695394817,
              47.72799755324095
            ],
            [
              -76.00955328530647,
              47.72972530422596
            ],
            [
              -76.01580811384406,
              47.72375224899895
            ],
            [
              -76.02625338374911,
              47.72734884610002
            ],
            [
              -76.05344530173481,
              47.724750383466954
            ],
            [
              -76.05706779062818,
              47.73145665536635
            ],
            [
              -76.07458869858944,
              47.72140362798612
            ],
            [
              -76.08738852640208,
              47.72609173915277
            ],
            [
              -76.10454295709356,
              47.7247039571606
            ],
            [
              -76.11693745362871,
              47.71787388052044
            ],
            [
              -76.12610016021709,
              47.722680407868765
            ],
            [
              -76.13101312540851,
              47.71785702888337
            ],
            [
              -76.13182511926176,
              47.723688381770266
            ],
            [
              -76.13638285482931,
              47.723882779595534
            ],
            [
              -76.13546069217006,
              47.72038984408395
            ],
            [
              -76.15422065706846,
              47.71560861548052
            ],
            [
              -76.16270660822228,
              47.71835031253164
            ],
            [
              -76.16443571748435,
              47.725155559531025
            ],
            [
              -76.17819092019407,
              47.725536780970124
            ],
            [
              -76.16854834681868,
              47.734603197840684
            ],
            [
              -76.17552979706088,
              47.733300899319204
            ],
            [
              -76.17592010956152,
              47.73700790888816
            ],
            [
              -76.20462326999187,
              47.723736915490306
            ],
            [
              -76.22151071202019,
              47.72669350419411
            ],
            [
              -76.21683853454786,
              47.72784239858736
            ],
            [
              -76.21897938562334,
              47.73134671404497
            ],
            [
              -76.22795746857217,
              47.73034288647969
            ],
            [
              -76.22380555976505,
              47.726348248035585
            ],
            [
              -76.23873293337522,
              47.721741789630634
            ],
            [
              -76.24876200057784,
              47.709657006263505
            ],
            [
              -76.24493792499192,
              47.70676119297824
            ],
            [
              -76.2481021156693,
              47.70277187620327
            ],
            [
              -76.24307174109877,
              47.704148486649096
            ],
            [
              -76.24715298413714,
              47.70065850391159
            ],
            [
              -76.26662164912155,
              47.69439428103752
            ],
            [
              -76.27056459687188,
              47.68848351792264
            ],
            [
              -76.27510773740262,
              47.68837558269959
            ],
            [
              -76.27032693093692,
              47.68994925316559
            ],
            [
              -76.27161749652089,
              47.6914179863397
            ],
            [
              -76.29083457655628,
              47.68654338469626
            ],
            [
              -76.28810098804148,
              47.68063764988469
            ],
            [
              -76.30717381409664,
              47.666414176765784
            ],
            [
              -76.32446234522665,
              47.669095463405924
            ],
            [
              -76.33489863862941,
              47.65767827212264
            ],
            [
              -76.37263158880756,
              47.65151080543018
            ],
            [
              -76.38493682297076,
              47.661463323447435
            ],
            [
              -76.39013112202517,
              47.65438031708874
            ],
            [
              -76.40425773072653,
              47.65351148130785
            ],
            [
              -76.40197892436817,
              47.64763578148048
            ],
            [
              -76.41194250434451,
              47.643623063390706
            ],
            [
              -76.40198699894312,
              47.643345158799995
            ],
            [
              -76.40725221429288,
              47.63898694486939
            ],
            [
              -76.4151545011712,
              47.64099893682844
            ],
            [
              -76.41855729875572,
              47.63529855576976
            ],
            [
              -76.42605590680027,
              47.64034983622887
            ],
            [
              -76.42919525200715,
              47.6317615507243
            ],
            [
              -76.45882041261414,
              47.62746738769272
            ],
            [
              -76.46080505501614,
              47.624760561173005
            ],
            [
              -76.44991939352253,
              47.626699250976934
            ],
            [
              -76.46282875151842,
              47.62292620878982
            ],
            [
              -76.45731383284267,
              47.614828740757225
            ],
            [
              -76.47628341834529,
              47.61561680001675
            ],
            [
              -76.48159295867183,
              47.610895328025535
            ],
            [
              -76.47809647104344,
              47.606442122478754
            ],
            [
              -76.49352616561313,
              47.5998866267344
            ],
            [
              -76.46154179178379,
              47.59988034619295
            ],
            [
              -76.45145540979537,
              47.60416421633257
            ],
            [
              -76.44408063181591,
              47.59932443990065
            ],
            [
              -76.4223113722628,
              47.60755129019778
            ],
            [
              -76.41619994775107,
              47.6031124237716
            ],
            [
              -76.4213386171704,
              47.59988681102572
            ],
            [
              -76.41691673863185,
              47.599474504161584
            ],
            [
              -76.40763599879789,
              47.562323565683045
            ],
            [
              -76.41779649082618,
              47.51783026714492
            ],
            [
              -76.42481438271996,
              47.5129776470536
            ],
            [
              -76.57540858574008,
              47.60401070964313
            ],
            [
              -76.57572035866096,
              47.289796163551685
            ],
            [
              -77.0020490512537,
              47.290187408039195
            ],
            [
              -77.00227377090167,
              47.14535396883435
            ],
            [
              -77.43265932216157,
              47.14471702469014
            ],
            [
              -77.43263029090649,
              47.290317723945265
            ],
            [
              -77.64728202688337,
              47.29035899479545
            ],
            [
              -77.647275361719,
              47.2692808224409
            ],
            [
              -77.9312702647915,
              47.26938600089511
            ],
            [
              -77.92911521247827,
              47.26366885308989
            ],
            [
              -77.9256676277389,
              47.26766100388998
            ],
            [
              -77.91498137021064,
              47.258446775938076
            ],
            [
              -77.91847870385152,
              47.253338852958144
            ],
            [
              -77.90118252602696,
              47.24327839318752
            ],
            [
              -77.87884383876356,
              47.245285619577224
            ],
            [
              -77.85837557298936,
              47.23629136012582
            ],
            [
              -77.8572598796592,
              47.20759866961013
            ],
            [
              -77.85156151991647,
              47.199461729586
            ],
            [
              -77.84940273802364,
              47.17834667632299
            ],
            [
              -77.85627901221366,
              47.167560246274036
            ],
            [
              -77.84713617233199,
              47.149766115871145
            ],
            [
              -77.85386690923045,
              47.14634921900432
            ],
            [
              -77.84527001487677,
              47.141655667665354
            ],
            [
              -77.84551226605043,
              47.12304001368057
            ],
            [
              -77.8415561583984,
              47.11981183935348
            ],
            [
              -77.84651093062297,
              47.11560653144514
            ],
            [
              -77.84270403582208,
              47.11043348279995
            ],
            [
              -77.84732695682298,
              47.10512548973104
            ],
            [
              -77.82617681907129,
              47.10817916022747
            ],
            [
              -77.83241588891237,
              47.105803716550355
            ],
            [
              -77.83647472054925,
              47.088987733667864
            ],
            [
              -77.82809442776428,
              47.07932444952113
            ],
            [
              -77.82794764176089,
              47.06016442346137
            ],
            [
              -77.83804745939204,
              47.05290387981791
            ],
            [
              -77.83309923599094,
              47.04554875587548
            ],
            [
              -77.84504680338112,
              47.03968748136776
            ],
            [
              -77.85046058092469,
              47.01746612954897
            ],
            [
              -77.84701183954101,
              47.00534389676943
            ],
            [
              -77.84352127431401,
              47.01456103341347
            ],
            [
              -77.83514822802172,
              47.019488030601785
            ],
            [
              -77.83406656600903,
              47.01307927662576
            ],
            [
              -77.82834913128025,
              47.01483699817953
            ],
            [
              -77.84476730174433,
              46.995033587222416
            ],
            [
              -77.84209400127656,
              46.96965949427705
            ],
            [
              -77.83610479491982,
              46.966113074992194
            ],
            [
              -77.84330908842848,
              46.95730236723482
            ],
            [
              -77.84271189355562,
              46.940783128609006
            ],
            [
              -77.83384463509725,
              46.92593487964321
            ],
            [
              -77.8484957895744,
              46.88234671893426
            ],
            [
              -77.84374271991763,
              46.87170588344621
            ],
            [
              -77.8494621688747,
              46.8722233422582
            ],
            [
              -77.85080015827221,
              46.89155886530788
            ],
            [
              -77.84371764436179,
              46.90590146595222
            ],
            [
              -77.84540284722426,
              46.92865148553112
            ],
            [
              -77.85608079105313,
              46.94119230203951
            ],
            [
              -77.86044609116219,
              46.91802891210845
            ],
            [
              -77.88768911219712,
              46.88797782297927
            ],
            [
              -77.8791416788144,
              46.88267426253183
            ],
            [
              -77.88401386709276,
              46.879268816752116
            ],
            [
              -77.88189153279836,
              46.86355067632185
            ],
            [
              -77.8857782244401,
              46.85708920509644
            ],
            [
              -77.89487166528183,
              46.855251441368374
            ],
            [
              -77.88977103986926,
              46.8481702834698
            ],
            [
              -77.89499746374058,
              46.84947414143162
            ],
            [
              -77.89232402529389,
              46.84395588366936
            ],
            [
              -77.88453221301766,
              46.83718609694816
            ],
            [
              -77.88867817235896,
              46.83680299168961
            ],
            [
              -77.87527674526478,
              46.83051434631182
            ],
            [
              -77.87811716293571,
              46.82779021973772
            ],
            [
              -77.89087606271416,
              46.83306976398341
            ],
            [
              -77.88917586570243,
              46.82864612535092
            ],
            [
              -77.89352564444846,
              46.8316070806218
            ],
            [
              -77.89518194381358,
              46.82976062824546
            ],
            [
              -77.8831927490189,
              46.82177329152657
            ],
            [
              -77.8760445599295,
              46.8246484003294
            ],
            [
              -77.8634929032493,
              46.81965263211897
            ],
            [
              -77.85793280385705,
              46.82420799911737
            ],
            [
              -77.85688049802022,
              46.81937134538707
            ],
            [
              -77.85496355626323,
              46.81818852528711
            ],
            [
              -77.85610762702638,
              46.82198948384605
            ],
            [
              -77.84922374261748,
              46.82082034298369
            ],
            [
              -77.84836298482088,
              46.81574748320604
            ],
            [
              -77.84965512733538,
              46.81658693128027
            ],
            [
              -77.85226054803475,
              46.81491879388763
            ],
            [
              -77.85249321699432,
              46.813746513687455
            ],
            [
              -77.84831305144527,
              46.81217644163217
            ],
            [
              -77.84590760335388,
              46.81923105988445
            ],
            [
              -77.82738947402981,
              46.81763902250465
            ],
            [
              -77.82635437827503,
              46.82350777450064
            ],
            [
              -77.84114676202705,
              46.83173806912752
            ],
            [
              -77.82062834416024,
              46.82143279943693
            ],
            [
              -77.82108293884383,
              46.80681725005661
            ],
            [
              -77.82707992866315,
              46.80505649848858
            ],
            [
              -77.83079625636095,
              46.80964655705351
            ],
            [
              -77.83678451719521,
              46.80806534851475
            ],
            [
              -77.82961269925566,
              46.80256205196599
            ],
            [
              -77.83741745377654,
              46.79183717686483
            ],
            [
              -77.83179220944325,
              46.7772654127773
            ],
            [
              -77.83832693024716,
              46.77357252987142
            ],
            [
              -77.82501814783728,
              46.763768214916446
            ],
            [
              -77.8269202050048,
              46.75912193507542
            ],
            [
              -77.82869212214625,
              46.7646342758827
            ],
            [
              -77.83223005512262,
              46.76263190039168
            ],
            [
              -77.82903761080219,
              46.760051012125444
            ],
            [
              -77.83348002897928,
              46.75704844542999
            ],
            [
              -77.8248989962808,
              46.73861511385455
            ],
            [
              -77.82913367813546,
              46.733078051758596
            ],
            [
              -77.82466978468167,
              46.72337746839971
            ],
            [
              -77.82880990381716,
              46.720963354813335
            ],
            [
              -77.81748830795566,
              46.70997440856896
            ],
            [
              -77.82345984654454,
              46.70600091064353
            ],
            [
              -77.82325950982023,
              46.69940870558534
            ],
            [
              -77.83748278416194,
              46.69553666628646
            ],
            [
              -77.83159266633076,
              46.68677962514586
            ],
            [
              -77.83370787328158,
              46.67923370382315
            ],
            [
              -77.8525571775008,
              46.668756181234734
            ],
            [
              -77.85018855223069,
              46.66390790856059
            ],
            [
              -77.86180251934924,
              46.65648289080809
            ],
            [
              -77.85633506515718,
              46.64266585582517
            ],
            [
              -77.83328742657989,
              46.6233328117749
            ],
            [
              -77.78787695177506,
              46.60596741509306
            ],
            [
              -77.7813487950128,
              46.589864455782696
            ],
            [
              -77.77400791005095,
              46.584566347266254
            ],
            [
              -77.7763923623883,
              46.579969367406555
            ],
            [
              -77.77249651339326,
              46.582990734081044
            ],
            [
              -77.7759793789955,
              46.577382891005286
            ],
            [
              -77.78843535251548,
              46.57115237340625
            ],
            [
              -77.77897748306076,
              46.557844170685236
            ],
            [
              -77.77870725989061,
              46.54689796991606
            ],
            [
              -77.76891235846541,
              46.54513571308911
            ],
            [
              -77.76761172116403,
              46.53631517171369
            ],
            [
              -77.78406808776691,
              46.52760252552182
            ],
            [
              -77.783683819286,
              46.52401707195576
            ],
            [
              -77.75841881682743,
              46.51310567836313
            ],
            [
              -77.75597796622182,
              46.505017229158895
            ],
            [
              -77.76266623823655,
              46.50293727050616
            ],
            [
              -77.75801557447464,
              46.500712281361395
            ],
            [
              -77.75657151311543,
              46.4917581699687
            ],
            [
              -77.7616102374439,
              46.488265843162814
            ],
            [
              -77.76518497432937,
              46.47502776983525
            ],
            [
              -77.76218313136079,
              46.47530389302098
            ],
            [
              -77.76840875360367,
              46.466930750362565
            ],
            [
              -77.7664763061685,
              46.45883686313176
            ],
            [
              -77.77131772993211,
              46.46044756916782
            ],
            [
              -77.7760271537683,
              46.45305352773983
            ],
            [
              -77.76637859984187,
              46.445639264980954
            ],
            [
              -77.76607350921205,
              46.45044708578054
            ],
            [
              -77.76339020731459,
              46.45036880789341
            ],
            [
              -77.76614200580866,
              46.44610076406741
            ],
            [
              -77.75911774272278,
              46.438377876134666
            ],
            [
              -77.7654330020607,
              46.430660623577864
            ],
            [
              -77.76133729749499,
              46.42853757442264
            ],
            [
              -77.7622911432146,
              46.43265675105124
            ],
            [
              -77.75675999726914,
              46.42130034445387
            ],
            [
              -77.74238346460449,
              46.41210948462356
            ],
            [
              -77.74011529299082,
              46.40328997228697
            ],
            [
              -77.74139126253195,
              46.4044997054252
            ],
            [
              -77.7416760072842,
              46.40099676183883
            ],
            [
              -77.74611786373151,
              46.40074151958942
            ],
            [
              -77.74872050443408,
              46.39910262819957
            ],
            [
              -77.7496296806193,
              46.397914083962604
            ],
            [
              -77.74631977777186,
              46.40046938153545
            ],
            [
              -77.7414448969407,
              46.39826414440255
            ],
            [
              -77.76616154428825,
              46.38962580883331
            ],
            [
              -77.774797120467,
              46.372399284609706
            ],
            [
              -77.80674468555009,
              46.357049318601305
            ],
            [
              -77.82596533056048,
              46.33294040575197
            ],
            [
              -77.82521511032812,
              46.32285423813407
            ],
            [
              -77.8387895590043,
              46.314481593125976
            ],
            [
              -77.84078102317953,
              46.29926184353694
            ],
            [
              -77.84628687659604,
              46.29510337759706
            ],
            [
              -77.84146746326118,
              46.28750334657577
            ],
            [
              -77.8532125781711,
              46.277485846382135
            ],
            [
              -77.85059449370026,
              46.27127267548484
            ],
            [
              -77.85451907945973,
              46.26573789839253
            ],
            [
              -77.84666726530499,
              46.249716403128794
            ],
            [
              -77.85449960420144,
              46.23228591589845
            ],
            [
              -77.84160364442515,
              46.20638047924171
            ],
            [
              -77.80115781269703,
              46.202685729521846
            ],
            [
              -77.77590726841173,
              46.192991080103106
            ],
            [
              -77.72584975391824,
              46.19360158553343
            ],
            [
              -77.69423803438507,
              46.182406838158066
            ],
            [
              -77.68059858932251,
              46.19746212927159
            ],
            [
              -77.66907053732699,
              46.19557302649543
            ],
            [
              -77.56848509043142,
              46.15787657693565
            ],
            [
              -77.3775574944147,
              46.06484078932448
            ],
            [
              -77.31289564750593,
              46.02754585109183
            ],
            [
              -77.28371225201133,
              46.01862152393977
            ],
            [
              -77.27765569530695,
              46.01115344197514
            ],
            [
              -77.28811448680612,
              45.979541769246175
            ],
            [
              -77.27358584775222,
              45.94478222612449
            ],
            [
              -77.23747674876384,
              45.92280552410381
            ],
            [
              -77.23286526413439,
              45.91093418133475
            ],
            [
              -77.19735451065772,
              45.87067395022763
            ],
            [
              -77.16484774916987,
              45.86265221335733
            ],
            [
              -77.12177848293452,
              45.84101954268597
            ],
            [
              -77.07905262409344,
              45.8332456323096
            ],
            [
              -77.04932548908323,
              45.809502342673134
            ],
            [
              -77.02618995423057,
              45.80727960533921
            ],
            [
              -76.991530033882,
              45.786648482437045
            ],
            [
              -76.9456940569269,
              45.7888464038555
            ],
            [
              -76.91195263663681,
              45.8093335637954
            ],
            [
              -76.92564801552795,
              45.8460796783353
            ],
            [
              -76.9056888610716,
              45.84771261050057
            ],
            [
              -76.90252250865194,
              45.85458100479124
            ],
            [
              -76.92298393991818,
              45.87088013560226
            ],
            [
              -76.92998411983996,
              45.888369061212146
            ],
            [
              -76.92310496521401,
              45.895469346706335
            ],
            [
              -76.89563566935959,
              45.89810971237633
            ],
            [
              -76.86954367911765,
              45.89156073344793
            ],
            [
              -76.84141554876513,
              45.891173991638816
            ],
            [
              -76.8061956847665,
              45.8766046977723
            ],
            [
              -76.78062681302472,
              45.87363404241333
            ],
            [
              -76.7743678696271,
              45.859102665259734
            ],
            [
              -76.76471406866642,
              45.85072367628594
            ],
            [
              -76.76951694639273,
              45.830221796638476
            ],
            [
              -76.76491826268641,
              45.806180785812955
            ],
            [
              -76.7806459219719,
              45.78500610656321
            ],
            [
              -76.76821563720273,
              45.755695330194776
            ],
            [
              -76.77071200445373,
              45.74934024401674
            ],
            [
              -76.7662036107337,
              45.7468160917926
            ],
            [
              -76.76928340355707,
              45.73359227043431
            ],
            [
              -76.75131516477299,
              45.72429483566758
            ],
            [
              -76.71954039583323,
              45.71955748427708
            ],
            [
              -76.70516920228044,
              45.72180372929016
            ],
            [
              -76.69186349482835,
              45.71014777891736
            ],
            [
              -76.69577360824046,
              45.70034823309573
            ],
            [
              -76.68674028893165,
              45.68565824002162
            ],
            [
              -76.6902106334938,
              45.679135594770074
            ],
            [
              -76.70381263272739,
              45.67618200567234
            ],
            [
              -76.70941371750281,
              45.6641922444055
            ],
            [
              -76.6832149339533,
              45.63199568613394
            ],
            [
              -76.67013779004922,
              45.625508787615814
            ],
            [
              -76.67423833080666,
              45.585242155638056
            ],
            [
              -76.65761455101445,
              45.559455237011655
            ],
            [
              -76.6049456261632,
              45.53190160566248
            ],
            [
              -76.49689536586942,
              45.51396873135015
            ],
            [
              -76.47604119017576,
              45.50488954272062
            ],
            [
              -76.4401283037478,
              45.498566483212265
            ],
            [
              -76.36900879174446,
              45.45875208454322
            ],
            [
              -76.34888691983983,
              45.45586132092395
            ],
            [
              -76.27283506685677,
              45.469206682480234
            ],
            [
              -76.24364996605127,
              45.46746975044469
            ],
            [
              -76.23819386667968,
              45.472445049525454
            ],
            [
              -76.23309604110867,
              45.50817464281343
            ],
            [
              -76.205689806888,
              45.517928943651164
            ],
            [
              -76.09347827465653,
              45.517098367337155
            ],
            [
              -75.98356499967151,
              45.475799650021195
            ],
            [
              -75.84998105490817,
              45.37649146377213
            ],
            [
              -75.81467343595797,
              45.3734813447523
            ],
            [
              -75.78340709550945,
              45.384161536898304
            ],
            [
              -75.75813775250039,
              45.41195038071067
            ],
            [
              -75.70514967299233,
              45.42439469807023
            ],
            [
              -75.6959629369283,
              45.447708615435445
            ],
            [
              -75.6811043209972,
              45.45943612106173
            ],
            [
              -75.57847879020295,
              45.474311646914416
            ],
            [
              -75.55104495286487,
              45.48340042561523
            ],
            [
              -75.53123159760449,
              45.49897244010076
            ],
            [
              -75.48182463547482,
              45.514132439753595
            ],
            [
              -75.39411106218603,
              45.52436549116118
            ],
            [
              -75.34607671227825,
              45.53699453931473
            ],
            [
              -75.31300806726868,
              45.548749763693586
            ],
            [
              -75.23894297979157,
              45.58644673619044
            ],
            [
              -75.20569761282229,
              45.58764299477206
            ],
            [
              -75.17141514652526,
              45.57715152540359
            ],
            [
              -75.12342243456459,
              45.57743730843462
            ],
            [
              -75.00417570805232,
              45.60409481788668
            ],
            [
              -74.97514308750388,
              45.61767878039306
            ],
            [
              -74.93809112241897,
              45.64497518656133
            ],
            [
              -74.8458322869865,
              45.63721821901435
            ],
            [
              -74.80776854537268,
              45.6383271257559
            ],
            [
              -74.76986475120806,
              45.76473622980226
            ],
            [
              -74.73531938095381,
              45.85226248605346
            ],
            [
              -74.72645747099665,
              45.85237316343384
            ],
            [
              -74.71499788416568,
              45.88832334098685
            ],
            [
              -74.71035125323893,
              45.93165060650219
            ],
            [
              -74.69876202972402,
              45.97178543475299
            ],
            [
              -74.76314807438078,
              45.97268453427069
            ],
            [
              -74.76307084808573,
              45.94573490672535
            ],
            [
              -74.80130491084113,
              45.94510531305228
            ],
            [
              -74.79990090554035,
              45.958977995451335
            ],
            [
              -74.80646710971062,
              45.95862821312291
            ],
            [
              -74.80890338574262,
              45.97303338445313
            ],
            [
              -74.83173391740003,
              45.973130295531774
            ],
            [
              -74.83138615481617,
              46.003069108592804
            ],
            [
              -74.83760831990072,
              46.00306100733558
            ],
            [
              -74.83763204007089,
              46.01677910964543
            ],
            [
              -74.85797385788852,
              46.01677719980784
            ],
            [
              -74.85861988984048,
              46.06075257618144
            ],
            [
              -74.93945305002312,
              46.06173799600944
            ],
            [
              -74.93954642079822,
              46.10554233136371
            ],
            [
              -75.08979289095673,
              46.103140661719635
            ],
            [
              -75.07403705636182,
              46.215302003159394
            ],
            [
              -75.11739054989913,
              46.21521399533319
            ],
            [
              -75.11656046398275,
              46.18479183428079
            ],
            [
              -75.13764571406747,
              46.18495528142641
            ],
            [
              -75.13728080183267,
              46.16057740936231
            ],
            [
              -75.15631004621453,
              46.160612962572294
            ],
            [
              -75.15593387163722,
              46.132304885847546
            ],
            [
              -75.17698065769012,
              46.13231372496849
            ],
            [
              -75.17636280698298,
              46.10341826315171
            ],
            [
              -75.21063535044804,
              46.103264337691236
            ],
            [
              -75.21066516098682,
              46.09782122177741
            ],
            [
              -75.40715979775838,
              46.097871315520216
            ],
            [
              -75.40721207491241,
              45.97295983455686
            ],
            [
              -75.59916176287553,
              45.97145896618506
            ],
            [
              -75.59915526890155,
              45.994660672080926
            ],
            [
              -75.62076908112181,
              45.994721707172346
            ],
            [
              -75.62086583610572,
              45.98274340415764
            ],
            [
              -75.6631320171408,
              45.98194802722532
            ],
            [
              -75.66753077659344,
              45.97036465909336
            ],
            [
              -75.74575591991842,
              45.97300950419983
            ],
            [
              -75.77196172804152,
              45.95463685499561
            ],
            [
              -75.77724956565164,
              45.952899010477694
            ],
            [
              -75.78475214075573,
              45.95975453730757
            ],
            [
              -75.77414889193169,
              45.96783731111779
            ],
            [
              -75.77594783192292,
              45.972285203787216
            ],
            [
              -75.78277700000498,
              45.97006982512322
            ],
            [
              -75.7746923559113,
              45.97690935761674
            ],
            [
              -75.78120082837061,
              45.980191370888804
            ],
            [
              -75.77632781423186,
              45.985712186023385
            ],
            [
              -75.76827436354151,
              45.98566090235946
            ],
            [
              -75.74822874803378,
              45.999045333461574
            ],
            [
              -75.75000311800942,
              46.00340286811631
            ],
            [
              -75.74025014195284,
              46.00564183490877
            ],
            [
              -75.7455174458828,
              46.00760222901221
            ],
            [
              -75.69727736621974,
              46.02389847480515
            ],
            [
              -75.76442165947938,
              46.02222896765451
            ],
            [
              -75.76831373424635,
              46.17418546788713
            ],
            [
              -75.7900977715258,
              46.17417923494973
            ],
            [
              -75.79441599061276,
              46.1701833580977
            ],
            [
              -75.79901592350161,
              46.174130800558046
            ],
            [
              -75.79718393050301,
              46.1810130677842
            ],
            [
              -75.80574028658371,
              46.18349431282958
            ],
            [
              -75.81030202617012,
              46.195391800615724
            ],
            [
              -75.81010723729041,
              46.20866153183448
            ],
            [
              -75.80247998047138,
              46.21683683052438
            ],
            [
              -75.81314729676087,
              46.224925870411425
            ],
            [
              -75.81194574111773,
              46.23340300087408
            ],
            [
              -75.7981705966565,
              46.24619602959623
            ],
            [
              -75.78303570080281,
              46.28201953120474
            ],
            [
              -75.78835718961079,
              46.29347464787862
            ],
            [
              -75.81457275154041,
              46.30636028188754
            ],
            [
              -75.70704462080062,
              46.30917502598707
            ],
            [
              -75.70600651810042,
              46.43882559252497
            ],
            [
              -75.74521641819628,
              46.43826621274111
            ],
            [
              -75.75153601481887,
              46.66371469862626
            ],
            [
              -75.74706310875172,
              46.71211277376296
            ],
            [
              -75.74695988494723,
              46.84483369648589
            ],
            [
              -75.81094362650079,
              46.84489948570631
            ],
            [
              -75.81430161358891,
              46.83365886072447
            ],
            [
              -75.82584925271631,
              46.82546275188167
            ],
            [
              -75.85875771574474,
              46.81417292459941
            ],
            [
              -75.87145715247844,
              46.819131532853774
            ],
            [
              -75.89000764538395,
              46.81551082345046
            ],
            [
              -75.89941447602689,
              46.820653007878114
            ],
            [
              -75.91201420428482,
              46.84234036686562
            ],
            [
              -75.95176991919837,
              46.86950241854931
            ],
            [
              -75.99437563124738,
              46.88777224765095
            ],
            [
              -76.01972916162745,
              46.88614908426918
            ],
            [
              -76.01994078944183,
              46.89406911654929
            ],
            [
              -76.01456165461502,
              46.89389349875791
            ],
            [
              -76.01549205521641,
              46.89696516821691
            ],
            [
              -76.03665579768631,
              46.89001770315237
            ],
            [
              -76.05019953182087,
              46.89616220755461
            ],
            [
              -76.05207139009839,
              46.903051676593016
            ],
            [
              -76.06525310534165,
              46.901006336677845
            ],
            [
              -76.08037968614809,
              46.908619615247595
            ],
            [
              -76.08333064885485,
              46.90558067162277
            ],
            [
              -76.08442525680054,
              46.91171111157146
            ],
            [
              -76.09706636923299,
              46.9136095013208
            ],
            [
              -76.09188066581368,
              46.917063664111936
            ],
            [
              -76.09258140547891,
              46.92161826582143
            ],
            [
              -76.1069101804075,
              46.91215033564769
            ],
            [
              -76.11483926077037,
              46.919518200494394
            ],
            [
              -76.12803815234359,
              46.920920276137366
            ],
            [
              -76.13722388798004,
              46.93727783038809
            ],
            [
              -76.13286872153101,
              46.9691553377572
            ],
            [
              -76.13892920246732,
              46.97861151702249
            ],
            [
              -76.12844940653103,
              46.98485727150095
            ],
            [
              -76.13980787127701,
              46.99457335057229
            ],
            [
              -76.13907992565487,
              47.001138231669024
            ],
            [
              -76.14847526929735,
              47.006178266068495
            ],
            [
              -76.13044489149695,
              47.019570610039985
            ],
            [
              -76.11898362168735,
              47.02010878963621
            ],
            [
              -76.10235822807174,
              47.030487665055894
            ],
            [
              -76.10613511867356,
              47.033955195449884
            ],
            [
              -76.1021952765857,
              47.03647846203351
            ],
            [
              -76.10291659387086,
              47.04744707477771
            ],
            [
              -76.09790662645867,
              47.05035331847067
            ],
            [
              -76.09946538376316,
              47.100565232523984
            ],
            [
              -76.0910411497842,
              47.13057277674647
            ],
            [
              -76.09952493755806,
              47.1505825615993
            ],
            [
              -76.09797041768674,
              47.16786709745696
            ],
            [
              -76.1031785069826,
              47.17348964913187
            ],
            [
              -76.09570925132391,
              47.182495322916374
            ],
            [
              -76.10046697900037,
              47.183231686823234
            ],
            [
              -76.09858534346718,
              47.18429560607858
            ],
            [
              -76.09135375587032,
              47.18266877413823
            ],
            [
              -76.08989606845611,
              47.18348217233423
            ],
            [
              -76.09405951126963,
              47.187743041835766
            ],
            [
              -76.07748049173416,
              47.18838475767696
            ],
            [
              -76.0522810882203,
              47.19877812647278
            ],
            [
              -76.0414661074805,
              47.197862766805855
            ],
            [
              -76.03999708359079,
              47.19374581620751
            ],
            [
              -76.02966369324243,
              47.19522413290475
            ],
            [
              -76.03221687160874,
              47.19003501795477
            ],
            [
              -76.02354399056911,
              47.18887481515275
            ],
            [
              -76.00293917361277,
              47.19937529475999
            ],
            [
              -75.97618756093779,
              47.2031693175577
            ],
            [
              -75.9419111665675,
              47.2368404745018
            ],
            [
              -75.91998466008853,
              47.24662686904849
            ],
            [
              -75.924384691684,
              47.247755556035536
            ],
            [
              -75.87772033548453,
              47.28530248114278
            ],
            [
              -75.86587786819419,
              47.29281191187414
            ],
            [
              -75.85873507069596,
              47.29196258105312
            ],
            [
              -75.8269893769401,
              47.31281231180782
            ],
            [
              -75.80343615051218,
              47.318545722768654
            ],
            [
              -75.79573853989595,
              47.31844472109175
            ],
            [
              -75.74688948593953,
              47.29306326715904
            ],
            [
              -75.74783604434869,
              47.27292816587552
            ],
            [
              -75.71292155815814,
              47.26902340277967
            ],
            [
              -75.7143884172335,
              47.28568388539883
            ],
            [
              -75.69057245840786,
              47.27765597615066
            ],
            [
              -75.68382206818487,
              47.278322642554
            ],
            [
              -75.67859964810233,
              47.285572636950654
            ],
            [
              -75.64783921332229,
              47.28175773468339
            ],
            [
              -75.65219626773491,
              47.27050632867971
            ],
            [
              -75.64669372026754,
              47.253517523181706
            ],
            [
              -75.63909880637551,
              47.25012327296647
            ],
            [
              -75.62216107961049,
              47.22857582222997
            ],
            [
              -75.62901569601671,
              47.21885872636201
            ],
            [
              -75.6204526003571,
              47.20012698671058
            ],
            [
              -75.62880877110246,
              47.199246285203586
            ],
            [
              -75.62583800537828,
              47.180945704375745
            ],
            [
              -75.59482919130681,
              47.18544509145532
            ],
            [
              -75.572595626777,
              47.20673275486436
            ],
            [
              -75.55934722834624,
              47.207317964535804
            ],
            [
              -75.52081293654496,
              47.25264268353152
            ],
            [
              -75.50391961248235,
              47.2596994514049
            ],
            [
              -75.4925227608594,
              47.27291480003225
            ],
            [
              -75.47345495628475,
              47.28239563438982
            ],
            [
              -75.46612229306837,
              47.306582438607315
            ],
            [
              -75.45736827812689,
              47.317525632750765
            ],
            [
              -75.4738573997331,
              47.338927278480334
            ],
            [
              -75.46043956190805,
              47.367897940725136
            ],
            [
              -75.38903963734491,
              47.428212365519975
            ],
            [
              -75.37760992851915,
              47.47122849791881
            ],
            [
              -75.30802965909739,
              47.54792288822374
            ],
            [
              -75.31023468155036,
              47.555345911315726
            ],
            [
              -75.31931071547228,
              47.55357204463828
            ],
            [
              -75.32932045775881,
              47.56285033568789
            ],
            [
              -75.33913553720562,
              47.56396184443942
            ],
            [
              -75.34475443187749,
              47.57196324747457
            ],
            [
              -75.35550220605792,
              47.56692071220136
            ],
            [
              -75.3602895230011,
              47.570222718521066
            ],
            [
              -75.36560632408829,
              47.594187385119106
            ],
            [
              -75.35409909367655,
              47.610033242150195
            ],
            [
              -75.36960156758697,
              47.627151828207545
            ],
            [
              -75.3799531806251,
              47.62203234693978
            ],
            [
              -75.39566287899632,
              47.60126549494067
            ],
            [
              -75.39053274512206,
              47.58942271827296
            ],
            [
              -75.41419593410299,
              47.588637408116305
            ],
            [
              -75.42894148774818,
              47.61616145586673
            ],
            [
              -75.41935086681333,
              47.63010013150885
            ],
            [
              -75.44567685619468,
              47.65534621638338
            ],
            [
              -75.4465149932732,
              47.66362401866548
            ],
            [
              -75.45605518638148,
              47.672575572673786
            ],
            [
              -75.47338572328624,
              47.672583443916494
            ],
            [
              -75.47394131209064,
              47.67899068691216
            ],
            [
              -75.48647484545495,
              47.690378847175495
            ],
            [
              -75.50557774571936,
              47.69823578558769
            ],
            [
              -75.51369787963691,
              47.71018378613133
            ],
            [
              -75.52460641643101,
              47.71098452177962
            ],
            [
              -75.52919404323931,
              47.723891627629484
            ],
            [
              -75.52488993541151,
              47.73051202887044
            ],
            [
              -75.53359839178755,
              47.7347383361591
            ],
            [
              -75.53095074898135,
              47.74608444707734
            ],
            [
              -75.54253335594389,
              47.75657396423313
            ],
            [
              -75.53861472425606,
              47.76327125946837
            ],
            [
              -75.52108295628422,
              47.76332788424836
            ],
            [
              -75.5206521682676,
              47.847198865559044
            ]
          ]
        ]
      }
    },
    {
      "type": "Feature",
      "properties": {
        "nom": "Chaudière-Appalaches"
      },
      "geometry": {
        "type": "Polygon",
        "coordinates": [
          [
            [
              -70.07300835780016,
              47.32273593080212
            ],
            [
              -70.19739291440044,
              47.41195341035577
            ],
            [
              -70.30043339496521,
              47.32659899886138
            ],
            [
              -70.3939671657624,
              47.29051424476853
            ],
            [
              -70.45494281318642,
              47.25351427060603
            ],
            [
              -70.47899999958639,
              47.22706949342571
            ],
            [
              -70.50423539121891,
              47.18454567654251
            ],
            [
              -70.52436407574532,
              47.164846424601464
            ],
            [
              -70.59800666902366,
              47.10756902261519
            ],
            [
              -70.67453862639493,
              47.065680708061564
            ],
            [
              -70.68542814504531,
              47.050514025172696
            ],
            [
              -70.70129068630177,
              47.00645840831266
            ],
            [
              -70.71123568905497,
              46.99718059143058
            ],
            [
              -70.8424641996467,
              46.92006999310079
            ],
            [
              -70.94085689485215,
              46.88368096864673
            ],
            [
              -70.99066467156908,
              46.85076500343436
            ],
            [
              -71.08330718555281,
              46.83893178724604
            ],
            [
              -71.13675368182992,
              46.83765427517176
            ],
            [
              -71.1702281428255,
              46.84427225510738
            ],
            [
              -71.19456841314448,
              46.83019121190714
            ],
            [
              -71.18764775938976,
              46.82511463730198
            ],
            [
              -71.19742317416005,
              46.80371014138661
            ],
            [
              -71.21167393184933,
              46.7874601521736
            ],
            [
              -71.27198225177841,
              46.75007175581099
            ],
            [
              -71.32887333154315,
              46.7399055781122
            ],
            [
              -71.36223592290303,
              46.72535022950264
            ],
            [
              -71.46696253880637,
              46.711906334553454
            ],
            [
              -71.52110704047189,
              46.700024081644536
            ],
            [
              -71.56677266190215,
              46.68385137631389
            ],
            [
              -71.61252447606178,
              46.67707369254885
            ],
            [
              -71.67552722376323,
              46.65229576114858
            ],
            [
              -71.77278078371488,
              46.64796299393446
            ],
            [
              -71.79264245992935,
              46.653490833145426
            ],
            [
              -71.8365329526972,
              46.67651862041675
            ],
            [
              -71.87203449691106,
              46.67740763128267
            ],
            [
              -71.88970188925254,
              46.66821321910562
            ],
            [
              -71.9258982800248,
              46.63410259408601
            ],
            [
              -71.97567837156988,
              46.61488092406092
            ],
            [
              -72.02415292123901,
              46.57710321296765
            ],
            [
              -72.05432077703634,
              46.570519692765295
            ],
            [
              -71.76015904603238,
              46.36379674358639
            ],
            [
              -71.6175502189033,
              46.45159624648849
            ],
            [
              -71.56622536656229,
              46.41369096191449
            ],
            [
              -71.53149288622907,
              46.434347191630245
            ],
            [
              -71.47867091333478,
              46.39569148196779
            ],
            [
              -71.50805704095542,
              46.37650090068787
            ],
            [
              -71.48159275142496,
              46.35616151718108
            ],
            [
              -71.50847384329322,
              46.33838845522609
            ],
            [
              -71.37178755351881,
              46.26810863111407
            ],
            [
              -71.41914963041194,
              46.22328256684444
            ],
            [
              -71.43465861525107,
              46.23086884158988
            ],
            [
              -71.44556444620136,
              46.22032586541631
            ],
            [
              -71.46668565419485,
              46.23122101452597
            ],
            [
              -71.48550416933328,
              46.213727795893
            ],
            [
              -71.48799849684906,
              46.20914347402631
            ],
            [
              -71.48329059407251,
              46.20678096779022
            ],
            [
              -71.52886118539436,
              46.16284831571646
            ],
            [
              -71.52264397105048,
              46.15973778040585
            ],
            [
              -71.53364958001988,
              46.14905597020046
            ],
            [
              -71.50975477601382,
              46.13709420500392
            ],
            [
              -71.68592589455399,
              45.96705207676835
            ],
            [
              -71.56201577205695,
              45.905915621660256
            ],
            [
              -71.55154411224338,
              45.91622250179485
            ],
            [
              -71.45561377151749,
              45.87226401760673
            ],
            [
              -71.46720255888016,
              45.82223812360532
            ],
            [
              -71.39262227878372,
              45.76885507900865
            ],
            [
              -71.3610276692851,
              45.78609601707398
            ],
            [
              -71.34052641599446,
              45.809651436839886
            ],
            [
              -71.33772033403687,
              45.83781816578339
            ],
            [
              -71.34261135680505,
              45.853432110298755
            ],
            [
              -71.35210460049832,
              45.86004256710598
            ],
            [
              -71.34840614010922,
              45.87224843233152
            ],
            [
              -71.27377688574201,
              45.829598186579666
            ],
            [
              -71.26137968627336,
              45.840103415814774
            ],
            [
              -71.24654334563313,
              45.83158309186027
            ],
            [
              -71.23044033017099,
              45.84587484887382
            ],
            [
              -71.17809626122651,
              45.815115093379276
            ],
            [
              -71.14870724501644,
              45.84039333673905
            ],
            [
              -71.15376502191941,
              45.84301984401761
            ],
            [
              -71.13515046780616,
              45.860293686627536
            ],
            [
              -71.15368523871088,
              45.883122942916955
            ],
            [
              -71.15346263159503,
              45.91095636070621
            ],
            [
              -71.16243508352724,
              45.923450666543104
            ],
            [
              -71.12958208874244,
              45.95733980648571
            ],
            [
              -71.07068313066284,
              45.92835935553076
            ],
            [
              -71.09405136711733,
              45.90707548207627
            ],
            [
              -71.01845478080178,
              45.86985167925862
            ],
            [
              -71.02953458082165,
              45.859140422038294
            ],
            [
              -70.99016167510389,
              45.84004111609076
            ],
            [
              -70.97915215810438,
              45.85073179530546
            ],
            [
              -70.94762425531196,
              45.835305355719356
            ],
            [
              -70.93694584542618,
              45.846045155930966
            ],
            [
              -70.91506286827368,
              45.835794370906775
            ],
            [
              -70.9147630575784,
              45.84166404892797
            ],
            [
              -70.89833175000025,
              45.84180925150899
            ],
            [
              -70.89557080579802,
              45.78012614296808
            ],
            [
              -70.66299287895164,
              45.78355766636778
            ],
            [
              -70.65300402942049,
              45.79628070589757
            ],
            [
              -70.65600521581257,
              45.80172274473682
            ],
            [
              -70.65184827846693,
              45.802731253049515
            ],
            [
              -70.63186229503056,
              45.778692284564954
            ],
            [
              -70.49978234431599,
              45.82643963719158
            ],
            [
              -70.47132046408532,
              45.78883823163976
            ],
            [
              -70.42158485236773,
              45.80688837139721
            ],
            [
              -70.41363040992647,
              45.79600035977835
            ],
            [
              -70.39891087095724,
              45.796640162372995
            ],
            [
              -70.39669338697267,
              45.80810570742643
            ],
            [
              -70.37224141098186,
              45.82801322866731
            ],
            [
              -70.37082416698262,
              45.835207380955524
            ],
            [
              -70.35942668311624,
              45.835459055373256
            ],
            [
              -70.34194585429452,
              45.85235375586202
            ],
            [
              -70.30780611309498,
              45.85885655810267
            ],
            [
              -70.25882251256054,
              45.89117822727776
            ],
            [
              -70.26571834908526,
              45.89375876349721
            ],
            [
              -70.25338612179212,
              45.90737906024695
            ],
            [
              -70.25953247204926,
              45.90977376845863
            ],
            [
              -70.25718358477624,
              45.9176484908917
            ],
            [
              -70.26309027721739,
              45.92399600479164
            ],
            [
              -70.23914222938556,
              45.94395294100948
            ],
            [
              -70.2527941298142,
              45.95541044553463
            ],
            [
              -70.2605269542442,
              45.95229906574651
            ],
            [
              -70.25802444983985,
              45.95898797197897
            ],
            [
              -70.26571443481615,
              45.96421547262639
            ],
            [
              -70.27447666061673,
              45.961391866854
            ],
            [
              -70.27700498487471,
              45.96725989078029
            ],
            [
              -70.31585948584797,
              45.96299988377406
            ],
            [
              -70.30699055815079,
              45.982701556451644
            ],
            [
              -70.28394247514638,
              45.995496842405956
            ],
            [
              -70.30236914765297,
              45.99868962435008
            ],
            [
              -70.3061211196832,
              46.00977573013082
            ],
            [
              -70.31799613736769,
              46.019084361338926
            ],
            [
              -70.30137442726978,
              46.02762962135139
            ],
            [
              -70.29736586078651,
              46.04071964172896
            ],
            [
              -70.27832164833492,
              46.056295205025236
            ],
            [
              -70.28424670479473,
              46.06272741893368
            ],
            [
              -70.30038417516367,
              46.06059411003817
            ],
            [
              -70.31095694301972,
              46.064191313307504
            ],
            [
              -70.3025311185598,
              46.07036768664297
            ],
            [
              -70.30190975016164,
              46.082369382719946
            ],
            [
              -70.29202223408339,
              46.08680214180417
            ],
            [
              -70.28593723488785,
              46.099834951236204
            ],
            [
              -70.2531144496879,
              46.100128827363385
            ],
            [
              -70.2545310920926,
              46.113712140642704
            ],
            [
              -70.23628388899063,
              46.145242712636026
            ],
            [
              -70.29060889028841,
              46.18514549767222
            ],
            [
              -70.2926922284328,
              46.19147328268429
            ],
            [
              -70.27107558035604,
              46.210834403700424
            ],
            [
              -70.27364780464598,
              46.21683718464025
            ],
            [
              -70.26748112171123,
              46.219417734283255
            ],
            [
              -70.2508922110586,
              46.2491177558938
            ],
            [
              -70.25307278046888,
              46.258834387478366
            ],
            [
              -70.2316339103255,
              46.291037174668396
            ],
            [
              -70.2058811240956,
              46.299737178994825
            ],
            [
              -70.20298386110208,
              46.31437050658041
            ],
            [
              -70.20894501317981,
              46.32950384995933
            ],
            [
              -70.1911894625098,
              46.350226109065225
            ],
            [
              -70.1728866658467,
              46.359195525189726
            ],
            [
              -70.14809219332993,
              46.359003857969086
            ],
            [
              -70.13643665407453,
              46.369881632198876
            ],
            [
              -70.12699222289858,
              46.37081774466671
            ],
            [
              -70.12702552156456,
              46.38040943129511
            ],
            [
              -70.11664775453738,
              46.38822609196183
            ],
            [
              -70.10776164645434,
              46.38772885116776
            ],
            [
              -70.10987555535361,
              46.390278868531716
            ],
            [
              -70.09878108028316,
              46.40107887472776
            ],
            [
              -70.10093662330857,
              46.405264980367996
            ],
            [
              -70.09517554741052,
              46.406426095753204
            ],
            [
              -70.09694493722671,
              46.40948721421499
            ],
            [
              -70.05650052075913,
              46.41558721756942
            ],
            [
              -69.99711158751232,
              46.69552948581192
            ],
            [
              -69.62529088161234,
              47.066738429975956
            ],
            [
              -69.97293460985472,
              47.29158521296324
            ],
            [
              -70.00326019844435,
              47.2784823358013
            ],
            [
              -70.07300835780016,
              47.32273593080212
            ]
          ]
        ]
      }
    },
    {
      "type": "Feature",
      "properties": {
        "nom": "Gaspésie—Îles-de-la-Madeleine"
      },
      "geometry": {
        "type": "Polygon",
        "coordinates": [
          [
            [
              -63.526310421682936,
              48.929195529387535
            ],
            [
              -63.78987455172648,
              49.08019759680696
            ],
            [
              -64.04991059575035,
              49.24819981868413
            ],
            [
              -64.19755425855678,
              49.33717332540099
            ],
            [
              -64.33903117411049,
              49.403729979674516
            ],
            [
              -64.5406491834762,
              49.488370364336994
            ],
            [
              -64.72251671784335,
              49.5543161624294
            ],
            [
              -64.85007691517703,
              49.59351142155355
            ],
            [
              -64.97435908000351,
              49.62615119969828
            ],
            [
              -65.17819993924489,
              49.66848580540391
            ],
            [
              -65.33192797130128,
              49.691986594326316
            ],
            [
              -65.53176901689709,
              49.71215437054714
            ],
            [
              -65.70010887128863,
              49.718821868393256
            ],
            [
              -65.88019934723766,
              49.71407263912594
            ],
            [
              -66.00000020900812,
              49.70407546553294
            ],
            [
              -66.15754413246111,
              49.67865692655972
            ],
            [
              -66.2956887903446,
              49.64524058681092
            ],
            [
              -66.37699796409524,
              49.61910182764424
            ],
            [
              -66.53467156789307,
              49.55346314133134
            ],
            [
              -66.65123241983486,
              49.48893534623061
            ],
            [
              -66.81565670943284,
              49.38543522673449
            ],
            [
              -67.15333882001751,
              49.189074008840954
            ],
            [
              -66.83203254290636,
              48.98508701573424
            ],
            [
              -66.73298888149368,
              49.017540316523856
            ],
            [
              -66.70550457350768,
              48.99914081737256
            ],
            [
              -66.70670981064971,
              48.994493599609015
            ],
            [
              -66.69931750763858,
              48.98862186988447
            ],
            [
              -66.70450304186286,
              48.97847116214727
            ],
            [
              -66.69682234066602,
              48.971256735218454
            ],
            [
              -66.70067889212727,
              48.95647180578621
            ],
            [
              -66.6944654466447,
              48.95228626529419
            ],
            [
              -66.69875262530843,
              48.938271482970215
            ],
            [
              -66.69393493533371,
              48.93421339046024
            ],
            [
              -66.70033016020525,
              48.92751330723171
            ],
            [
              -66.69557055508947,
              48.920838406307226
            ],
            [
              -66.70909707666362,
              48.91660847927581
            ],
            [
              -66.71459342818339,
              48.90943030399533
            ],
            [
              -66.70441471013878,
              48.90288328923643
            ],
            [
              -66.53731458475923,
              48.95783649037372
            ],
            [
              -65.94849740627002,
              48.567099054632784
            ],
            [
              -66.7343880631199,
              48.368633855352094
            ],
            [
              -66.97415955317422,
              48.30316626933226
            ],
            [
              -66.8369248571274,
              48.14775152697296
            ],
            [
              -66.90045010079746,
              48.20045747577643
            ],
            [
              -66.93462532672433,
              48.18120060873667
            ],
            [
              -66.87963592058722,
              48.13696384207268
            ],
            [
              -67.09837510177019,
              48.08519216671924
            ],
            [
              -67.09844992835369,
              48.07795802054445
            ],
            [
              -67.27754743973829,
              48.03154782006065
            ],
            [
              -67.37460288720993,
              48.19490240578887
            ],
            [
              -67.66695878753686,
              48.116727935862315
            ],
            [
              -67.64948800568892,
              48.09037164209798
            ],
            [
              -67.64943416507721,
              48.081071531593714
            ],
            [
              -67.63133407149586,
              48.07800417561451
            ],
            [
              -67.62446024751809,
              48.06931399540321
            ],
            [
              -67.61292400525936,
              48.06634083225076
            ],
            [
              -67.584873804026,
              48.04522795762807
            ],
            [
              -67.58724306520948,
              48.03492490788976
            ],
            [
              -67.59567182966036,
              48.02668535231313
            ],
            [
              -67.58983793039414,
              48.02338081594304
            ],
            [
              -67.59280034077021,
              48.0128123291436
            ],
            [
              -67.5872576157141,
              48.011199833039605
            ],
            [
              -67.59266934237036,
              48.00721835823922
            ],
            [
              -67.58969963004736,
              48.00285108361468
            ],
            [
              -67.6104733436371,
              47.991260546140715
            ],
            [
              -67.61332610393562,
              47.9800825402435
            ],
            [
              -67.60256387502174,
              47.978163431238286
            ],
            [
              -67.59642291237644,
              47.97054086517427
            ],
            [
              -67.59859760573883,
              47.96414108607202
            ],
            [
              -67.6074968007073,
              47.961495934388566
            ],
            [
              -67.6016373720985,
              47.95286825515246
            ],
            [
              -67.60832337322655,
              47.94926622137624
            ],
            [
              -67.60470941449431,
              47.94198569029479
            ],
            [
              -67.60753672413475,
              47.93634939029724
            ],
            [
              -67.59578069574306,
              47.93236448698334
            ],
            [
              -67.59257984710848,
              47.92430849476311
            ],
            [
              -67.58211986366277,
              47.92809065967617
            ],
            [
              -67.56415549885104,
              47.920376001930414
            ],
            [
              -67.54801662125868,
              47.92183382762554
            ],
            [
              -67.53400290089321,
              47.91497486190567
            ],
            [
              -67.51252714725084,
              47.913713840307956
            ],
            [
              -67.4377654728332,
              47.88018187995063
            ],
            [
              -67.39314585836074,
              47.867893127198286
            ],
            [
              -67.39361373903648,
              47.85998904689534
            ],
            [
              -67.37960553788717,
              47.856469148713046
            ],
            [
              -67.38981678609086,
              47.850141616394296
            ],
            [
              -67.37441523637641,
              47.845399253051056
            ],
            [
              -67.35758441357356,
              47.84737664984443
            ],
            [
              -67.36416317745307,
              47.856510294151704
            ],
            [
              -67.35132358358788,
              47.867135306244585
            ],
            [
              -67.35251621639866,
              47.87346810024458
            ],
            [
              -67.34697977647006,
              47.873810605455084
            ],
            [
              -67.34300329268761,
              47.86761462955514
            ],
            [
              -67.33676907677882,
              47.87226329948766
            ],
            [
              -67.3382014042257,
              47.887543927940236
            ],
            [
              -67.3477392801053,
              47.89596773404741
            ],
            [
              -67.3036481249259,
              47.8854547595628
            ],
            [
              -67.29433503586301,
              47.88899351339914
            ],
            [
              -67.29829821485369,
              47.898654960864256
            ],
            [
              -67.28712292692411,
              47.89878033519565
            ],
            [
              -67.27654308578536,
              47.8920887773987
            ],
            [
              -67.2592180146237,
              47.891146008726125
            ],
            [
              -67.24550357723668,
              47.882086334628795
            ],
            [
              -67.22834905551304,
              47.887311638956525
            ],
            [
              -67.21717665497343,
              47.87744554865618
            ],
            [
              -67.20810827668903,
              47.8759779546675
            ],
            [
              -67.17399935913211,
              47.883522842840435
            ],
            [
              -67.1659760111055,
              47.89665924020449
            ],
            [
              -67.15222621788993,
              47.89058535359271
            ],
            [
              -67.1413733162051,
              47.89288367326635
            ],
            [
              -67.13308969373563,
              47.900281789700834
            ],
            [
              -67.13347344373898,
              47.91454926001642
            ],
            [
              -67.106763927247,
              47.913300672546924
            ],
            [
              -67.09132877234062,
              47.922120629408035
            ],
            [
              -67.07257226969868,
              47.9216541748461
            ],
            [
              -67.05966071797864,
              47.9354004194395
            ],
            [
              -67.05064805573633,
              47.93434924551482
            ],
            [
              -67.04124670880985,
              47.92425455112687
            ],
            [
              -66.9796036222384,
              47.89381301584312
            ],
            [
              -66.95563702570433,
              47.89241258226571
            ],
            [
              -66.94443576537279,
              47.9027142762504
            ],
            [
              -66.970260347238,
              47.915336826607714
            ],
            [
              -66.96488659890636,
              47.94132722598965
            ],
            [
              -66.94701842840846,
              47.95472987565796
            ],
            [
              -66.9411802463562,
              47.97148382554391
            ],
            [
              -66.92011622670816,
              47.98457038424467
            ],
            [
              -66.84115779188748,
              48.002228601250515
            ],
            [
              -66.78930478092232,
              47.991295099866434
            ],
            [
              -66.76125872169193,
              48.00264404746447
            ],
            [
              -66.74917195608268,
              47.99692518885778
            ],
            [
              -66.7164671270896,
              48.006362325266814
            ],
            [
              -66.6986829717481,
              48.005375134580675
            ],
            [
              -66.6707973266573,
              48.0182621244189
            ],
            [
              -66.65508698104478,
              48.01723335866928
            ],
            [
              -66.53047525380164,
              48.04798064996263
            ],
            [
              -66.50383557802475,
              48.07609204822843
            ],
            [
              -66.48808498877729,
              48.08164757554386
            ],
            [
              -66.40102545343478,
              48.089619842115376
            ],
            [
              -66.34782877195114,
              48.07828676766
            ],
            [
              -66.30588286950726,
              48.0331476054128
            ],
            [
              -66.16259974472857,
              48.04920312870875
            ],
            [
              -65.8581332724439,
              48.022255609017684
            ],
            [
              -65.60645600252155,
              47.933643702782845
            ],
            [
              -65.53617345202383,
              47.8286419793151
            ],
            [
              -65.11171251775308,
              47.92114116357191
            ],
            [
              -64.42196084907029,
              48.22058406597886
            ],
            [
              -63.791659253668506,
              48.22058158046418
            ],
            [
              -62.98635887350188,
              47.139741400156176
            ],
            [
              -62.29994734166732,
              46.840016343187685
            ],
            [
              -61.39936111970289,
              46.84001306729713
            ],
            [
              -61.35046974025062,
              47.00973531975701
            ],
            [
              -60.991845161455494,
              47.329456515896865
            ],
            [
              -60.76267043148204,
              47.423344546924945
            ],
            [
              -60.40376750175497,
              47.76112128086909
            ],
            [
              -60.46859444886317,
              48.66667797768775
            ],
            [
              -62.999126860495075,
              48.66669319503522
            ],
            [
              -62.9991265490264,
              48.70180294163877
            ],
            [
              -63.24885694197468,
              48.79866577522051
            ],
            [
              -63.39094492491112,
              48.862138981485195
            ],
            [
              -63.526310421682936,
              48.929195529387535
            ]
          ]
        ]
      }
    },
    {
      "type": "Feature",
      "properties": {
        "nom": "Côte-Nord"
      },
      "geometry": {
        "type": "MultiPolygon",
        "coordinates": [
          [
            [
              [
                -67.41724407850083,
                55.00014651044632
              ],
              [
                -70.0298838359016,
                55.000146672819945
              ],
              [
                -70.02475638887339,
                50.00006578380547
              ],
              [
                -70.02164715402374,
                49.796619325168464
              ],
              [
                -70.01042438399347,
                49.79653593554025
              ],
              [
                -70.0079926550977,
                48.35701407369565
              ],
              [
                -70.0778763757972,
                48.25283751471546
              ],
              [
                -70.01646380751434,
                48.256545789367905
              ],
              [
                -69.97762879614704,
                48.2467955751062
              ],
              [
                -69.95846165159848,
                48.23585082999383
              ],
              [
                -69.89362538508298,
                48.22579478554093
              ],
              [
                -69.88726405446721,
                48.22065576692882
              ],
              [
                -69.86504179801729,
                48.171460700777025
              ],
              [
                -69.8407354361079,
                48.152793825584524
              ],
              [
                -69.81196373634106,
                48.14368785307223
              ],
              [
                -69.78634471045963,
                48.145154155152646
              ],
              [
                -69.74292651760344,
                48.1367091172242
              ],
              [
                -69.67667393309642,
                48.11951425663159
              ],
              [
                -69.54836941200094,
                48.04946100852643
              ],
              [
                -69.27838004923507,
                48.25938120797738
              ],
              [
                -68.99999947982997,
                48.4517340915626
              ],
              [
                -68.72346442301766,
                48.621048501128875
              ],
              [
                -68.46753584686266,
                48.75810404670108
              ],
              [
                -68.30958422061951,
                48.8283816995931
              ],
              [
                -68.17327246278315,
                48.88143708105664
              ],
              [
                -67.65352719447749,
                49.05929739630835
              ],
              [
                -67.50713194489119,
                49.10060263199452
              ],
              [
                -67.24117600538727,
                49.15676864533151
              ],
              [
                -67.15333882001751,
                49.189074008840954
              ],
              [
                -66.81565670943284,
                49.38543522673449
              ],
              [
                -66.59525759073537,
                49.52168533980005
              ],
              [
                -66.48766941731743,
                49.57543527297643
              ],
              [
                -66.37699796409524,
                49.61910182764424
              ],
              [
                -66.2956887903446,
                49.64524058681092
              ],
              [
                -66.15754413246111,
                49.67865692655972
              ],
              [
                -66.00000020900812,
                49.70407546553294
              ],
              [
                -65.88019934723766,
                49.71407263912594
              ],
              [
                -65.75716664695153,
                49.71868328694181
              ],
              [
                -65.58529884048954,
                49.715460147733175
              ],
              [
                -65.39576380888597,
                49.699764764973224
              ],
              [
                -65.25175828460237,
                49.6807639925327
              ],
              [
                -65.09508578223677,
                49.652763081957964
              ],
              [
                -64.91002340081008,
                49.61017849673565
              ],
              [
                -64.72251671784335,
                49.5543161624294
              ],
              [
                -64.59565110351846,
                49.50973187140957
              ],
              [
                -64.33903117411049,
                49.403729979674516
              ],
              [
                -64.16377533647794,
                49.3199508704463
              ],
              [
                -63.78987455172648,
                49.08019759680696
              ],
              [
                -63.526310421682936,
                48.929195529387535
              ],
              [
                -63.39094492491112,
                48.862138981485195
              ],
              [
                -63.24885694197468,
                48.79866577522051
              ],
              [
                -62.9991265490264,
                48.70180294163877
              ],
              [
                -62.999126860495075,
                48.66669319503522
              ],
              [
                -60.46859444886317,
                48.66667797768775
              ],
              [
                -60.47681562043493,
                48.781402257846125
              ],
              [
                -58.94036280531894,
                49.84861994379169
              ],
              [
                -58.18977084908987,
                50.57417454524323
              ],
              [
                -57.736137223342595,
                50.998618485416564
              ],
              [
                -57.118612479840934,
                51.19889266062668
              ],
              [
                -57.10748246384722,
                51.41439244380499
              ],
              [
                -57.10708389221537,
                52.000005272065756
              ],
              [
                -63.804221431964116,
                52.00010098480922
              ],
              [
                -63.79597089944273,
                52.010628825471485
              ],
              [
                -63.810748862628635,
                52.02187907574911
              ],
              [
                -63.81208249139438,
                52.02662906939189
              ],
              [
                -63.807137841591675,
                52.02768463064544
              ],
              [
                -63.81208251843602,
                52.02737904749781
              ],
              [
                -63.81238771792895,
                52.03418465445241
              ],
              [
                -63.816221478474176,
                52.03601797463021
              ],
              [
                -63.82472166828953,
                52.029101370473775
              ],
              [
                -63.82524914908006,
                52.03974048696479
              ],
              [
                -63.838278262976694,
                52.05751797119748
              ],
              [
                -63.832276970737546,
                52.07582442290609
              ],
              [
                -63.83574947732788,
                52.080879964545126
              ],
              [
                -63.82624857000102,
                52.085407770384464
              ],
              [
                -63.79121912567891,
                52.083184905811386
              ],
              [
                -63.79380253055348,
                52.08140716850635
              ],
              [
                -63.78785810007004,
                52.07701827601311
              ],
              [
                -63.78407970087473,
                52.08112935567219
              ],
              [
                -63.786774375204736,
                52.08679602341397
              ],
              [
                -63.77180136133788,
                52.08274020315776
              ],
              [
                -63.74313445153866,
                52.06468404121454
              ],
              [
                -63.71710942834338,
                52.05757106975634
              ],
              [
                -63.70122549866443,
                52.04490157630049
              ],
              [
                -63.68097465961789,
                52.05548494821633
              ],
              [
                -63.66009321889404,
                52.039786538435266
              ],
              [
                -63.65039608732711,
                52.04134320585643
              ],
              [
                -63.65161690200082,
                52.045260462384
              ],
              [
                -63.64858941171501,
                52.042593493070434
              ],
              [
                -63.64220002219654,
                52.04053824291287
              ],
              [
                -63.64628305589337,
                52.043454922239896
              ],
              [
                -63.64211442450074,
                52.04670577778521
              ],
              [
                -63.6568922764766,
                52.054206015536856
              ],
              [
                -63.67599194927938,
                52.08354518027689
              ],
              [
                -63.69085335923712,
                52.09004550688319
              ],
              [
                -63.69315908897321,
                52.08762851649452
              ],
              [
                -63.68788115175214,
                52.0834062970096
              ],
              [
                -63.69504909223645,
                52.07946131730409
              ],
              [
                -63.69840910279129,
                52.08471183697399
              ],
              [
                -63.705604194406384,
                52.08296187657707
              ],
              [
                -63.707743032268965,
                52.08398992067726
              ],
              [
                -63.70315939071288,
                52.087101051211434
              ],
              [
                -63.706270469370246,
                52.09590662738703
              ],
              [
                -63.69515880963912,
                52.104212195788854
              ],
              [
                -63.699131402248334,
                52.10623992899144
              ],
              [
                -63.690130494209825,
                52.13085135464307
              ],
              [
                -63.69415830584671,
                52.13299021285985
              ],
              [
                -63.68924167908422,
                52.1346569091969
              ],
              [
                -63.69857525391231,
                52.140240466787375
              ],
              [
                -63.70685296413761,
                52.16021303542182
              ],
              [
                -63.6986302223112,
                52.16521296229602
              ],
              [
                -63.717139083437594,
                52.18584825280674
              ],
              [
                -63.71044623211738,
                52.18956998546913
              ],
              [
                -63.71178299308337,
                52.19790159761027
              ],
              [
                -63.72376299756154,
                52.2151207837745
              ],
              [
                -63.75599611696573,
                52.23722798819619
              ],
              [
                -63.753221472312525,
                52.244309993246354
              ],
              [
                -63.76180689292821,
                52.25097576799917
              ],
              [
                -63.751223335845715,
                52.24947551401162
              ],
              [
                -63.754805301465716,
                52.254254120605324
              ],
              [
                -63.75002837452282,
                52.25178130135955
              ],
              [
                -63.747693401832656,
                52.25522660289088
              ],
              [
                -63.754358952537395,
                52.25856045621747
              ],
              [
                -63.75072032010663,
                52.25756053415397
              ],
              [
                -63.749470050657465,
                52.25797717023859
              ],
              [
                -63.77849528852275,
                52.2740069088706
              ],
              [
                -63.79913719941181,
                52.27556165265247
              ],
              [
                -63.799580583956896,
                52.28228442758324
              ],
              [
                -63.787496130033745,
                52.27595108795274
              ],
              [
                -63.76940855837438,
                52.27911943077704
              ],
              [
                -63.775074158895656,
                52.285898045605485
              ],
              [
                -63.8037725036159,
                52.301396932165936
              ],
              [
                -63.830669673238766,
                52.309421358717486
              ],
              [
                -63.83611477765553,
                52.31575468748645
              ],
              [
                -63.81360778586816,
                52.31086829328097
              ],
              [
                -63.82274941688453,
                52.32078413347196
              ],
              [
                -63.80738366647533,
                52.31017467931577
              ],
              [
                -63.798908062307675,
                52.310842727588195
              ],
              [
                -63.796322747618966,
                52.31598248336058
              ],
              [
                -63.76367384582397,
                52.30801406493611
              ],
              [
                -63.744862542813976,
                52.309877706591884
              ],
              [
                -63.74472053708799,
                52.31573994441356
              ],
              [
                -63.76855749778001,
                52.32779465559513
              ],
              [
                -63.82816788769465,
                52.3342554992373
              ],
              [
                -63.830863908676854,
                52.33358827208709
              ],
              [
                -63.83361458276456,
                52.334421347145
              ],
              [
                -63.83678149593276,
                52.333893627004166
              ],
              [
                -63.83208651512523,
                52.333338031026244
              ],
              [
                -63.835225493023806,
                52.32822691224643
              ],
              [
                -63.825083843670264,
                52.319061366182
              ],
              [
                -63.84350332897124,
                52.32497721661715
              ],
              [
                -63.86139173542887,
                52.31953360647708
              ],
              [
                -63.8964486241926,
                52.32842252397055
              ],
              [
                -63.91764447710319,
                52.34408912970305
              ],
              [
                -63.93463782340359,
                52.34184324402566
              ],
              [
                -63.965514174992734,
                52.35768410357104
              ],
              [
                -63.979508936144406,
                52.355187446921626
              ],
              [
                -63.999084321023105,
                52.36338688864212
              ],
              [
                -64.01236256901055,
                52.36274802126605
              ],
              [
                -64.03558553355228,
                52.39305417698373
              ],
              [
                -64.02369596129581,
                52.39727637982904
              ],
              [
                -64.02333483945657,
                52.40241522555196
              ],
              [
                -63.93652542478135,
                52.38837193946887
              ],
              [
                -63.95412844466834,
                52.42704358647044
              ],
              [
                -63.97545726932006,
                52.43696304838985
              ],
              [
                -63.97290281265672,
                52.44224023217807
              ],
              [
                -63.98009814480654,
                52.4495732890415
              ],
              [
                -63.99481870721441,
                52.44663024031508
              ],
              [
                -64.00373211522204,
                52.440243606235356
              ],
              [
                -64.00195036996533,
                52.430189963876884
              ],
              [
                -63.992060948798674,
                52.42291249707892
              ],
              [
                -64.01250480586047,
                52.42841302740169
              ],
              [
                -64.01669824226067,
                52.42516381885928
              ],
              [
                -64.01333499462663,
                52.418942774067226
              ],
              [
                -64.02208453683414,
                52.417109665622895
              ],
              [
                -64.02297368834236,
                52.402804192613885
              ],
              [
                -64.05942096199503,
                52.43466471625277
              ],
              [
                -64.08775271935166,
                52.44536078912154
              ],
              [
                -64.0959192569947,
                52.45475003324713
              ],
              [
                -64.09530774479538,
                52.472389448708554
              ],
              [
                -64.08827898092473,
                52.485944961742106
              ],
              [
                -64.08713963363171,
                52.505390004462186
              ],
              [
                -64.07305981204017,
                52.50108193017222
              ],
              [
                -64.07594730866032,
                52.51005524535259
              ],
              [
                -64.0699493354959,
                52.51194271974473
              ],
              [
                -64.07017095693111,
                52.517943337570976
              ],
              [
                -64.0605898926281,
                52.52360831356399
              ],
              [
                -64.06125570714396,
                52.52810886417255
              ],
              [
                -64.0552569719347,
                52.52924696646063
              ],
              [
                -64.05808843348184,
                52.53733141051791
              ],
              [
                -64.04447896967797,
                52.543496640666824
              ],
              [
                -64.04447546764959,
                52.560137802968384
              ],
              [
                -64.03066796302006,
                52.570610545715724
              ],
              [
                -64.00255515467636,
                52.57627751510771
              ],
              [
                -63.998970735449596,
                52.578583594503876
              ],
              [
                -64.00974891846795,
                52.57730585109419
              ],
              [
                -63.990329617536894,
                52.58491745156552
              ],
              [
                -63.9789397991821,
                52.58441745174234
              ],
              [
                -63.95808322496995,
                52.59663640287912
              ],
              [
                -63.9494156226273,
                52.595775242946715
              ],
              [
                -63.945528399380855,
                52.59974664957856
              ],
              [
                -63.94836483882095,
                52.60599529338003
              ],
              [
                -63.920943110926544,
                52.597774201834056
              ],
              [
                -63.8996164117842,
                52.6144094845866
              ],
              [
                -63.892033630011454,
                52.61629782600923
              ],
              [
                -63.890864302225864,
                52.610382463218066
              ],
              [
                -63.888752795404265,
                52.61004921121724
              ],
              [
                -63.876173730198246,
                52.62001920986128
              ],
              [
                -63.8504528057524,
                52.62576775220211
              ],
              [
                -63.826591170541654,
                52.62332306037197
              ],
              [
                -63.80848556300843,
                52.62943080159803
              ],
              [
                -63.78818304919457,
                52.62776221579739
              ],
              [
                -63.750523076315424,
                52.635480295655675
              ],
              [
                -63.71702230132488,
                52.63103557574641
              ],
              [
                -63.596137821330565,
                52.64847552766729
              ],
              [
                -63.56710635414541,
                52.64594690591817
              ],
              [
                -63.52929748202853,
                52.650752201357946
              ],
              [
                -63.51927100994137,
                52.645835871886106
              ],
              [
                -63.48177239394174,
                52.650669455319196
              ],
              [
                -63.45272470755471,
                52.64458780307289
              ],
              [
                -63.42909074960377,
                52.64533861165647
              ],
              [
                -63.42611873381104,
                52.651505588566614
              ],
              [
                -63.41531552074422,
                52.652311683896656
              ],
              [
                -63.41167662979597,
                52.66028393906866
              ],
              [
                -63.39875937494052,
                52.661394999483036
              ],
              [
                -63.38809205962107,
                52.65664499204416
              ],
              [
                -63.3789528783838,
                52.661061722837005
              ],
              [
                -63.39081435290794,
                52.67953426814118
              ],
              [
                -63.43769706680168,
                52.69853303680561
              ],
              [
                -63.44283432740517,
                52.71028275731683
              ],
              [
                -63.459190560085844,
                52.71844862610647
              ],
              [
                -63.528513282906424,
                52.72589089871183
              ],
              [
                -63.581852702393554,
                52.76455917292139
              ],
              [
                -63.615975773750556,
                52.77078392906888
              ],
              [
                -63.613225812937124,
                52.77495086069718
              ],
              [
                -63.618812835318245,
                52.77940565219201
              ],
              [
                -63.609507059968756,
                52.782923941867146
              ],
              [
                -63.615536984190506,
                52.78155330755437
              ],
              [
                -63.61201537899536,
                52.78416960698588
              ],
              [
                -63.61442314029245,
                52.79089058885691
              ],
              [
                -63.604253311487874,
                52.792192422246
              ],
              [
                -63.60531689257549,
                52.786550327450925
              ],
              [
                -63.59719786944665,
                52.78596218553843
              ],
              [
                -63.59749178391344,
                52.79226261039558
              ],
              [
                -63.591583311388845,
                52.78743766785674
              ],
              [
                -63.58826559244881,
                52.79321666571712
              ],
              [
                -63.57911959804186,
                52.79465506310314
              ],
              [
                -63.601517109019724,
                52.80240081570087
              ],
              [
                -63.58917915869909,
                52.80924105489279
              ],
              [
                -63.59893679431664,
                52.8251222018644
              ],
              [
                -63.58647542083192,
                52.82991310477754
              ],
              [
                -63.58999789525763,
                52.831360965902796
              ],
              [
                -63.57886859858996,
                52.8416461485393
              ],
              [
                -63.58949686576153,
                52.84368846959892
              ],
              [
                -63.599315901138006,
                52.854822649917615
              ],
              [
                -63.61055010563278,
                52.85846919218312
              ],
              [
                -63.60388600971295,
                52.86950676882897
              ],
              [
                -63.61562491038323,
                52.87282665403899
              ],
              [
                -63.60569909876999,
                52.875952142671466
              ],
              [
                -63.605714889261996,
                52.884537328843116
              ],
              [
                -63.60958782878363,
                52.88528642386509
              ],
              [
                -63.61817337600281,
                52.884231196543034
              ],
              [
                -63.626065254345484,
                52.872398086763766
              ],
              [
                -63.617676304711026,
                52.86478699689846
              ],
              [
                -63.62620615968738,
                52.859842820045984
              ],
              [
                -63.609427199940825,
                52.85381470857042
              ],
              [
                -63.613736141763916,
                52.83928725049527
              ],
              [
                -63.64582080132652,
                52.84489869859595
              ],
              [
                -63.65237636523726,
                52.8520931374428
              ],
              [
                -63.67037772930265,
                52.855510022534475
              ],
              [
                -63.681767499380875,
                52.85078807865137
              ],
              [
                -63.63757136951192,
                52.833148622160934
              ],
              [
                -63.64340498068743,
                52.83225978091804
              ],
              [
                -63.64137671065362,
                52.827676142333225
              ],
              [
                -63.66034996787195,
                52.80970388947874
              ],
              [
                -63.6857680034289,
                52.807287270617344
              ],
              [
                -63.68821281576788,
                52.814426395543535
              ],
              [
                -63.701407463799065,
                52.814398629263636
              ],
              [
                -63.69676864946604,
                52.804509770006995
              ],
              [
                -63.72068608539496,
                52.801148644045526
              ],
              [
                -63.717769762474134,
                52.786981701166134
              ],
              [
                -63.73568693432213,
                52.78728752883183
              ],
              [
                -63.73554833787224,
                52.780342812883056
              ],
              [
                -63.72102003204263,
                52.77523170048755
              ],
              [
                -63.73557643024642,
                52.76920394435547
              ],
              [
                -63.77566119186064,
                52.775093102318515
              ],
              [
                -63.78049471030719,
                52.76820418027198
              ],
              [
                -63.8240243204157,
                52.759898654211284
              ],
              [
                -63.85363648259328,
                52.77537137270326
              ],
              [
                -63.867164756606854,
                52.77292700307989
              ],
              [
                -63.873165089086754,
                52.77626032640877
              ],
              [
                -63.88524892896859,
                52.763815856444566
              ],
              [
                -63.901666208218465,
                52.76373253308203
              ],
              [
                -63.88688820212208,
                52.75570443929703
              ],
              [
                -63.88888814759356,
                52.75070447556833
              ],
              [
                -63.9251673317586,
                52.756649148606755
              ],
              [
                -63.91986143125682,
                52.748399176588755
              ],
              [
                -63.929362104718145,
                52.745704702015104
              ],
              [
                -63.91958399248789,
                52.73700999303155
              ],
              [
                -63.93766812099346,
                52.73048220974706
              ],
              [
                -63.96466931931603,
                52.73120475326514
              ],
              [
                -63.98778132478966,
                52.72564916700342
              ],
              [
                -64.00897619972996,
                52.74048305758155
              ],
              [
                -64.02114345111588,
                52.73628832274205
              ],
              [
                -64.0334774181016,
                52.74120532614929
              ],
              [
                -64.04186654505814,
                52.73717752741413
              ],
              [
                -64.03553312413922,
                52.72856640536951
              ],
              [
                -64.05417291897237,
                52.72412169635387
              ],
              [
                -64.068423125633,
                52.72812191959281
              ],
              [
                -64.06828428500734,
                52.735344216587436
              ],
              [
                -64.08047901896256,
                52.7406222840459
              ],
              [
                -64.08359035187218,
                52.73598334934123
              ],
              [
                -64.12609212999713,
                52.73506699428533
              ],
              [
                -64.14909330242608,
                52.72959475702892
              ],
              [
                -64.14134301499276,
                52.7214833640854
              ],
              [
                -64.1503713081486,
                52.716788923242106
              ],
              [
                -64.12403718184969,
                52.69528863286556
              ],
              [
                -64.12567624089738,
                52.685593851496385
              ],
              [
                -64.14159348281589,
                52.68331642783377
              ],
              [
                -64.13914909661864,
                52.67881609726835
              ],
              [
                -64.15659439001801,
                52.674871628342196
              ],
              [
                -64.16895574592056,
                52.67826085253638
              ],
              [
                -64.17584490517896,
                52.6722053055513
              ],
              [
                -64.16742526025264,
                52.66004000306229
              ],
              [
                -64.17000704600414,
                52.656179718473894
              ],
              [
                -64.15661743587626,
                52.65554114568072
              ],
              [
                -64.15750376487786,
                52.649903627884754
              ],
              [
                -64.15138984621065,
                52.64412688722344
              ],
              [
                -64.1610220568825,
                52.62749225671896
              ],
              [
                -64.17624569247816,
                52.62432499194705
              ],
              [
                -64.17007711608338,
                52.623464693964316
              ],
              [
                -64.17065657773213,
                52.61385549062633
              ],
              [
                -64.15862350171444,
                52.606330310852975
              ],
              [
                -64.16959517755659,
                52.60085859985641
              ],
              [
                -64.16689712616753,
                52.59472165606873
              ],
              [
                -64.17459068548851,
                52.58461111850324
              ],
              [
                -64.19910595754351,
                52.59715913469484
              ],
              [
                -64.2091921619793,
                52.590546715559086
              ],
              [
                -64.1983799351481,
                52.578355549114455
              ],
              [
                -64.23247991238105,
                52.583180790026354
              ],
              [
                -64.21071968134235,
                52.5701302407053
              ],
              [
                -64.20860744312715,
                52.563186403792365
              ],
              [
                -64.19407273701849,
                52.55321747473532
              ],
              [
                -64.1688660277789,
                52.54183445771666
              ],
              [
                -64.16444801878377,
                52.53644641506838
              ],
              [
                -64.17542488364516,
                52.53133274011907
              ],
              [
                -64.14916966787527,
                52.51761274379721
              ],
              [
                -64.15894823054867,
                52.50008464415422
              ],
              [
                -64.14880912839486,
                52.494834427649415
              ],
              [
                -64.14486549197457,
                52.46213914920123
              ],
              [
                -64.136921207295,
                52.450750304794575
              ],
              [
                -64.13889367851516,
                52.4417777975052
              ],
              [
                -64.12900454970229,
                52.44063854156377
              ],
              [
                -64.13692181611425,
                52.430638596000854
              ],
              [
                -64.12622738149412,
                52.4209161358839
              ],
              [
                -64.11503266015903,
                52.419276909901036
              ],
              [
                -64.10664454238999,
                52.40913750367448
              ],
              [
                -64.12136872370455,
                52.4046921917341
              ],
              [
                -64.1146760194222,
                52.39188557509855
              ],
              [
                -64.12606714764749,
                52.39041218064417
              ],
              [
                -64.12342870443611,
                52.386773308195394
              ],
              [
                -64.13482216025363,
                52.37832664576979
              ],
              [
                -64.13418626940023,
                52.36785269332487
              ],
              [
                -64.1538051104936,
                52.36223773211216
              ],
              [
                -64.16725123791915,
                52.36801493462157
              ],
              [
                -64.166676475538,
                52.34817690286954
              ],
              [
                -64.16012367733722,
                52.335841926293426
              ],
              [
                -64.18168153170218,
                52.33948019132661
              ],
              [
                -64.1904893767291,
                52.33431242641179
              ],
              [
                -64.17210011533976,
                52.32686777177812
              ],
              [
                -64.17601714461217,
                52.32331219119574
              ],
              [
                -64.16893344871141,
                52.319506382820386
              ],
              [
                -64.16635021117071,
                52.30986748053158
              ],
              [
                -64.19021217014213,
                52.30906192089385
              ],
              [
                -64.18648995739494,
                52.30325638116513
              ],
              [
                -64.1905457912925,
                52.29242297156239
              ],
              [
                -64.20821262027816,
                52.31472880528793
              ],
              [
                -64.22251903272306,
                52.315367725060995
              ],
              [
                -64.2302971769919,
                52.30397884129872
              ],
              [
                -64.21901911426609,
                52.296089628446204
              ],
              [
                -64.21304662208775,
                52.297423010764454
              ],
              [
                -64.20762994669035,
                52.29145079104967
              ],
              [
                -64.2085744196688,
                52.28500631212822
              ],
              [
                -64.21999157490518,
                52.2837007816935
              ],
              [
                -64.23046412341544,
                52.29311741377781
              ],
              [
                -64.2398809796836,
                52.28820105988234
              ],
              [
                -64.23704759023538,
                52.28178414904828
              ],
              [
                -64.25029803123407,
                52.28167358073915
              ],
              [
                -64.25440771553907,
                52.27747992806178
              ],
              [
                -64.23910386270428,
                52.25956160689506
              ],
              [
                -64.22457547709429,
                52.257450519921214
              ],
              [
                -64.22376991349822,
                52.25247833024326
              ],
              [
                -64.23271303845387,
                52.24531245404247
              ],
              [
                -64.22207050090665,
                52.23628691201424
              ],
              [
                -64.22865290924136,
                52.233731851510846
              ],
              [
                -64.23303794220378,
                52.22192884176051
              ],
              [
                -64.22762047509912,
                52.22090134973634
              ],
              [
                -64.2187896261864,
                52.228066333935416
              ],
              [
                -64.21328036469453,
                52.203932748674816
              ],
              [
                -64.20280481429941,
                52.196351341842814
              ],
              [
                -64.19891234426365,
                52.186630994565036
              ],
              [
                -64.19943565178058,
                52.17496717791651
              ],
              [
                -64.1857657047151,
                52.1593299440219
              ],
              [
                -64.16379297278269,
                52.14816296393605
              ],
              [
                -64.16245956095449,
                52.14255159917669
              ],
              [
                -64.17084874906824,
                52.141718564875276
              ],
              [
                -64.17534904832092,
                52.13407940270243
              ],
              [
                -64.1726824027437,
                52.124218268374214
              ],
              [
                -64.16582127493452,
                52.120357137981834
              ],
              [
                -64.17337704762518,
                52.11766274643671
              ],
              [
                -64.19626650601808,
                52.13088521879287
              ],
              [
                -64.20807269547029,
                52.1309407255404
              ],
              [
                -64.21398930314358,
                52.13855182947994
              ],
              [
                -64.23846235149004,
                52.14066323423578
              ],
              [
                -64.24510152358059,
                52.150719067502
              ],
              [
                -64.25407601787698,
                52.149245463096065
              ],
              [
                -64.25557685613022,
                52.143911830313236
              ],
              [
                -64.24301855956068,
                52.12960766758058
              ],
              [
                -64.25749463583459,
                52.126522430825915
              ],
              [
                -64.25466021945462,
                52.121189755138715
              ],
              [
                -64.25969022269611,
                52.11002163845581
              ],
              [
                -64.25168681326593,
                52.10291242263264
              ],
              [
                -64.2593846018743,
                52.09793824776168
              ],
              [
                -64.25093676680895,
                52.08280104381701
              ],
              [
                -64.26600043415708,
                52.07726849370353
              ],
              [
                -64.27483596376608,
                52.08210101918826
              ],
              [
                -64.28475796926064,
                52.07798716638818
              ],
              [
                -64.28845265793473,
                52.08282022798697
              ],
              [
                -64.2962059588129,
                52.08212382171629
              ],
              [
                -64.28870416967298,
                52.076736048124104
              ],
              [
                -64.29215110566123,
                52.07145689630349
              ],
              [
                -64.28526351102494,
                52.05362212094213
              ],
              [
                -64.27431819747119,
                52.046177965135186
              ],
              [
                -64.28337744755186,
                52.04056492214195
              ],
              [
                -64.26879494326965,
                52.02692516754052
              ],
              [
                -64.26957521109502,
                52.01889573438935
              ],
              [
                -64.25510516501403,
                52.00792162515994
              ],
              [
                -64.24785742343767,
                51.993281323251225
              ],
              [
                -64.23221292995042,
                51.98284020912079
              ],
              [
                -64.23415818525335,
                51.97545074803248
              ],
              [
                -64.25416400559192,
                51.97233634514916
              ],
              [
                -64.26335873843033,
                51.97891960587679
              ],
              [
                -64.2779148055667,
                51.97316962074033
              ],
              [
                -64.29438774853534,
                51.98650321526028
              ],
              [
                -64.30269351659584,
                51.98544763292618
              ],
              [
                -64.3133326159766,
                51.9919757396122
              ],
              [
                -64.3195548786815,
                51.99822572635697
              ],
              [
                -64.31827652871641,
                52.00703157962996
              ],
              [
                -64.36586248056099,
                52.00622599945222
              ],
              [
                -64.34127828217218,
                51.986698008242215
              ],
              [
                -64.36397382336632,
                51.98097577892515
              ],
              [
                -64.35950127232174,
                51.97478125214909
              ],
              [
                -64.34608445109413,
                51.97161435100123
              ],
              [
                -64.3445007621474,
                51.96561439818766
              ],
              [
                -64.35230683656583,
                51.95683652777058
              ],
              [
                -64.34655693598428,
                51.94964216988054
              ],
              [
                -64.35483490282523,
                51.94505875504626
              ],
              [
                -64.34311244182727,
                51.93489179786815
              ],
              [
                -64.36305772407675,
                51.93078069883939
              ],
              [
                -64.34805735754695,
                51.915447432001464
              ],
              [
                -64.34530688796409,
                51.906032423727694
              ],
              [
                -64.35014022226717,
                51.89728378137842
              ],
              [
                -64.3455007371464,
                51.890785172559845
              ],
              [
                -64.35366799818549,
                51.89034045231416
              ],
              [
                -64.35480649643182,
                51.87012124341766
              ],
              [
                -64.3610846624886,
                51.86501016255108
              ],
              [
                -64.35680626457572,
                51.859733731897094
              ],
              [
                -64.35755636418135,
                51.84815181623406
              ],
              [
                -64.342637969205,
                51.84160037763605
              ],
              [
                -64.34302684944238,
                51.825990709406874
              ],
              [
                -64.33738774189555,
                51.818547367473485
              ],
              [
                -64.29694154457161,
                51.79846489851481
              ],
              [
                -64.31052541320402,
                51.79054823108471
              ],
              [
                -64.30563656489169,
                51.78224242800978
              ],
              [
                -64.31177567292504,
                51.77763125521588
              ],
              [
                -64.30519224232377,
                51.77529796702966
              ],
              [
                -64.30755388308961,
                51.755936561215535
              ],
              [
                -64.30010907122131,
                51.75454759518293
              ],
              [
                -64.29716459257696,
                51.7451579679083
              ],
              [
                -64.2782471616244,
                51.747435967653445
              ],
              [
                -64.2785530121634,
                51.73743517021886
              ],
              [
                -64.28616480846479,
                51.72790627168908
              ],
              [
                -64.30024906450176,
                51.72382123779271
              ],
              [
                -64.29788819703082,
                51.713625711388296
              ],
              [
                -64.31397263393504,
                51.71162380774446
              ],
              [
                -64.29802766944006,
                51.702457365788646
              ],
              [
                -64.32711297233753,
                51.70270375817665
              ],
              [
                -64.3309474352045,
                51.692867654684555
              ],
              [
                -64.32536419052289,
                51.682588516338434
              ],
              [
                -64.3401991000921,
                51.665612650577856
              ],
              [
                -64.34789349685721,
                51.66366989712791
              ],
              [
                -64.34672656470472,
                51.668586231857894
              ],
              [
                -64.36005998495767,
                51.67320017522049
              ],
              [
                -64.38772682278595,
                51.66426017532124
              ],
              [
                -64.42686629944905,
                51.68192932497097
              ],
              [
                -64.4322274705576,
                51.66654314364811
              ],
              [
                -64.43789439149195,
                51.66337650306704
              ],
              [
                -64.43378334537422,
                51.65340404673154
              ],
              [
                -64.44753409367598,
                51.63901515236001
              ],
              [
                -64.4495619608869,
                51.6296259749684
              ],
              [
                -64.5205660599338,
                51.604317888731124
              ],
              [
                -64.53734521327945,
                51.5886199080964
              ],
              [
                -64.54609606558256,
                51.58922954498471
              ],
              [
                -64.54945745513324,
                51.5772279171846
              ],
              [
                -64.5573469552936,
                51.58089340653134
              ],
              [
                -64.56004161410924,
                51.59467257144835
              ],
              [
                -64.58193298212629,
                51.60897764800141
              ],
              [
                -64.60074079184832,
                51.637706256690315
              ],
              [
                -64.60496310890643,
                51.62892731433533
              ],
              [
                -64.6209642641243,
                51.632984873550015
              ],
              [
                -64.61607505780955,
                51.64162428890026
              ],
              [
                -64.6237144760149,
                51.64754207857271
              ],
              [
                -64.60771359126454,
                51.65140289049279
              ],
              [
                -64.61396421906977,
                51.659320979483375
              ],
              [
                -64.6112141242824,
                51.663376850127136
              ],
              [
                -64.61718663987571,
                51.669460672860986
              ],
              [
                -64.61515890735178,
                51.67340543147204
              ],
              [
                -64.6308260563587,
                51.67593319347405
              ],
              [
                -64.63038189180872,
                51.68629484096656
              ],
              [
                -64.64090998322142,
                51.6942954438687
              ],
              [
                -64.6326041628267,
                51.70624042876722
              ],
              [
                -64.67349506181566,
                51.701156790098835
              ],
              [
                -64.67446725387025,
                51.71271288072787
              ],
              [
                -64.68644022707714,
                51.70818487180432
              ],
              [
                -64.6806345365926,
                51.71965766157757
              ],
              [
                -64.69716333788011,
                51.72140763944546
              ],
              [
                -64.69119083806575,
                51.72840792458331
              ],
              [
                -64.70696978914035,
                51.73126897562661
              ],
              [
                -64.69899725644625,
                51.736074906497315
              ],
              [
                -64.71013706922184,
                51.74618598568235
              ],
              [
                -64.69688621377233,
                51.75465875619796
              ],
              [
                -64.726943685185,
                51.75738044388956
              ],
              [
                -64.73799982781046,
                51.7654636907855
              ],
              [
                -64.75975151558717,
                51.759435700420056
              ],
              [
                -64.76700139279286,
                51.767574892411716
              ],
              [
                -64.76397315042627,
                51.78024211028762
              ],
              [
                -64.78011342346502,
                51.78018651490338
              ],
              [
                -64.78183598471497,
                51.79015932528395
              ],
              [
                -64.76741755557921,
                51.79449260423739
              ],
              [
                -64.77416812972882,
                51.80474294853948
              ],
              [
                -64.74124723859673,
                51.82452154012066
              ],
              [
                -64.74733038158443,
                51.836215744642274
              ],
              [
                -64.75433089334742,
                51.83852101880708
              ],
              [
                -64.7528022031874,
                51.8453251468099
              ],
              [
                -64.73077280218729,
                51.849546314922165
              ],
              [
                -64.72499340585534,
                51.86332132501346
              ],
              [
                -64.72746567405981,
                51.86790372760684
              ],
              [
                -64.70418591198363,
                51.87867901467686
              ],
              [
                -64.71568552873659,
                51.88595545144297
              ],
              [
                -64.73088053246867,
                51.886511049169016
              ],
              [
                -64.75135287107182,
                51.90173074185196
              ],
              [
                -64.77710922233295,
                51.911568725646305
              ],
              [
                -64.77338559035807,
                51.91848380271343
              ],
              [
                -64.8016437490046,
                51.93554738747044
              ],
              [
                -64.81309126708963,
                51.948411850023795
              ],
              [
                -64.8107292417434,
                51.95721656732524
              ],
              [
                -64.82059318659142,
                51.95958049442853
              ],
              [
                -64.82773395659164,
                51.96477714299616
              ],
              [
                -64.82706732965237,
                51.96983243772686
              ],
              [
                -64.84198564965749,
                51.97638962130377
              ],
              [
                -64.82328820214255,
                51.98460932690491
              ],
              [
                -64.81567452516501,
                51.99894070810869
              ],
              [
                -64.80600570187282,
                52.00446654211586
              ],
              [
                -64.81714782617851,
                52.006414019129735
              ],
              [
                -64.82198317461142,
                52.01641629042868
              ],
              [
                -64.83012433685896,
                52.01947374566913
              ],
              [
                -64.82542935664486,
                52.02839043403781
              ],
              [
                -64.83515288129216,
                52.02828044579392
              ],
              [
                -64.83518086270247,
                52.034752927706464
              ],
              [
                -64.84540348579363,
                52.03878103203436
              ],
              [
                -64.9061265500218,
                52.045307668522064
              ],
              [
                -64.90468208010137,
                52.05530800296602
              ],
              [
                -64.91954236729909,
                52.06511244299577
              ],
              [
                -64.93170623396743,
                52.06663686192211
              ],
              [
                -64.94320374004926,
                52.07877295635845
              ],
              [
                -64.94192635800351,
                52.08571800236661
              ],
              [
                -64.95670122982098,
                52.10582603384491
              ],
              [
                -64.98425053560345,
                52.112485180125134
              ],
              [
                -65.00769166919297,
                52.12470327128289
              ],
              [
                -65.02369218513391,
                52.13925909994512
              ],
              [
                -65.05952688352448,
                52.137759048874656
              ],
              [
                -65.06552687945826,
                52.14839822322452
              ],
              [
                -65.08424959500012,
                52.15617634586574
              ],
              [
                -65.08699965171321,
                52.16681513429243
              ],
              [
                -65.10063903390113,
                52.16764880808045
              ],
              [
                -65.09549989855535,
                52.16120405830016
              ],
              [
                -65.096444742369,
                52.152704030084344
              ],
              [
                -65.10652889606588,
                52.1354815354226
              ],
              [
                -65.10980679624738,
                52.11898152802493
              ],
              [
                -65.12725215887737,
                52.104370211549025
              ],
              [
                -65.14661404017265,
                52.10459267811165
              ],
              [
                -65.15469778171888,
                52.112509315028824
              ],
              [
                -65.15869748562122,
                52.134342969000045
              ],
              [
                -65.14472473711194,
                52.130398477784745
              ],
              [
                -65.13605774017984,
                52.13553738871652
              ],
              [
                -65.14208549318899,
                52.14712104819728
              ],
              [
                -65.16969772618046,
                52.15648213084145
              ],
              [
                -65.17439198233262,
                52.17803801675132
              ],
              [
                -65.18228074199462,
                52.188788210066576
              ],
              [
                -65.17025243488547,
                52.195316016273864
              ],
              [
                -65.18291978538613,
                52.206649739553605
              ],
              [
                -65.20005950533954,
                52.198871828046755
              ],
              [
                -65.20830968758811,
                52.201066301153034
              ],
              [
                -65.21314278779315,
                52.2224832930341
              ],
              [
                -65.20180889704139,
                52.24595571959452
              ],
              [
                -65.1995619772213,
                52.261818577866826
              ],
              [
                -65.20428437912204,
                52.263679683011816
              ],
              [
                -65.21600466805388,
                52.256178494677414
              ],
              [
                -65.22731132380075,
                52.263651368445586
              ],
              [
                -65.24336612870817,
                52.26142855374224
              ],
              [
                -65.24561607393751,
                52.26728967850611
              ],
              [
                -65.23445080329361,
                52.27598494599405
              ],
              [
                -65.24442187906567,
                52.27617885677709
              ],
              [
                -65.2495323083433,
                52.28156745340445
              ],
              [
                -65.25842163337467,
                52.276650774500006
              ],
              [
                -65.26753305196384,
                52.279011848606196
              ],
              [
                -65.27733949412415,
                52.255456347074514
              ],
              [
                -65.29828481876008,
                52.25151182100831
              ],
              [
                -65.30553511582424,
                52.24128963740058
              ],
              [
                -65.32748024134513,
                52.24515076439962
              ],
              [
                -65.34440277939318,
                52.24015158028271
              ],
              [
                -65.33203648811956,
                52.23076184827473
              ],
              [
                -65.34921057141206,
                52.22806827647366
              ],
              [
                -65.35115606967867,
                52.220957122430505
              ],
              [
                -65.38236443838434,
                52.220237152557004
              ],
              [
                -65.3911465231252,
                52.211626307133905
              ],
              [
                -65.4059028295715,
                52.20996074653433
              ],
              [
                -65.41271175371243,
                52.20354444846664
              ],
              [
                -65.42646345001567,
                52.20546126639296
              ],
              [
                -65.4386306011193,
                52.19823906307845
              ],
              [
                -65.46990972744955,
                52.19154461336012
              ],
              [
                -65.48502143309156,
                52.17576682377118
              ],
              [
                -65.4537148429496,
                52.170266821782356
              ],
              [
                -65.45396483445349,
                52.16132213452171
              ],
              [
                -65.47946596485129,
                52.15837798547177
              ],
              [
                -65.47482669384567,
                52.15443324103433
              ],
              [
                -65.48196623080021,
                52.143377624304435
              ],
              [
                -65.47982723533727,
                52.13340548495795
              ],
              [
                -65.49749483949674,
                52.1260999264899
              ],
              [
                -65.49646711482211,
                52.121738788903066
              ],
              [
                -65.50779870933017,
                52.11037720102279
              ],
              [
                -65.502966250635,
                52.097071596273466
              ],
              [
                -65.517961509012,
                52.0931817983506
              ],
              [
                -65.51951588710014,
                52.08568153925669
              ],
              [
                -65.53964701745063,
                52.0673746061751
              ],
              [
                -65.53375896461877,
                52.05798567700108
              ],
              [
                -65.5471739491834,
                52.05084652765855
              ],
              [
                -65.538563417591,
                52.04540208610796
              ],
              [
                -65.5787890799802,
                52.03468067858472
              ],
              [
                -65.58239870760193,
                52.038708164061276
              ],
              [
                -65.61295986529741,
                52.042098183767095
              ],
              [
                -65.61323658075423,
                52.047403798507496
              ],
              [
                -65.62098813371007,
                52.04809849240922
              ],
              [
                -65.62104545421194,
                52.04029295130812
              ],
              [
                -65.63004754244801,
                52.03815456177888
              ],
              [
                -65.62349158176573,
                52.034820989475094
              ],
              [
                -65.62282629498016,
                52.02676573535656
              ],
              [
                -65.64021965062946,
                52.01359960405937
              ],
              [
                -65.63677544714334,
                52.01068292773527
              ],
              [
                -65.6430261851644,
                52.005822088891065
              ],
              [
                -65.63422132829847,
                51.997349635918596
              ],
              [
                -65.64716630072802,
                51.990960662688686
              ],
              [
                -65.66338898823705,
                51.99734989117878
              ],
              [
                -65.67436145237359,
                52.0126557260594
              ],
              [
                -65.6659442994647,
                52.01637789779829
              ],
              [
                -65.661304662794,
                52.03240565717583
              ],
              [
                -65.67369436269178,
                52.03612798138544
              ],
              [
                -65.67652731212638,
                52.04168347909614
              ],
              [
                -65.66280425803212,
                52.04251686256249
              ],
              [
                -65.64013048970874,
                52.06029348764159
              ],
              [
                -65.64988259982452,
                52.06709964335224
              ],
              [
                -65.64471384719562,
                52.07176596114012
              ],
              [
                -65.64871460221966,
                52.07957181313689
              ],
              [
                -65.63926590993678,
                52.083543278935295
              ],
              [
                -65.66144101237363,
                52.10010016070035
              ],
              [
                -65.66607988756768,
                52.12173851162266
              ],
              [
                -65.67658021025953,
                52.117960837824924
              ],
              [
                -65.68708044128245,
                52.10423845662955
              ],
              [
                -65.71696913620077,
                52.09965433722284
              ],
              [
                -65.7329410790853,
                52.083126026490696
              ],
              [
                -65.74935741112893,
                52.110959033982745
              ],
              [
                -65.75899635360871,
                52.10887576944298
              ],
              [
                -65.76510769038934,
                52.11604269329298
              ],
              [
                -65.77352467745895,
                52.114681511885756
              ],
              [
                -65.77830235546686,
                52.10307013213176
              ],
              [
                -65.79935888380842,
                52.10945938548808
              ],
              [
                -65.80360875166686,
                52.113320434921086
              ],
              [
                -65.80269216911523,
                52.12498744658305
              ],
              [
                -65.80997013581161,
                52.124431806317574
              ],
              [
                -65.81827612913054,
                52.11265379944953
              ],
              [
                -65.83622104939276,
                52.120320739063224
              ],
              [
                -65.86241654096081,
                52.11634909982828
              ],
              [
                -65.87155579666482,
                52.1203212901494
              ],
              [
                -65.87777862229164,
                52.10993239552918
              ],
              [
                -65.89683524467378,
                52.098627136446574
              ],
              [
                -65.88764055754555,
                52.08873790429524
              ],
              [
                -65.89808351370006,
                52.0775431734502
              ],
              [
                -65.91661352678693,
                52.09407184429259
              ],
              [
                -65.94080908020554,
                52.09896068634975
              ],
              [
                -65.94297587644283,
                52.105127668159675
              ],
              [
                -65.95469867562234,
                52.10190543940131
              ],
              [
                -65.96000412800227,
                52.10754433305493
              ],
              [
                -65.97208811063292,
                52.108905424930484
              ],
              [
                -65.96858807053232,
                52.09748877741814
              ],
              [
                -65.97744968818685,
                52.08773851081623
              ],
              [
                -65.96789362543782,
                52.08537733773404
              ],
              [
                -65.96283691389235,
                52.075960448542034
              ],
              [
                -65.97061463944212,
                52.070599352584885
              ],
              [
                -65.96936389926229,
                52.060265682163696
              ],
              [
                -65.97828100811654,
                52.05312682292606
              ],
              [
                -65.98992174072391,
                52.05662705511425
              ],
              [
                -65.99845053993599,
                52.07132176295843
              ],
              [
                -66.01195062290135,
                52.06987737840158
              ],
              [
                -66.01456166618787,
                52.07432178495819
              ],
              [
                -66.00958942570014,
                52.07979402285803
              ],
              [
                -66.02206257083566,
                52.08637767045642
              ],
              [
                -66.04947993423777,
                52.088016550966316
              ],
              [
                -66.06992527875316,
                52.10015568313362
              ],
              [
                -66.09434306813782,
                52.088961544916536
              ],
              [
                -66.08889835366115,
                52.09710046920396
              ],
              [
                -66.09164843642822,
                52.107655966613926
              ],
              [
                -66.07286980051032,
                52.12390601539073
              ],
              [
                -66.07506388000725,
                52.133572976689294
              ],
              [
                -66.07125836167494,
                52.13496153898445
              ],
              [
                -66.07492506239055,
                52.13982298956967
              ],
              [
                -66.07000801919803,
                52.14921187001591
              ],
              [
                -66.0832016967028,
                52.171406248778084
              ],
              [
                -66.08122756933938,
                52.17682290158889
              ],
              [
                -66.09275506104014,
                52.1821009680235
              ],
              [
                -66.09761227515865,
                52.20057348748053
              ],
              [
                -66.10927981510937,
                52.20863018829886
              ],
              [
                -66.12261611914255,
                52.208909061984606
              ],
              [
                -66.13639637165187,
                52.227800696260296
              ],
              [
                -66.14840033520694,
                52.2283857010233
              ],
              [
                -66.15112343758342,
                52.233386514649695
              ],
              [
                -66.1656564851173,
                52.23436068439933
              ],
              [
                -66.16893315220246,
                52.21810880304089
              ],
              [
                -66.17465537405964,
                52.21394156530591
              ],
              [
                -66.18774003967717,
                52.223831811339885
              ],
              [
                -66.19926841403696,
                52.224193220082896
              ],
              [
                -66.2055472873026,
                52.23697271470091
              ],
              [
                -66.19846405483577,
                52.23975069127802
              ],
              [
                -66.20210362572794,
                52.24714072221283
              ],
              [
                -66.21568508271102,
                52.259473207571574
              ],
              [
                -66.23321207250142,
                52.262250700490284
              ],
              [
                -66.24295766996414,
                52.27344352079075
              ],
              [
                -66.24903625805861,
                52.28477517420788
              ],
              [
                -66.24220127790035,
                52.290579884200255
              ],
              [
                -66.25133537905313,
                52.300606047352474
              ],
              [
                -66.2476395149256,
                52.30429985596623
              ],
              [
                -66.25638714263687,
                52.31016018054779
              ],
              [
                -66.29222145117355,
                52.31082713067751
              ],
              [
                -66.28428017462956,
                52.30307820881192
              ],
              [
                -66.29589457552325,
                52.296412351570694
              ],
              [
                -66.2838965695352,
                52.28980238297245
              ],
              [
                -66.28462069549585,
                52.28544186634521
              ],
              [
                -66.31456408118028,
                52.291274335351666
              ],
              [
                -66.31462345050964,
                52.281609374002926
              ],
              [
                -66.29952148809322,
                52.257362646027936
              ],
              [
                -66.30563601082866,
                52.249474876762314
              ],
              [
                -66.29035865678074,
                52.21719431366451
              ],
              [
                -66.29594287551501,
                52.2120831757998
              ],
              [
                -66.27307849961727,
                52.17966262987883
              ],
              [
                -66.27368962690781,
                52.166439370010885
              ],
              [
                -66.26746588815467,
                52.160577325356726
              ],
              [
                -66.27038311035767,
                52.14799398451518
              ],
              [
                -66.30900401134919,
                52.14085795347699
              ],
              [
                -66.32270208277721,
                52.130831281702136
              ],
              [
                -66.33539933345467,
                52.14363763915532
              ],
              [
                -66.33031516857602,
                52.14405436235087
              ],
              [
                -66.33159317046352,
                52.14977651111838
              ],
              [
                -66.35781900202652,
                52.1458324048575
              ],
              [
                -66.37582149119093,
                52.151526802168476
              ],
              [
                -66.381099837936,
                52.16219379551981
              ],
              [
                -66.3603471124228,
                52.166082670626125
              ],
              [
                -66.35562345210802,
                52.17249963765237
              ],
              [
                -66.37106869587886,
                52.18605630013203
              ],
              [
                -66.37198465991189,
                52.19566819545192
              ],
              [
                -66.38301342266294,
                52.20414158033816
              ],
              [
                -66.38637463157025,
                52.21311457950143
              ],
              [
                -66.39293158199796,
                52.212614594253736
              ],
              [
                -66.39609822057339,
                52.217976535917195
              ],
              [
                -66.40348892006656,
                52.21403211016533
              ],
              [
                -66.40379355226509,
                52.22908907026084
              ],
              [
                -66.43193578623146,
                52.22064485631598
              ],
              [
                -66.44351907325616,
                52.229951534300625
              ],
              [
                -66.45479662285328,
                52.24873101261495
              ],
              [
                -66.47015877299839,
                52.25384207690879
              ],
              [
                -66.45029968439002,
                52.265674940101526
              ],
              [
                -66.4320767985481,
                52.265813519617495
              ],
              [
                -66.44374800622253,
                52.28356266977406
              ],
              [
                -66.45049741247102,
                52.279562942032506
              ],
              [
                -66.47155546996967,
                52.28753486956852
              ],
              [
                -66.45150078792443,
                52.29439575907204
              ],
              [
                -66.45558550491683,
                52.300672954834894
              ],
              [
                -66.47503178861452,
                52.30592298003475
              ],
              [
                -66.48770160024542,
                52.31778350633917
              ],
              [
                -66.48037084131674,
                52.329171873124295
              ],
              [
                -66.49256633175409,
                52.34078271840519
              ],
              [
                -66.49039955119403,
                52.344282973951174
              ],
              [
                -66.4822604929679,
                52.342060496865
              ],
              [
                -66.49112149624486,
                52.35494964441397
              ],
              [
                -66.4840101688493,
                52.35881073814521
              ],
              [
                -66.47375997752755,
                52.35247741654562
              ],
              [
                -66.46878735807661,
                52.358255160484504
              ],
              [
                -66.46217602489878,
                52.34881048435264
              ],
              [
                -66.44728651019373,
                52.347449386569984
              ],
              [
                -66.45092546021294,
                52.35636601970999
              ],
              [
                -66.43720264087978,
                52.354088219767846
              ],
              [
                -66.43698038361042,
                52.365282731329344
              ],
              [
                -66.4455640845939,
                52.37558848852651
              ],
              [
                -66.41572905413878,
                52.38636625383609
              ],
              [
                -66.41169795579626,
                52.37503206837216
              ],
              [
                -66.39826987133046,
                52.369418786957716
              ],
              [
                -66.3947949340537,
                52.36986238711382
              ],
              [
                -66.39685210139496,
                52.37766853914205
              ],
              [
                -66.39045762519942,
                52.38061189072449
              ],
              [
                -66.3619890222917,
                52.350440224304975
              ],
              [
                -66.35623437404016,
                52.3492723722985
              ],
              [
                -66.33988649413372,
                52.3666032401495
              ],
              [
                -66.34527986678751,
                52.37521539619995
              ],
              [
                -66.34130397383898,
                52.396659302284455
              ],
              [
                -66.36107103776615,
                52.403246294663106
              ],
              [
                -66.37330341527175,
                52.41558191004221
              ],
              [
                -66.35840184727795,
                52.424190168639726
              ],
              [
                -66.35598256195998,
                52.43238433884086
              ],
              [
                -66.38714703179666,
                52.461026846961595
              ],
              [
                -66.39370799029867,
                52.4751104447318
              ],
              [
                -66.39134460183632,
                52.480998811610455
              ],
              [
                -66.39595932403802,
                52.487304688356836
              ],
              [
                -66.39117734833454,
                52.48869300767885
              ],
              [
                -66.37941763755778,
                52.484053282356975
              ],
              [
                -66.36240408689983,
                52.46705164146709
              ],
              [
                -66.35436968707808,
                52.469939386084484
              ],
              [
                -66.35423025871803,
                52.47946712740626
              ],
              [
                -66.36031844445229,
                52.485467690070976
              ],
              [
                -66.35742700271871,
                52.490384117829066
              ],
              [
                -66.36540604212911,
                52.49585692336913
              ],
              [
                -66.36487736382819,
                52.508190213087666
              ],
              [
                -66.40096265919244,
                52.53197182439033
              ],
              [
                -66.37171630308085,
                52.53108016706258
              ],
              [
                -66.3775262531747,
                52.543386339602755
              ],
              [
                -66.37513538776493,
                52.550136288598694
              ],
              [
                -66.38367010659344,
                52.558387111504324
              ],
              [
                -66.3801116438059,
                52.56599793565014
              ],
              [
                -66.40973886308994,
                52.59441692075781
              ],
              [
                -66.42282378331714,
                52.5982227169247
              ],
              [
                -66.42836882141027,
                52.61174967363451
              ],
              [
                -66.42630858604257,
                52.61733246045859
              ],
              [
                -66.43877635522323,
                52.623637403984866
              ],
              [
                -66.44090416806408,
                52.6376644108546
              ],
              [
                -66.41601045098186,
                52.642219505160504
              ],
              [
                -66.41972538606178,
                52.65135741531429
              ],
              [
                -66.40635579568847,
                52.66066213795666
              ],
              [
                -66.40549192621408,
                52.67221769356624
              ],
              [
                -66.38785493124351,
                52.68180138036174
              ],
              [
                -66.34837931605006,
                52.65121720623678
              ],
              [
                -66.34777024393958,
                52.63921710960472
              ],
              [
                -66.33279348394261,
                52.6347165913922
              ],
              [
                -66.31624243981713,
                52.60921663233353
              ],
              [
                -66.28905488604987,
                52.60257829015446
              ],
              [
                -66.27439157527783,
                52.62696771990518
              ],
              [
                -66.28480552930749,
                52.62818966479235
              ],
              [
                -66.27825151940814,
                52.63616216306518
              ],
              [
                -66.29185932537357,
                52.63363412335049
              ],
              [
                -66.29277567202021,
                52.637745221890825
              ],
              [
                -66.28727671615592,
                52.64071740944776
              ],
              [
                -66.30607770498936,
                52.63685604640926
              ],
              [
                -66.30638315640324,
                52.64093939896219
              ],
              [
                -66.2978021362003,
                52.64155079127808
              ],
              [
                -66.2944970675719,
                52.65007857253902
              ],
              [
                -66.30252302664033,
                52.650495173379404
              ],
              [
                -66.3111874326575,
                52.660578534529975
              ],
              [
                -66.30774347453452,
                52.66305080396257
              ],
              [
                -66.33949183304826,
                52.68341216389703
              ],
              [
                -66.33357630813633,
                52.68788436067089
              ],
              [
                -66.33966377849308,
                52.70219046246734
              ],
              [
                -66.32608270499908,
                52.71105218904999
              ],
              [
                -66.32497327904397,
                52.71738550094774
              ],
              [
                -66.30772620012412,
                52.72577500756382
              ],
              [
                -66.33498019686797,
                52.744997756456854
              ],
              [
                -66.32750871847936,
                52.75102581048422
              ],
              [
                -66.33123133040438,
                52.75799802333696
              ],
              [
                -66.3280921114105,
                52.76066468778676
              ],
              [
                -66.34992689120199,
                52.781137514992544
              ],
              [
                -66.34653742689959,
                52.79444304690201
              ],
              [
                -66.3552878777971,
                52.802248861730014
              ],
              [
                -66.36084407351245,
                52.79694323985454
              ],
              [
                -66.3860685609938,
                52.795748858004735
              ],
              [
                -66.38601300349005,
                52.80272137995808
              ],
              [
                -66.37592860116234,
                52.809443574150364
              ],
              [
                -66.38129019891034,
                52.81905464931556
              ],
              [
                -66.39848527664923,
                52.83536052207009
              ],
              [
                -66.40715186606536,
                52.837055228064465
              ],
              [
                -66.41748161799975,
                52.85063836663307
              ],
              [
                -66.41756263951554,
                52.85713829951617
              ],
              [
                -66.41281161090622,
                52.85974941500164
              ],
              [
                -66.41580933756097,
                52.866666104861466
              ],
              [
                -66.40861252428785,
                52.87283249289753
              ],
              [
                -66.38705384046915,
                52.87780443116286
              ],
              [
                -66.37849882699155,
                52.874748844980274
              ],
              [
                -66.3727518189817,
                52.86363805762433
              ],
              [
                -66.35464157062654,
                52.8572211102434
              ],
              [
                -66.34680571009362,
                52.8631933362698
              ],
              [
                -66.33394351226154,
                52.86391522771754
              ],
              [
                -66.31008733866533,
                52.84316555753773
              ],
              [
                -66.28617178504885,
                52.83591521619661
              ],
              [
                -66.27644657803334,
                52.84510967371273
              ],
              [
                -66.29491521716504,
                52.86024853827603
              ],
              [
                -66.27085660158075,
                52.86777609695149
              ],
              [
                -66.25760629147487,
                52.86680384017669
              ],
              [
                -66.25874380129176,
                52.87202604285702
              ],
              [
                -66.27163133167424,
                52.87860937240535
              ],
              [
                -66.27312659345044,
                52.894970271590964
              ],
              [
                -66.29275990955622,
                52.917164720077395
              ],
              [
                -66.30762187550181,
                52.921136968214604
              ],
              [
                -66.3235665328117,
                52.93791500706076
              ],
              [
                -66.31895575475826,
                52.94733191446413
              ],
              [
                -66.32564986917936,
                52.95908196687662
              ],
              [
                -66.32153930351731,
                52.971193295630655
              ],
              [
                -66.33812302865734,
                52.98230474568619
              ],
              [
                -66.34823683573173,
                52.99869445163129
              ],
              [
                -66.34529163815051,
                53.00591667268926
              ],
              [
                -66.36651991435754,
                53.02091780014121
              ],
              [
                -66.3753560562579,
                53.014723626062136
              ],
              [
                -66.40144723961701,
                53.02036418611256
              ],
              [
                -66.43634048096963,
                53.04772639785628
              ],
              [
                -66.44434110960583,
                53.04228190290092
              ],
              [
                -66.46028614547212,
                53.05275415587786
              ],
              [
                -66.46128642964614,
                53.036809752695724
              ],
              [
                -66.47317579755091,
                53.041781928040784
              ],
              [
                -66.4767314213032,
                53.03383750086901
              ],
              [
                -66.46892572254218,
                53.02342054967524
              ],
              [
                -66.47767608557953,
                53.01953160890848
              ],
              [
                -66.46659208671551,
                52.997781359269915
              ],
              [
                -66.46964573429844,
                52.990114140147625
              ],
              [
                -66.48989915885711,
                53.001365000113545
              ],
              [
                -66.49751024555819,
                52.99878139355402
              ],
              [
                -66.48795242237203,
                52.99153109183569
              ],
              [
                -66.49064554693452,
                52.9854197579338
              ],
              [
                -66.49895078688013,
                52.982586130321096
              ],
              [
                -66.48869911354697,
                52.976863632828234
              ],
              [
                -66.48516917659111,
                52.96875190482604
              ],
              [
                -66.49391880368843,
                52.965696092170866
              ],
              [
                -66.48730551053727,
                52.95727921021176
              ],
              [
                -66.4963327757312,
                52.954112225533585
              ],
              [
                -66.4979147208858,
                52.948195290687416
              ],
              [
                -66.51058466795563,
                52.95152948779031
              ],
              [
                -66.51625576832755,
                52.96758583381101
              ],
              [
                -66.51875534483649,
                52.961752542951224
              ],
              [
                -66.53078505025157,
                52.95964165533271
              ],
              [
                -66.52733784894538,
                52.946502219645915
              ],
              [
                -66.55509387301142,
                52.94008670300779
              ],
              [
                -66.56276282412078,
                52.94264280314219
              ],
              [
                -66.56206775147487,
                52.937614649479166
              ],
              [
                -66.56951447813256,
                52.93533742396374
              ],
              [
                -66.59765750147463,
                52.943810483332285
              ],
              [
                -66.6064911025017,
                52.95258862227735
              ],
              [
                -66.63074246197606,
                52.95592194605411
              ],
              [
                -66.63899387256744,
                52.93569968408114
              ],
              [
                -66.63316029198565,
                52.930921663595335
              ],
              [
                -66.6500229458778,
                52.92417195820882
              ],
              [
                -66.64280032656292,
                52.91669937839574
              ],
              [
                -66.64518951404229,
                52.911088294567016
              ],
              [
                -66.63146673888716,
                52.89872687027001
              ],
              [
                -66.64377304741926,
                52.896865846674075
              ],
              [
                -66.65071796140661,
                52.90144941710327
              ],
              [
                -66.65049587568639,
                52.893115758976876
              ],
              [
                -66.66508023717395,
                52.892449404479116
              ],
              [
                -66.64463477802747,
                52.87431000458305
              ],
              [
                -66.64813498986963,
                52.86792107161622
              ],
              [
                -66.65499669473046,
                52.871282136882144
              ],
              [
                -66.65519114538094,
                52.8657266391208
              ],
              [
                -66.65324661513924,
                52.85911545327524
              ],
              [
                -66.64127386699711,
                52.851254122538855
              ],
              [
                -66.6625252629026,
                52.83603189587275
              ],
              [
                -66.66560972680448,
                52.81936528051518
              ],
              [
                -66.6622762982698,
                52.81580972812341
              ],
              [
                -66.66652704042566,
                52.80980970018655
              ],
              [
                -66.64841324524338,
                52.792503605330566
              ],
              [
                -66.64719057200485,
                52.78228109096904
              ],
              [
                -66.66647336732451,
                52.782421176450484
              ],
              [
                -66.67286167046764,
                52.79192106156896
              ],
              [
                -66.68650161439115,
                52.78867136674423
              ],
              [
                -66.69097506368185,
                52.77019917009675
              ],
              [
                -66.68805867326219,
                52.76606024061284
              ],
              [
                -66.71483778494138,
                52.75992132302456
              ],
              [
                -66.72819885358759,
                52.76758826969757
              ],
              [
                -66.74264386715599,
                52.7688383104629
              ],
              [
                -66.77605990137042,
                52.80217224007305
              ],
              [
                -66.78933839319689,
                52.79947775933124
              ],
              [
                -66.78081092225945,
                52.79028330231714
              ],
              [
                -66.77878362753526,
                52.77781079967169
              ],
              [
                -66.75647864355716,
                52.757838290571264
              ],
              [
                -66.7577569185534,
                52.751449368662136
              ],
              [
                -66.75242307709854,
                52.74575467203359
              ],
              [
                -66.75897811887474,
                52.72339192279049
              ],
              [
                -66.75094786915481,
                52.70133408399619
              ],
              [
                -66.77109000953809,
                52.69819574000015
              ],
              [
                -66.77189594647257,
                52.693334412311486
              ],
              [
                -66.75858706827404,
                52.678054648591534
              ],
              [
                -66.76075368127394,
                52.667276361052664
              ],
              [
                -66.77481283165274,
                52.66808276076797
              ],
              [
                -66.79265035225701,
                52.67933437680852
              ],
              [
                -66.80278895491776,
                52.71630910258738
              ],
              [
                -66.8178470473256,
                52.71250381164145
              ],
              [
                -66.83940043651184,
                52.751949692427324
              ],
              [
                -66.84884570035578,
                52.75542192363433
              ],
              [
                -66.85867756811493,
                52.768866039192176
              ],
              [
                -66.8722653233252,
                52.75672721914858
              ],
              [
                -66.85690358505649,
                52.75086639578347
              ],
              [
                -66.86246197846548,
                52.72883800761403
              ],
              [
                -66.85573986222705,
                52.7198099595694
              ],
              [
                -66.86440757542628,
                52.71875434917928
              ],
              [
                -66.88985424019778,
                52.73356021148229
              ],
              [
                -66.89643876147578,
                52.730782148915175
              ],
              [
                -66.8767148298658,
                52.715920999442375
              ],
              [
                -66.86629837561937,
                52.69894852241429
              ],
              [
                -66.85479842858435,
                52.69003162451877
              ],
              [
                -66.85330009979707,
                52.67411435837978
              ],
              [
                -66.87130086977294,
                52.67630913517052
              ],
              [
                -66.87313397879248,
                52.680559055701
              ],
              [
                -66.88835737022102,
                52.67628136568262
              ],
              [
                -66.89994124677041,
                52.67847577965429
              ],
              [
                -66.90682983633599,
                52.70392076494399
              ],
              [
                -66.91110821289882,
                52.70319860372336
              ],
              [
                -66.92585700338455,
                52.72786580567885
              ],
              [
                -66.94432683810388,
                52.73728325043984
              ],
              [
                -66.95562825117722,
                52.76042270627906
              ],
              [
                -66.96193467512914,
                52.754812146332384
              ],
              [
                -66.97340603439213,
                52.75378490286389
              ],
              [
                -66.9814881896463,
                52.756285248974095
              ],
              [
                -66.9863760151542,
                52.764729959987434
              ],
              [
                -66.99126515141042,
                52.757091327804055
              ],
              [
                -67.00284794397508,
                52.75939747678689
              ],
              [
                -67.00393157894139,
                52.75370269397795
              ],
              [
                -67.01951575202791,
                52.74328551310721
              ],
              [
                -67.02357120978596,
                52.746146871381676
              ],
              [
                -67.0164595897726,
                52.754841599773904
              ],
              [
                -67.03237713135304,
                52.7491471215385
              ],
              [
                -67.0347382985145,
                52.7653696346863
              ],
              [
                -67.04218292168932,
                52.76992518309401
              ],
              [
                -67.0353214894565,
                52.77459189492848
              ],
              [
                -67.07037848591538,
                52.77695323424068
              ],
              [
                -67.05573842485168,
                52.80856491897395
              ],
              [
                -67.06535012254096,
                52.8218988705135
              ],
              [
                -67.04770869324608,
                52.83959305543156
              ],
              [
                -67.04798442002972,
                52.848231352599264
              ],
              [
                -67.05748137051108,
                52.859424992848204
              ],
              [
                -67.05020244018625,
                52.864952408809756
              ],
              [
                -67.06367051114067,
                52.875701349882554
              ],
              [
                -67.07766907342553,
                52.87539524943661
              ],
              [
                -67.09020044062719,
                52.868424176126716
              ],
              [
                -67.09528356481373,
                52.87170188642524
              ],
              [
                -67.1041207296223,
                52.86484187223686
              ],
              [
                -67.12562519245452,
                52.86078749206233
              ],
              [
                -67.13223939414364,
                52.85045497846512
              ],
              [
                -67.15096351447858,
                52.853455519329536
              ],
              [
                -67.15638153589754,
                52.8454555380838
              ],
              [
                -67.15796625361983,
                52.8217604978123
              ],
              [
                -67.16582800908294,
                52.8152602106983
              ],
              [
                -67.18807886694711,
                52.83334444651296
              ],
              [
                -67.1993846121863,
                52.83278879910769
              ],
              [
                -67.21677375945131,
                52.84128916875683
              ],
              [
                -67.23171922707412,
                52.840789397252
              ],
              [
                -67.23085748641029,
                52.849094944407035
              ],
              [
                -67.24330217139001,
                52.85240077449245
              ],
              [
                -67.24180181927427,
                52.85806778730696
              ],
              [
                -67.25488518254863,
                52.874512699158764
              ],
              [
                -67.28202744329865,
                52.880263241143446
              ],
              [
                -67.29036192696469,
                52.886569093754915
              ],
              [
                -67.32375580495076,
                52.87820825663642
              ],
              [
                -67.34189605719341,
                52.895152983401935
              ],
              [
                -67.33378476145216,
                52.89929191020308
              ],
              [
                -67.33014525597109,
                52.91043100682171
              ],
              [
                -67.33672885081997,
                52.914792144218936
              ],
              [
                -67.33622826204756,
                52.9199588319343
              ],
              [
                -67.3502828909872,
                52.92748658653973
              ],
              [
                -67.34619894968299,
                52.93051437107076
              ],
              [
                -67.3512536739872,
                52.9352919355688
              ],
              [
                -67.33669742895258,
                52.94132023481558
              ],
              [
                -67.33836244641616,
                52.951598044158395
              ],
              [
                -67.30630304341653,
                52.966042678059466
              ],
              [
                -67.29549716266862,
                52.958042695294765
              ],
              [
                -67.28721824983315,
                52.96184799405354
              ],
              [
                -67.27446720976891,
                52.95907022905233
              ],
              [
                -67.25179771048235,
                52.97545941193614
              ],
              [
                -67.23279689777634,
                52.98179247934991
              ],
              [
                -67.23976943871497,
                52.98540382863408
              ],
              [
                -67.24624194291378,
                52.98218166300853
              ],
              [
                -67.27882720753934,
                52.985292985472526
              ],
              [
                -67.28643837397506,
                52.99204302616141
              ],
              [
                -67.30663519056898,
                52.97873745776739
              ],
              [
                -67.31471811432378,
                52.98720965467498
              ],
              [
                -67.34418973611574,
                52.98229196313992
              ],
              [
                -67.34210556385183,
                52.98879221508047
              ],
              [
                -67.35643332707767,
                52.99845693696326
              ],
              [
                -67.34249087133327,
                53.005236025291616
              ],
              [
                -67.35415276130468,
                53.01190083584711
              ],
              [
                -67.3523175602967,
                53.020372507045494
              ],
              [
                -67.36078783967065,
                53.022288341053475
              ],
              [
                -67.34834312269075,
                53.0314830396629
              ],
              [
                -67.36200814174056,
                53.02973191902216
              ],
              [
                -67.36678358104177,
                53.03570326368657
              ],
              [
                -67.3646720115791,
                53.039869989311306
              ],
              [
                -67.37536417101859,
                53.04448024461636
              ],
              [
                -67.3729467766395,
                53.05109104457958
              ],
              [
                -67.38050034719816,
                53.05950687749026
              ],
              [
                -67.38102555367423,
                53.07511746157824
              ],
              [
                -67.38696971515269,
                53.07778384576103
              ],
              [
                -67.38202502323419,
                53.089534183490144
              ],
              [
                -67.37172011285816,
                53.09617361168957
              ],
              [
                -67.37238726555991,
                53.101646069406264
              ],
              [
                -67.34900134783285,
                53.115953629024
              ],
              [
                -67.3369186721351,
                53.114731607217216
              ],
              [
                -67.30806109666669,
                53.13328942456501
              ],
              [
                -67.28628392483108,
                53.13887330295772
              ],
              [
                -67.28825975678157,
                53.15356948987381
              ],
              [
                -67.29801140191721,
                53.15873695128017
              ],
              [
                -67.28540030434972,
                53.161626068039915
              ],
              [
                -67.27859551876158,
                53.17393222389217
              ],
              [
                -67.26765086584544,
                53.177043353631895
              ],
              [
                -67.25606697311495,
                53.17315446745085
              ],
              [
                -67.25640003459947,
                53.16526528538215
              ],
              [
                -67.24648137621533,
                53.157819735673925
              ],
              [
                -67.22494994714566,
                53.14712389986919
              ],
              [
                -67.16166931192375,
                53.14565133152211
              ],
              [
                -67.14475161804961,
                53.140317814298484
              ],
              [
                -67.13861223029512,
                53.135150840782714
              ],
              [
                -67.15458247281104,
                53.12812190637227
              ],
              [
                -67.12766666822164,
                53.123900596588285
              ],
              [
                -67.1234982790592,
                53.10428828907027
              ],
              [
                -67.11594291286443,
                53.100316355755076
              ],
              [
                -67.10108498982046,
                53.12042940689362
              ],
              [
                -67.07572525055882,
                53.12537472429423
              ],
              [
                -67.07536400601957,
                53.13284722430969
              ],
              [
                -67.06622431997386,
                53.13829169430644
              ],
              [
                -67.05580773693214,
                53.13737469748454
              ],
              [
                -67.06164138118137,
                53.125208040679475
              ],
              [
                -67.05194687316272,
                53.12112448641046
              ],
              [
                -67.05241941183465,
                53.11476335654077
              ],
              [
                -67.07628075819466,
                53.10567997062767
              ],
              [
                -67.06683690623684,
                53.088624158603984
              ],
              [
                -67.07680829225788,
                53.07892918600896
              ],
              [
                -67.0723349851165,
                53.073428623397
              ],
              [
                -67.0483080020529,
                53.07442857222653
              ],
              [
                -67.04314103869959,
                53.06956690672025
              ],
              [
                -67.02522518532788,
                53.075178639993744
              ],
              [
                -67.01161467998682,
                53.07315054211251
              ],
              [
                -67.00653122860776,
                53.0801505142026
              ],
              [
                -66.97814150009393,
                53.0838450115169
              ],
              [
                -66.96922384170229,
                53.09651195347977
              ],
              [
                -66.98086297728392,
                53.09840077939994
              ],
              [
                -66.98363957294862,
                53.118651393046704
              ],
              [
                -66.9756667914078,
                53.12490137011686
              ],
              [
                -66.95188792056449,
                53.12762300716552
              ],
              [
                -66.94227567565473,
                53.137123086719
              ],
              [
                -66.99063888630437,
                53.13990197770413
              ],
              [
                -66.99555562067101,
                53.1460966823955
              ],
              [
                -67.00500015138512,
                53.147541086317766
              ],
              [
                -67.0062218495748,
                53.15662471350329
              ],
              [
                -66.99652666085821,
                53.16890273343188
              ],
              [
                -66.95694129027207,
                53.17526274642383
              ],
              [
                -66.95119069349217,
                53.18045721328623
              ],
              [
                -66.95994077869534,
                53.19134643649666
              ],
              [
                -66.95094019972423,
                53.19715168153383
              ],
              [
                -66.96838484992298,
                53.20398524694962
              ],
              [
                -66.96018967909153,
                53.220235327363646
              ],
              [
                -66.97330128439633,
                53.224013294493204
              ],
              [
                -66.97446773122073,
                53.22876333009608
              ],
              [
                -66.96388353780425,
                53.236568877445855
              ],
              [
                -66.96882789445256,
                53.24609668257959
              ],
              [
                -66.96221626924793,
                53.250096683305095
              ],
              [
                -66.96988327155479,
                53.25484665472045
              ],
              [
                -66.9582710588045,
                53.263402238199006
              ],
              [
                -66.95471491500352,
                53.27037440223379
              ],
              [
                -66.95807599372918,
                53.275902227876486
              ],
              [
                -66.94454744315202,
                53.28329114025277
              ],
              [
                -66.95104713744583,
                53.29342997842121
              ],
              [
                -66.94815732921055,
                53.30429118095514
              ],
              [
                -66.9516574500708,
                53.310818916726355
              ],
              [
                -66.9783801298279,
                53.31759694486277
              ],
              [
                -66.98993604698602,
                53.32681920076061
              ],
              [
                -67.01374194563633,
                53.32123614032894
              ],
              [
                -67.02057526072389,
                53.33954198357349
              ],
              [
                -66.98637962489013,
                53.35495832061525
              ],
              [
                -66.98965738961584,
                53.36081976630187
              ],
              [
                -67.00438023538382,
                53.362514181102895
              ],
              [
                -66.99699076414869,
                53.3698475132929
              ],
              [
                -66.9816846673134,
                53.37009757276746
              ],
              [
                -66.97568462608794,
                53.358541679400865
              ],
              [
                -66.96276741021411,
                53.35937505788368
              ],
              [
                -66.9556838111317,
                53.36718062512728
              ],
              [
                -66.9450443492152,
                53.36909720368828
              ],
              [
                -66.94268275160128,
                53.385153062894034
              ],
              [
                -66.93129360336299,
                53.386653066420656
              ],
              [
                -66.92209858449026,
                53.394708622756504
              ],
              [
                -66.90657024414315,
                53.389680535532335
              ],
              [
                -66.89234690443722,
                53.398902821166686
              ],
              [
                -66.8920135068191,
                53.405263909022445
              ],
              [
                -66.87523441508583,
                53.41390282365098
              ],
              [
                -66.89295741779713,
                53.42543092467672
              ],
              [
                -66.90106907347823,
                53.42012531973935
              ],
              [
                -66.9214590327044,
                53.425320319845426
              ],
              [
                -66.92445882465329,
                53.43526471708065
              ],
              [
                -66.93159786973676,
                53.439598338451354
              ],
              [
                -66.91601338524868,
                53.45801533734354
              ],
              [
                -66.92831929909647,
                53.45965413920791
              ],
              [
                -66.92520766551749,
                53.467265360307074
              ],
              [
                -66.93223570488563,
                53.47562667521426
              ],
              [
                -66.94751417701363,
                53.47898809022083
              ],
              [
                -66.97334848615142,
                53.469543423224664
              ],
              [
                -66.9899326284371,
                53.46868249163224
              ],
              [
                -66.99315456143994,
                53.47815472779527
              ],
              [
                -66.97290361592046,
                53.49348836241171
              ],
              [
                -66.97118105578913,
                53.50001614332616
              ],
              [
                -66.9992377426597,
                53.50140529970057
              ],
              [
                -67.00487664277294,
                53.5130997610861
              ],
              [
                -67.01623764539895,
                53.516405073194996
              ],
              [
                -67.01640384234082,
                53.527182792616415
              ],
              [
                -67.03637531572248,
                53.53601562220627
              ],
              [
                -67.04595866004007,
                53.53162671934797
              ],
              [
                -67.05165223884863,
                53.539265074192855
              ],
              [
                -67.06826215752538,
                53.54298670820241
              ],
              [
                -67.08087428366002,
                53.53440367070087
              ],
              [
                -67.09987666757232,
                53.52982112654156
              ],
              [
                -67.10909942122801,
                53.53126586146383
              ],
              [
                -67.11354355840493,
                53.53701558309453
              ],
              [
                -67.12901780007488,
                53.533794258216865
              ],
              [
                -67.15235329861743,
                53.54098977348595
              ],
              [
                -67.17141089226274,
                53.55715753506401
              ],
              [
                -67.18335552601745,
                53.559240889988864
              ],
              [
                -67.18641107760558,
                53.552185366967215
              ],
              [
                -67.1956061597645,
                53.54774060911003
              ],
              [
                -67.19349470305119,
                53.53682363272926
              ],
              [
                -67.21180107533341,
                53.53999060260994
              ],
              [
                -67.2188292843399,
                53.53168473330526
              ],
              [
                -67.23338526835752,
                53.54899086616397
              ],
              [
                -67.25938679154582,
                53.56360251732683
              ],
              [
                -67.28255482669076,
                53.55471363746838
              ],
              [
                -67.29038839697625,
                53.54610222309914
              ],
              [
                -67.30755583108332,
                53.55238033042001
              ],
              [
                -67.31538972215864,
                53.56518617987852
              ],
              [
                -67.30875034541171,
                53.57474194033653
              ],
              [
                -67.31241738324168,
                53.57979754889481
              ],
              [
                -67.30369449255316,
                53.58765894119032
              ],
              [
                -67.32536231895315,
                53.58868672268306
              ],
              [
                -67.3430570357505,
                53.60068703473922
              ],
              [
                -67.35653006996978,
                53.601270299415276
              ],
              [
                -67.3830587324548,
                53.61674309666295
              ],
              [
                -67.38391979942081,
                53.62427090962841
              ],
              [
                -67.37778065251901,
                53.62965978352095
              ],
              [
                -67.38469752886918,
                53.63788220839658
              ],
              [
                -67.37936372815207,
                53.64179890007107
              ],
              [
                -67.3816413988556,
                53.651604729292764
              ],
              [
                -67.39333679877518,
                53.656660572608324
              ],
              [
                -67.39141987262448,
                53.66357724457476
              ],
              [
                -67.40680956259484,
                53.66427168420599
              ],
              [
                -67.40314174781712,
                53.67171587129379
              ],
              [
                -67.38997291235803,
                53.67879864461781
              ],
              [
                -67.38438647745198,
                53.69343648770659
              ],
              [
                -67.40983197936109,
                53.69496423614645
              ],
              [
                -67.42177453823867,
                53.710102280775025
              ],
              [
                -67.41907818787594,
                53.718018357893875
              ],
              [
                -67.40613202622683,
                53.72187893478757
              ],
              [
                -67.41418668779683,
                53.72743424927462
              ],
              [
                -67.44980367577942,
                53.73079756864733
              ],
              [
                -67.4540828557606,
                53.72302033249957
              ],
              [
                -67.43719142512406,
                53.72135258978801
              ],
              [
                -67.43691543316075,
                53.71129756047792
              ],
              [
                -67.4691140078486,
                53.71493817998829
              ],
              [
                -67.48839426467107,
                53.719744759038164
              ],
              [
                -67.5133110265554,
                53.73496694928152
              ],
              [
                -67.50000681620985,
                53.7439400308581
              ],
              [
                -67.49205959621874,
                53.75635587572303
              ],
              [
                -67.52752907434444,
                53.761965360386476
              ],
              [
                -67.58138404285171,
                53.75957256144217
              ],
              [
                -67.59394148306812,
                53.76404531464594
              ],
              [
                -67.54544203060492,
                53.77785250992248
              ],
              [
                -67.55438515163102,
                53.78462947153747
              ],
              [
                -67.59144016431924,
                53.789601206062876
              ],
              [
                -67.59302359726564,
                53.79349009152281
              ],
              [
                -67.52588468326914,
                53.80324123483173
              ],
              [
                -67.52557797679111,
                53.810657547809484
              ],
              [
                -67.50621631664578,
                53.81424084386228
              ],
              [
                -67.50882659711313,
                53.81960171648323
              ],
              [
                -67.4929076827131,
                53.82807344306921
              ],
              [
                -67.49524043890605,
                53.83148982244459
              ],
              [
                -67.48885096505313,
                53.83854531355758
              ],
              [
                -67.5036568633009,
                53.84485092193303
              ],
              [
                -67.51485207510734,
                53.8389897888306
              ],
              [
                -67.53013018457861,
                53.84576780425239
              ],
              [
                -67.55629826155533,
                53.84457338430406
              ],
              [
                -67.56013123960285,
                53.85115698104595
              ],
              [
                -67.5484920475043,
                53.855601477978034
              ],
              [
                -67.56743716892036,
                53.86846280407884
              ],
              [
                -67.56838161576961,
                53.874046153777186
              ],
              [
                -67.57796509947735,
                53.874212843507784
              ],
              [
                -67.58335436402486,
                53.86812951555194
              ],
              [
                -67.60329967514342,
                53.87310198159273
              ],
              [
                -67.5949379054828,
                53.87954648668611
              ],
              [
                -67.60613286932784,
                53.88563004713702
              ],
              [
                -67.58924318622475,
                53.89029676125821
              ],
              [
                -67.59052107217506,
                53.895546773902296
              ],
              [
                -67.58477077811322,
                53.897324529308385
              ],
              [
                -67.5997988997167,
                53.90660256305759
              ],
              [
                -67.59443762572708,
                53.907491428336364
              ],
              [
                -67.58315907675718,
                53.923297036733466
              ],
              [
                -67.63110551988694,
                53.93057559721806
              ],
              [
                -67.63313357920507,
                53.93668733994967
              ],
              [
                -67.65685653805801,
                53.93329836678469
              ],
              [
                -67.66657937914025,
                53.937076718977664
              ],
              [
                -67.66885714894993,
                53.94766094928158
              ],
              [
                -67.65043967623274,
                53.95207725041816
              ],
              [
                -67.65380105040676,
                53.962050348608905
              ],
              [
                -67.67552420648978,
                53.96999621397396
              ],
              [
                -67.67096822994935,
                53.97246841143399
              ],
              [
                -67.67646849560873,
                53.97855229105389
              ],
              [
                -67.70472007767522,
                53.98038623142466
              ],
              [
                -67.7161093995383,
                53.985664531758346
              ],
              [
                -67.72524856786417,
                53.98338672318217
              ],
              [
                -67.75977781393847,
                54.00305396266459
              ],
              [
                -67.77136161493105,
                53.99766510260952
              ],
              [
                -67.78305646896001,
                54.00344313199596
              ],
              [
                -67.77694500386289,
                54.006387524565866
              ],
              [
                -67.77683362643599,
                54.01330426546413
              ],
              [
                -67.80916834291807,
                54.01327617345995
              ],
              [
                -67.81761273313188,
                54.02394260457752
              ],
              [
                -67.81580727284948,
                54.02858121423314
              ],
              [
                -67.80111188037274,
                54.03080368697568
              ],
              [
                -67.79994493246812,
                54.03691483280152
              ],
              [
                -67.78019449505975,
                54.03938730173213
              ],
              [
                -67.79219438256392,
                54.049108949616674
              ],
              [
                -67.77813838877827,
                54.0563317719842
              ],
              [
                -67.77988836815686,
                54.06419261594482
              ],
              [
                -67.76963806062956,
                54.06905425188909
              ],
              [
                -67.78163772455216,
                54.083414814370556
              ],
              [
                -67.7502758529157,
                54.08888841804541
              ],
              [
                -67.76002560003163,
                54.103942896684806
              ],
              [
                -67.77724841282206,
                54.10538680633842
              ],
              [
                -67.77719275147957,
                54.10180342387846
              ],
              [
                -67.78852670765609,
                54.09949731323054
              ],
              [
                -67.79624883389138,
                54.10227479934931
              ],
              [
                -67.79163759170095,
                54.10888589234379
              ],
              [
                -67.79672083406331,
                54.11330259275523
              ],
              [
                -67.78835940423033,
                54.11777510159014
              ],
              [
                -67.80199866714263,
                54.12485787007938
              ],
              [
                -67.80363756924108,
                54.130024546693576
              ],
              [
                -67.75349580724402,
                54.15685757269663
              ],
              [
                -67.7224672355402,
                54.14913532866106
              ],
              [
                -67.69632700442202,
                54.160357078908675
              ],
              [
                -67.67635391231856,
                54.15621785199029
              ],
              [
                -67.65154680518191,
                54.16149564642986
              ],
              [
                -67.6357408298183,
                54.15877316956398
              ],
              [
                -67.63368519356528,
                54.16488426341251
              ],
              [
                -67.6505469258282,
                54.17310672795288
              ],
              [
                -67.640657506415,
                54.17780124385901
              ],
              [
                -67.64143526803281,
                54.181357097292
              ],
              [
                -67.65124104329722,
                54.18657928966221
              ],
              [
                -67.62832318782984,
                54.19121819095986
              ],
              [
                -67.61676746602076,
                54.18749561783526
              ],
              [
                -67.60821142264304,
                54.19805148245207
              ],
              [
                -67.63332328475683,
                54.202329301233114
              ],
              [
                -67.60651668880588,
                54.207273676687485
              ],
              [
                -67.61751693720524,
                54.22002400498682
              ],
              [
                -67.6555738766132,
                54.22732980375782
              ],
              [
                -67.65935192537121,
                54.230607881062085
              ],
              [
                -67.65593495643606,
                54.234969016725856
              ],
              [
                -67.67035217950439,
                54.24030232996661
              ],
              [
                -67.67460183253645,
                54.255747063814006
              ],
              [
                -67.68321365335566,
                54.26108065023199
              ],
              [
                -67.66035106877514,
                54.27546954377568
              ],
              [
                -67.6596845941093,
                54.282080995641735
              ],
              [
                -67.66982359169282,
                54.28930313525371
              ],
              [
                -67.6694066268759,
                54.304275721179984
              ],
              [
                -67.66290641803329,
                54.31185899934834
              ],
              [
                -67.67943440902654,
                54.31824816565609
              ],
              [
                -67.67829550289677,
                54.321720370134386
              ],
              [
                -67.68618467945136,
                54.32716508158654
              ],
              [
                -67.72735302519206,
                54.33547094037691
              ],
              [
                -67.72979740662657,
                54.340832066985165
              ],
              [
                -67.72101918992502,
                54.34866570925512
              ],
              [
                -67.74088112250342,
                54.347137868446644
              ],
              [
                -67.74299227085734,
                54.353026808132014
              ],
              [
                -67.7217689239237,
                54.36752710763561
              ],
              [
                -67.72590782039839,
                54.37708289972471
              ],
              [
                -67.71401829577809,
                54.388138457499274
              ],
              [
                -67.74326913529204,
                54.40069432519269
              ],
              [
                -67.74768591984602,
                54.40988901922518
              ],
              [
                -67.74324146260508,
                54.415250077044284
              ],
              [
                -67.75671419174702,
                54.41416680548939
              ],
              [
                -67.77699258991706,
                54.42822265564661
              ],
              [
                -67.77471437296408,
                54.43844515901555
              ],
              [
                -67.75765801301378,
                54.44597287650014
              ],
              [
                -67.74585225892272,
                54.44052849217473
              ],
              [
                -67.7296012371268,
                54.44633402241463
              ],
              [
                -67.73060117765219,
                54.45880621496649
              ],
              [
                -67.72604539216955,
                54.46200063651261
              ],
              [
                -67.70404457619429,
                54.45750072862142
              ],
              [
                -67.71737864359685,
                54.44883380510977
              ],
              [
                -67.70571141335601,
                54.44113933849322
              ],
              [
                -67.66995979891105,
                54.44633346925471
              ],
              [
                -67.66015354419578,
                54.45850044910072
              ],
              [
                -67.6704317278455,
                54.465639311690154
              ],
              [
                -67.65343117663772,
                54.470194871791016
              ],
              [
                -67.66501468385745,
                54.4780006514245
              ],
              [
                -67.66026414277337,
                54.48644514064106
              ],
              [
                -67.66334772150442,
                54.49227876328539
              ],
              [
                -67.64559671904748,
                54.50836208686849
              ],
              [
                -67.63762414743105,
                54.50275101940298
              ],
              [
                -67.64184664594563,
                54.501306561090274
              ],
              [
                -67.63987473431312,
                54.49177845494384
              ],
              [
                -67.62304084314256,
                54.473972687203464
              ],
              [
                -67.58987276130452,
                54.47488901533581
              ],
              [
                -67.58217776890541,
                54.48152822541305
              ],
              [
                -67.57317742133341,
                54.480805713596524
              ],
              [
                -67.58112225238861,
                54.49144485370234
              ],
              [
                -67.56692698697927,
                54.49280597630866
              ],
              [
                -67.55764894419065,
                54.49088932134902
              ],
              [
                -67.55762102874455,
                54.48605569873717
              ],
              [
                -67.54956522325287,
                54.48213904148639
              ],
              [
                -67.53106428559244,
                54.48825019582503
              ],
              [
                -67.52895332227314,
                54.48272209718845
              ],
              [
                -67.49209083164854,
                54.47983291894287
              ],
              [
                -67.48961827275208,
                54.49174986352884
              ],
              [
                -67.50453525951357,
                54.5023057094134
              ],
              [
                -67.4877566573231,
                54.506222435419254
              ],
              [
                -67.48392302981195,
                54.51719484892522
              ],
              [
                -67.47295034069938,
                54.519056287493775
              ],
              [
                -67.47111656713929,
                54.53194546618083
              ],
              [
                -67.48483904115834,
                54.53936233770278
              ],
              [
                -67.48417241049698,
                54.54602931456622
              ],
              [
                -67.50386772019688,
                54.54619598598888
              ],
              [
                -67.51275683425803,
                54.55277957255085
              ],
              [
                -67.50983963724318,
                54.565252085215796
              ],
              [
                -67.5190624552638,
                54.56991908552459
              ],
              [
                -67.49097766762095,
                54.57347463682792
              ],
              [
                -67.49275551505545,
                54.58169712081219
              ],
              [
                -67.46450436593709,
                54.58072488554702
              ],
              [
                -67.44144798977574,
                54.56780741261393
              ],
              [
                -67.42703077293824,
                54.56547405375509
              ],
              [
                -67.43289250454512,
                54.55786264761598
              ],
              [
                -67.39822426199585,
                54.54647326622265
              ],
              [
                -67.40775267418401,
                54.54052844618332
              ],
              [
                -67.3899742708624,
                54.53622266217455
              ],
              [
                -67.3838632626814,
                54.52727796622651
              ],
              [
                -67.3660290974933,
                54.524694387436014
              ],
              [
                -67.36494569738218,
                54.516944338487214
              ],
              [
                -67.34219502745972,
                54.516416294103564
              ],
              [
                -67.33780599949506,
                54.50227708644371
              ],
              [
                -67.32161104432319,
                54.50391571113675
              ],
              [
                -67.31611044989474,
                54.512027079329336
              ],
              [
                -67.30180424749005,
                54.5140271020108
              ],
              [
                -67.29247067215714,
                54.50619347529716
              ],
              [
                -67.29644308217242,
                54.50013796941091
              ],
              [
                -67.28999870267182,
                54.48894319818401
              ],
              [
                -67.26283086959761,
                54.48349846830386
              ],
              [
                -67.26163622913555,
                54.49491545878755
              ],
              [
                -67.24544125255976,
                54.491970733896466
              ],
              [
                -67.23910759573307,
                54.499304066014815
              ],
              [
                -67.24341323244042,
                54.51099878436907
              ],
              [
                -67.22941258111392,
                54.51255437898259
              ],
              [
                -67.21905062779686,
                54.52083213233928
              ],
              [
                -67.22985654089557,
                54.53086017428811
              ],
              [
                -67.24907952741624,
                54.53105491574076
              ],
              [
                -67.26344118960243,
                54.53763820614611
              ],
              [
                -67.25607951814925,
                54.553749637403975
              ],
              [
                -67.27416369089423,
                54.55016628141138
              ],
              [
                -67.29102548372104,
                54.5529165702556
              ],
              [
                -67.28899758833712,
                54.55752763389935
              ],
              [
                -67.26699647319725,
                54.562638752202474
              ],
              [
                -67.26652409382274,
                54.57180545537522
              ],
              [
                -67.27402431712828,
                54.57605545568842
              ],
              [
                -67.27877427202398,
                54.587805725030805
              ],
              [
                -67.2481061450239,
                54.58761128092111
              ],
              [
                -67.233883756969,
                54.58197209463235
              ],
              [
                -67.22007729295142,
                54.58624988358334
              ],
              [
                -67.22996653116871,
                54.60158350722526
              ],
              [
                -67.22429923204669,
                54.602639046527074
              ],
              [
                -67.2307995915173,
                54.61316714666212
              ],
              [
                -67.22896595621266,
                54.61783384330529
              ],
              [
                -67.20757624631544,
                54.61177793817728
              ],
              [
                -67.1942978943149,
                54.61394461184484
              ],
              [
                -67.1794917189149,
                54.60699988340761
              ],
              [
                -67.1551567932835,
                54.617055497396755
              ],
              [
                -67.15376767422086,
                54.62252794212811
              ],
              [
                -67.14532285249636,
                54.61772212377158
              ],
              [
                -67.13396093343052,
                54.6220276896503
              ],
              [
                -67.13209979316058,
                54.62725019736388
              ],
              [
                -67.13809990514127,
                54.63447237709722
              ],
              [
                -67.11659806674984,
                54.64611127119865
              ],
              [
                -67.12501511577726,
                54.65447272800364
              ],
              [
                -67.10140290044188,
                54.664806028000996
              ],
              [
                -67.06770665446695,
                54.66727793330342
              ],
              [
                -67.07009554683714,
                54.67225043185919
              ],
              [
                -67.06487314303769,
                54.6750560253657
              ],
              [
                -67.07515141330295,
                54.6778060074097
              ],
              [
                -67.07454004857429,
                54.6836393461616
              ],
              [
                -67.05328895233026,
                54.695972941336926
              ],
              [
                -67.07295638930948,
                54.69911188015391
              ],
              [
                -67.06320598786209,
                54.70336183397465
              ],
              [
                -67.10054063877674,
                54.72939047414555
              ],
              [
                -67.10609612773925,
                54.73830712810091
              ],
              [
                -67.11429084593922,
                54.73816853684178
              ],
              [
                -67.12176344983135,
                54.74908520199064
              ],
              [
                -67.1525144925826,
                54.756946874067104
              ],
              [
                -67.15104208950939,
                54.762641271824485
              ],
              [
                -67.17301542550479,
                54.766919398709476
              ],
              [
                -67.16920929974916,
                54.77522494186281
              ],
              [
                -67.20715520000604,
                54.790669909669525
              ],
              [
                -67.20987728778695,
                54.798670172589624
              ],
              [
                -67.2178497652989,
                54.802975734890914
              ],
              [
                -67.21573847166074,
                54.81630941362115
              ],
              [
                -67.20840466151654,
                54.824531636867206
              ],
              [
                -67.22007173254788,
                54.82958743915151
              ],
              [
                -67.23665599292096,
                54.82805961846613
              ],
              [
                -67.24293385501959,
                54.83514322816366
              ],
              [
                -67.25307320988527,
                54.83386543870129
              ],
              [
                -67.26290649275761,
                54.84514354481562
              ],
              [
                -67.25476731300827,
                54.85011579667963
              ],
              [
                -67.28040707654809,
                54.866477403953745
              ],
              [
                -67.27601791222183,
                54.87089408263593
              ],
              [
                -67.3047135503779,
                54.880699952998015
              ],
              [
                -67.30749128566472,
                54.8828665671846
              ],
              [
                -67.30235220418021,
                54.888783539076066
              ],
              [
                -67.3086019989269,
                54.89200577328984
              ],
              [
                -67.30915763466508,
                54.897755801989305
              ],
              [
                -67.33279736471685,
                54.90617275632651
              ],
              [
                -67.32957520466704,
                54.90856156872077
              ],
              [
                -67.33193610530769,
                54.916422985628
              ],
              [
                -67.34024193912461,
                54.92250634113469
              ],
              [
                -67.3371305201839,
                54.92561747761529
              ],
              [
                -67.35143656133314,
                54.93139523590271
              ],
              [
                -67.34943646746618,
                54.94150661621984
              ],
              [
                -67.36713162052051,
                54.942562165817186
              ],
              [
                -67.37010387339055,
                54.95025661968337
              ],
              [
                -67.39621571963673,
                54.96095128522197
              ],
              [
                -67.38977100643179,
                54.96456239986528
              ],
              [
                -67.41193861551008,
                54.979396070034596
              ],
              [
                -67.40254916098613,
                54.981257165549955
              ],
              [
                -67.39610412624856,
                54.989979359826705
              ],
              [
                -67.4141605177341,
                54.99411850879279
              ],
              [
                -67.41724407850083,
                55.00014651044632
              ]
            ]
          ],
          [
            [
              [
                -66.7299373033478,
                54.97258584428592
              ],
              [
                -66.73268688448688,
                54.98478023272208
              ],
              [
                -66.7534371856856,
                54.996530792586235
              ],
              [
                -66.75004806366046,
                55.0001144171282
              ],
              [
                -67.2188176173766,
                55.00011772341226
              ],
              [
                -67.2242349240884,
                54.99545102867193
              ],
              [
                -67.21273454438985,
                54.982478530406006
              ],
              [
                -67.19695627015804,
                54.982256072848585
              ],
              [
                -67.17270537412827,
                54.96575544652177
              ],
              [
                -67.16745544523954,
                54.95658887353915
              ],
              [
                -67.13992683357571,
                54.9473105522028
              ],
              [
                -67.13181543539612,
                54.93625468306855
              ],
              [
                -67.05920194688801,
                54.891836866681714
              ],
              [
                -67.0437847616651,
                54.87869774749686
              ],
              [
                -67.04856291098598,
                54.87239185656995
              ],
              [
                -67.04270181881172,
                54.86253053351177
              ],
              [
                -67.02681227022487,
                54.85864158949267
              ],
              [
                -66.946476440057,
                54.81750160569979
              ],
              [
                -66.94511533682167,
                54.80947354073513
              ],
              [
                -66.9356428196831,
                54.80466798140945
              ],
              [
                -66.93514287105589,
                54.79972356380505
              ],
              [
                -66.9180310801514,
                54.79758440803461
              ],
              [
                -66.9104193543779,
                54.80005660856511
              ],
              [
                -66.91264165765882,
                54.804751001088235
              ],
              [
                -66.90866920426812,
                54.806695471446915
              ],
              [
                -66.8924742385707,
                54.80280657042983
              ],
              [
                -66.88272370054956,
                54.81211216287695
              ],
              [
                -66.873695475076,
                54.81294544624251
              ],
              [
                -66.7913876340643,
                54.77016687825739
              ],
              [
                -66.77097027099958,
                54.76958322277017
              ],
              [
                -66.77205392968875,
                54.76099993566263
              ],
              [
                -66.75224768566241,
                54.74636074139306
              ],
              [
                -66.75822001111877,
                54.75936102285347
              ],
              [
                -66.74024692061799,
                54.754138565712545
              ],
              [
                -66.71549595130779,
                54.73541576506896
              ],
              [
                -66.70730132893651,
                54.73358215007233
              ],
              [
                -66.70216209449468,
                54.740332474066626
              ],
              [
                -66.68805041248413,
                54.722998573290916
              ],
              [
                -66.6671887444008,
                54.7123871385501
              ],
              [
                -66.66107718874088,
                54.732887429300234
              ],
              [
                -66.69941159901212,
                54.75908271149856
              ],
              [
                -66.71716246293958,
                54.758610761933156
              ],
              [
                -66.72688470581389,
                54.78269434867561
              ],
              [
                -66.71846737759637,
                54.78372215504484
              ],
              [
                -66.72063404439972,
                54.794861067378626
              ],
              [
                -66.74835689085637,
                54.81313935687452
              ],
              [
                -66.73018976429009,
                54.808139125768335
              ],
              [
                -66.6619098860103,
                54.76755469962834
              ],
              [
                -66.65288217736426,
                54.76636022073486
              ],
              [
                -66.64277040290534,
                54.772387977777754
              ],
              [
                -66.64654844583228,
                54.77761020632548
              ],
              [
                -66.63879820183335,
                54.77813801361142
              ],
              [
                -66.64546518790928,
                54.7835268730979
              ],
              [
                -66.64077045277769,
                54.791916041282434
              ],
              [
                -66.61429798487434,
                54.78597103428731
              ],
              [
                -66.61840877278433,
                54.80124908108525
              ],
              [
                -66.60351962019516,
                54.80433244289262
              ],
              [
                -66.5976307475468,
                54.81219325104337
              ],
              [
                -66.58582488094204,
                54.81260992242897
              ],
              [
                -66.6204641359362,
                54.82886052048329
              ],
              [
                -66.63051954513699,
                54.84352745503258
              ],
              [
                -66.62565845433187,
                54.84477750632661
              ],
              [
                -66.6286584708355,
                54.848582981717236
              ],
              [
                -66.64910353935896,
                54.85424997584542
              ],
              [
                -66.64476994907868,
                54.85922215158962
              ],
              [
                -66.65213097036762,
                54.86383325395657
              ],
              [
                -66.65385356382575,
                54.87297222404878
              ],
              [
                -66.6487976271332,
                54.876444413625876
              ],
              [
                -66.66121496507846,
                54.88883325681897
              ],
              [
                -66.68679875712091,
                54.90019493550759
              ],
              [
                -66.67993773102563,
                54.9072502735826
              ],
              [
                -66.6849101216174,
                54.91463942236176
              ],
              [
                -66.67304888648145,
                54.9208613104748
              ],
              [
                -66.67796522905896,
                54.92833380826544
              ],
              [
                -66.7120760156038,
                54.95283492234138
              ],
              [
                -66.7021593448981,
                54.95516830391481
              ],
              [
                -66.73793710139218,
                54.971335765901514
              ],
              [
                -66.7299373033478,
                54.97258584428592
              ]
            ]
          ],
          [
            [
              [
                -66.62154537948786,
                54.982640271623474
              ],
              [
                -66.64324070454327,
                55.000113021177306
              ],
              [
                -66.6876582770621,
                55.000141211916166
              ],
              [
                -66.64532462734515,
                54.97661219619945
              ],
              [
                -66.6368518874988,
                54.98236245615459
              ],
              [
                -66.62154537948786,
                54.982640271623474
              ]
            ]
          ],
          [
            [
              [
                -63.55935109262197,
                54.98837366754944
              ],
              [
                -63.551378715945575,
                54.99612364768085
              ],
              [
                -63.554295683353914,
                55.00012409611889
              ],
              [
                -66.25980714813808,
                54.99869474571533
              ],
              [
                -66.25133458354914,
                54.995750012582086
              ],
              [
                -66.25097304609454,
                54.97994415862755
              ],
              [
                -66.24330586039224,
                54.9717775058223
              ],
              [
                -66.23477805950043,
                54.989555237266394
              ],
              [
                -66.21108246224304,
                54.97861055355444
              ],
              [
                -66.1926649262042,
                54.981388323402975
              ],
              [
                -66.17735894963928,
                54.975027253029474
              ],
              [
                -66.15713614381406,
                54.976915844815125
              ],
              [
                -66.1594974937014,
                54.98852689319452
              ],
              [
                -66.13571869713559,
                54.974165825055245
              ],
              [
                -66.1199683006691,
                54.97110996510245
              ],
              [
                -66.11107907920388,
                54.959415561888086
              ],
              [
                -66.07446747310954,
                54.939193035359686
              ],
              [
                -66.06924488230341,
                54.930026335358214
              ],
              [
                -66.0364366102849,
                54.91672022858283
              ],
              [
                -66.03076940123479,
                54.91899797301935
              ],
              [
                -66.04863260486232,
                54.9384986459698
              ],
              [
                -66.02690878563519,
                54.942720530080294
              ],
              [
                -65.99140574341591,
                54.92772000716336
              ],
              [
                -65.97471083205924,
                54.930553332963484
              ],
              [
                -65.96384917045008,
                54.926525284751676
              ],
              [
                -65.95873804786797,
                54.931914439560124
              ],
              [
                -65.93212632293647,
                54.93896994714946
              ],
              [
                -65.87709599985843,
                54.921913864485184
              ],
              [
                -65.85226243743583,
                54.9266089067282
              ],
              [
                -65.8439287047012,
                54.90844193868181
              ],
              [
                -65.85398463121604,
                54.90277493470859
              ],
              [
                -65.85145713552285,
                54.89402502468275
              ],
              [
                -65.8623460305862,
                54.89113583503384
              ],
              [
                -65.83842931764862,
                54.88474721786784
              ],
              [
                -65.83481816561185,
                54.87702469399802
              ],
              [
                -65.84334626842858,
                54.87016326691507
              ],
              [
                -65.84012412047304,
                54.861524387919744
              ],
              [
                -65.85287432134304,
                54.85957994733967
              ],
              [
                -65.85506875255024,
                54.85130195924593
              ],
              [
                -65.83768023714109,
                54.83163522724297
              ],
              [
                -65.79403954932985,
                54.81105195181267
              ],
              [
                -65.75978812289478,
                54.78621880359567
              ],
              [
                -65.74217645825505,
                54.764385858314434
              ],
              [
                -65.7339539838355,
                54.76202438423253
              ],
              [
                -65.73531535483963,
                54.755219084341626
              ],
              [
                -65.71561989587764,
                54.73963555789595
              ],
              [
                -65.70856399046505,
                54.71857940442967
              ],
              [
                -65.6795350750216,
                54.70527333850871
              ],
              [
                -65.66003424942642,
                54.71910661975723
              ],
              [
                -65.65889542565363,
                54.72782909188497
              ],
              [
                -65.64775581315608,
                54.73924575561036
              ],
              [
                -65.64750554996922,
                54.75102385309831
              ],
              [
                -65.6338383846824,
                54.75219022059878
              ],
              [
                -65.62525501332702,
                54.73952305122744
              ],
              [
                -65.61003258751485,
                54.72882775627458
              ],
              [
                -65.59319800558637,
                54.73782743184134
              ],
              [
                -65.54155724046973,
                54.72735462785047
              ],
              [
                -65.49913816238146,
                54.73518833392191
              ],
              [
                -65.47577630156044,
                54.72691056047568
              ],
              [
                -65.45102552021996,
                54.73213297676297
              ],
              [
                -65.45141416522904,
                54.74341081217249
              ],
              [
                -65.42702439195082,
                54.74763331132296
              ],
              [
                -65.43127378018437,
                54.781383624458016
              ],
              [
                -65.43810701757866,
                54.79063356144624
              ],
              [
                -65.46002445176192,
                54.79785581679576
              ],
              [
                -65.47619110113166,
                54.810966946029154
              ],
              [
                -65.48488574890284,
                54.82855050601225
              ],
              [
                -65.48280222940275,
                54.83274495459112
              ],
              [
                -65.46127351523518,
                54.83691159966184
              ],
              [
                -65.45369020283353,
                54.84460637181888
              ],
              [
                -65.41499411926966,
                54.840578078296836
              ],
              [
                -65.41560518836329,
                54.82549474339099
              ],
              [
                -65.40930000932934,
                54.818272220645085
              ],
              [
                -65.3951055895286,
                54.815550011662914
              ],
              [
                -65.38843863470342,
                54.8261330541586
              ],
              [
                -65.35385561040962,
                54.81738253093396
              ],
              [
                -65.33916126855469,
                54.829798904860795
              ],
              [
                -65.34085576631993,
                54.84432664263875
              ],
              [
                -65.32929989577529,
                54.84449307695021
              ],
              [
                -65.31949406165892,
                54.84118746878238
              ],
              [
                -65.30604879831088,
                54.813992762710186
              ],
              [
                -65.29777068794158,
                54.812576110739876
              ],
              [
                -65.28646494821692,
                54.82232611024597
              ],
              [
                -65.28899300553431,
                54.83990946338692
              ],
              [
                -65.19857206255698,
                54.84910357779236
              ],
              [
                -65.19334968576347,
                54.86610388705084
              ],
              [
                -65.20009955651223,
                54.86724283202592
              ],
              [
                -65.19523819884432,
                54.870603841567224
              ],
              [
                -65.19812741137845,
                54.87588162215597
              ],
              [
                -65.18559883229487,
                54.88743745891223
              ],
              [
                -65.16929201983153,
                54.913937749628246
              ],
              [
                -65.17409762788883,
                54.92946580744829
              ],
              [
                -65.12804006635294,
                54.92493775902085
              ],
              [
                -65.11706700735392,
                54.94293780553773
              ],
              [
                -65.11903896626522,
                54.95816026238765
              ],
              [
                -65.07753735053467,
                54.96732693755037
              ],
              [
                -65.07464876127732,
                54.95227112774423
              ],
              [
                -65.046258500165,
                54.95379861562983
              ],
              [
                -65.04378617957667,
                54.9455208576578
              ],
              [
                -65.01989682797138,
                54.92974281127189
              ],
              [
                -65.00420176450687,
                54.92618696921023
              ],
              [
                -64.9887287790021,
                54.934520306626986
              ],
              [
                -64.95469982124749,
                54.93038114493585
              ],
              [
                -64.91405919926271,
                54.917741966339484
              ],
              [
                -64.91528179818465,
                54.91001940934507
              ],
              [
                -64.90636484552982,
                54.90821386633438
              ],
              [
                -64.90647591618661,
                54.90288027866501
              ],
              [
                -64.89603112346364,
                54.89465806588842
              ],
              [
                -64.87166917870606,
                54.89282442424469
              ],
              [
                -64.85947416841094,
                54.88621308271023
              ],
              [
                -64.84544607709297,
                54.87543499369746
              ],
              [
                -64.86286395048465,
                54.8547960636954
              ],
              [
                -64.85658581753209,
                54.84821249102088
              ],
              [
                -64.86525326491365,
                54.84765724274349
              ],
              [
                -64.86644747492286,
                54.84124028291049
              ],
              [
                -64.85500278210385,
                54.83704577265895
              ],
              [
                -64.83950193744474,
                54.84343447083101
              ],
              [
                -64.82814058717702,
                54.83251778173375
              ],
              [
                -64.81858438733896,
                54.84554558759551
              ],
              [
                -64.7988616965856,
                54.83201750136945
              ],
              [
                -64.7897224930281,
                54.83271189467413
              ],
              [
                -64.79069479882656,
                54.83851746537908
              ],
              [
                -64.78372197032601,
                54.84204529798728
              ],
              [
                -64.77233270952475,
                54.83776745872159
              ],
              [
                -64.74760998072037,
                54.80898915269683
              ],
              [
                -64.76327716303472,
                54.796794414793716
              ],
              [
                -64.77319388700366,
                54.79760029865955
              ],
              [
                -64.76724946606842,
                54.78929443975707
              ],
              [
                -64.78069389721051,
                54.787044403154944
              ],
              [
                -64.76313833603287,
                54.76937744435037
              ],
              [
                -64.75147200628183,
                54.76723829935783
              ],
              [
                -64.77269390228318,
                54.762099434207954
              ],
              [
                -64.78199915111895,
                54.76446057828399
              ],
              [
                -64.78074925280517,
                54.75290495585945
              ],
              [
                -64.80338756714235,
                54.75873835005509
              ],
              [
                -64.790081881802,
                54.74332132043099
              ],
              [
                -64.78838810827249,
                54.73118223394215
              ],
              [
                -64.75922253241296,
                54.72596000497647
              ],
              [
                -64.7426385991273,
                54.729459968810374
              ],
              [
                -64.7356377908459,
                54.73620998082649
              ],
              [
                -64.73063744795435,
                54.72315412229941
              ],
              [
                -64.69663415856306,
                54.723209452108634
              ],
              [
                -64.68052082144904,
                54.72654245790792
              ],
              [
                -64.67863085938099,
                54.736181421167004
              ],
              [
                -64.67324106243836,
                54.738764704619086
              ],
              [
                -64.63304583073017,
                54.726347745996776
              ],
              [
                -64.60121047856315,
                54.73176410542295
              ],
              [
                -64.58923877223505,
                54.72298640959547
              ],
              [
                -64.55246097588396,
                54.71056914288418
              ],
              [
                -64.55001541949507,
                54.71887496998844
              ],
              [
                -64.52806913258411,
                54.72954159884155
              ],
              [
                -64.5317346728083,
                54.74081944617786
              ],
              [
                -64.56026243067213,
                54.74973641063966
              ],
              [
                -64.55306774198776,
                54.75193082708296
              ],
              [
                -64.55040069268364,
                54.76270864550161
              ],
              [
                -64.52437175814426,
                54.75873609260447
              ],
              [
                -64.50348275700442,
                54.745652517439595
              ],
              [
                -64.47762265086031,
                54.74640246812996
              ],
              [
                -64.47134489455122,
                54.74881939657879
              ],
              [
                -64.47251123424026,
                54.752152781971716
              ],
              [
                -64.48098275858462,
                54.76673610661256
              ],
              [
                -64.4870380131146,
                54.76879164273176
              ],
              [
                -64.46742789046358,
                54.77001414933687
              ],
              [
                -64.47992713183594,
                54.77643083785655
              ],
              [
                -64.47370476597807,
                54.78509780608974
              ],
              [
                -64.4853431996947,
                54.78690331704885
              ],
              [
                -64.48734298693223,
                54.79340330081987
              ],
              [
                -64.42842958919337,
                54.78626445827552
              ],
              [
                -64.39401261374654,
                54.78823662631
              ],
              [
                -64.3840126351559,
                54.77879198635022
              ],
              [
                -64.34987208663713,
                54.77809724703924
              ],
              [
                -64.32587085687628,
                54.77381911304513
              ],
              [
                -64.32206538891207,
                54.76698581027135
              ],
              [
                -64.2972587319054,
                54.763735525422845
              ],
              [
                -64.29025846679713,
                54.75859666693379
              ],
              [
                -64.30242653087731,
                54.747929665315866
              ],
              [
                -64.29912091478882,
                54.73629080292399
              ],
              [
                -64.28289821987788,
                54.72865165332682
              ],
              [
                -64.25256374984475,
                54.72756809487244
              ],
              [
                -64.24011871856786,
                54.72204023845456
              ],
              [
                -64.24317452244351,
                54.71712333276589
              ],
              [
                -64.2361187365301,
                54.71515107867526
              ],
              [
                -64.20442275073846,
                54.7257066817157
              ],
              [
                -64.18536642103393,
                54.72284522278
              ],
              [
                -64.18164412216925,
                54.7168730641096
              ],
              [
                -64.19711723501435,
                54.71303972728104
              ],
              [
                -64.19203362861856,
                54.7071507846513
              ],
              [
                -64.17314388721121,
                54.70773392314567
              ],
              [
                -64.18081112190333,
                54.70276164734736
              ],
              [
                -64.1841447055365,
                54.69251165597893
              ],
              [
                -64.17175555463764,
                54.69226169122317
              ],
              [
                -64.16608894167031,
                54.681178076949074
              ],
              [
                -64.14650464450976,
                54.67445556153445
              ],
              [
                -64.14639365511378,
                54.669122188862715
              ],
              [
                -64.12536503565609,
                54.666482998994944
              ],
              [
                -64.11889222680279,
                54.661871954555046
              ],
              [
                -64.12258636600922,
                54.65809419899552
              ],
              [
                -64.10825273117744,
                54.655260495953875
              ],
              [
                -64.1130861298985,
                54.65248271149567
              ],
              [
                -64.10750255945686,
                54.64878827415158
              ],
              [
                -64.10750226801534,
                54.64206611330075
              ],
              [
                -64.11452967671123,
                54.640982750008384
              ],
              [
                -64.11544616456476,
                54.633260543010365
              ],
              [
                -64.09522438137977,
                54.62984356702411
              ],
              [
                -64.08805828317863,
                54.624037697446674
              ],
              [
                -64.08955807451993,
                54.620232164931465
              ],
              [
                -64.08005835666272,
                54.61842636391185
              ],
              [
                -64.05221909633006,
                54.597314699847225
              ],
              [
                -64.0302146443359,
                54.607536884625794
              ],
              [
                -63.99454111770863,
                54.59845299825311
              ],
              [
                -63.96390131391949,
                54.61811966941346
              ],
              [
                -63.93673335736508,
                54.60475828930898
              ],
              [
                -63.89426021126031,
                54.59870247045864
              ],
              [
                -63.8971771029183,
                54.606674744406845
              ],
              [
                -63.867594927670574,
                54.61289691483252
              ],
              [
                -63.879067764755185,
                54.62178613871246
              ],
              [
                -63.87434583212126,
                54.625313904261056
              ],
              [
                -63.856290430671415,
                54.61998029197308
              ],
              [
                -63.85487432044841,
                54.62523029066874
              ],
              [
                -63.828709025379396,
                54.62892470369744
              ],
              [
                -63.82673751688367,
                54.63334165829908
              ],
              [
                -63.83184936222921,
                54.638563890851074
              ],
              [
                -63.814654006376486,
                54.63731386906046
              ],
              [
                -63.81407245786707,
                54.648647537507784
              ],
              [
                -63.75831798292354,
                54.633174419735596
              ],
              [
                -63.75603924771958,
                54.62831329316816
              ],
              [
                -63.74173213678728,
                54.623590845873046
              ],
              [
                -63.7097559421132,
                54.622312760387004
              ],
              [
                -63.709562146754195,
                54.6337572108411
              ],
              [
                -63.71503515594508,
                54.63431307879599
              ],
              [
                -63.71887006038202,
                54.64906336258271
              ],
              [
                -63.72789992812713,
                54.65203557176806
              ],
              [
                -63.72370550606119,
                54.661369162037765
              ],
              [
                -63.738347670077104,
                54.66525832921998
              ],
              [
                -63.74023682615797,
                54.67059196485453
              ],
              [
                -63.76051698701869,
                54.6684808641575
              ],
              [
                -63.775739559852646,
                54.6816477494987
              ],
              [
                -63.77104487118639,
                54.68456444996716
              ],
              [
                -63.77410050965164,
                54.68867554942168
              ],
              [
                -63.754433250886045,
                54.68850891981839
              ],
              [
                -63.76129436371629,
                54.69048114592193
              ],
              [
                -63.76357210013491,
                54.698703644912214
              ],
              [
                -63.7857950803613,
                54.70598161135864
              ],
              [
                -63.782461505649636,
                54.7154817176288
              ],
              [
                -63.82457398036212,
                54.732704398902726
              ],
              [
                -63.842906286670456,
                54.74948255562502
              ],
              [
                -63.8558217627523,
                54.74923250231641
              ],
              [
                -63.87132044237323,
                54.757065813970186
              ],
              [
                -63.884707998398525,
                54.75303811217465
              ],
              [
                -63.8875968777482,
                54.75628804752177
              ],
              [
                -63.882320242098274,
                54.76301055248208
              ],
              [
                -63.88590345482973,
                54.76792720602395
              ],
              [
                -63.91251332355305,
                54.771288387872794
              ],
              [
                -63.926597402590716,
                54.77864977949461
              ],
              [
                -63.90209801292165,
                54.77873304803471
              ],
              [
                -63.90154266897875,
                54.783010834584964
              ],
              [
                -63.91657073738849,
                54.790344418182734
              ],
              [
                -63.88784933090429,
                54.788177783530266
              ],
              [
                -63.90682213025886,
                54.801483627793985
              ],
              [
                -63.86326680389748,
                54.79909444443219
              ],
              [
                -63.87765611215388,
                54.80795586023648
              ],
              [
                -63.84635040673212,
                54.80715027780803
              ],
              [
                -63.85651736521803,
                54.8144280885043
              ],
              [
                -63.8346837284093,
                54.81162248862016
              ],
              [
                -63.8227946548891,
                54.8144002572237
              ],
              [
                -63.825544572325335,
                54.81984473584882
              ],
              [
                -63.81112741452546,
                54.81826140495823
              ],
              [
                -63.81198823230186,
                54.825067016794605
              ],
              [
                -63.821544387352134,
                54.82931693212393
              ],
              [
                -63.82165518390957,
                54.837317226125855
              ],
              [
                -63.829044346168565,
                54.842567248626544
              ],
              [
                -63.82382181933374,
                54.84615054818792
              ],
              [
                -63.82584958631958,
                54.84901192450349
              ],
              [
                -63.85229493668246,
                54.86304003669569
              ],
              [
                -63.84457207916688,
                54.871401079909404
              ],
              [
                -63.8573780032367,
                54.886929175579645
              ],
              [
                -63.835960489632086,
                54.88492916778882
              ],
              [
                -63.84857191738359,
                54.89670729199299
              ],
              [
                -63.825820731761574,
                54.90265164322468
              ],
              [
                -63.84290455037527,
                54.91581867850575
              ],
              [
                -63.82337601060335,
                54.91520723784777
              ],
              [
                -63.79056873060183,
                54.9305961394727
              ],
              [
                -63.80568079345163,
                54.92848534488632
              ],
              [
                -63.8267090372,
                54.93498563924892
              ],
              [
                -63.82168104442533,
                54.93834672277652
              ],
              [
                -63.82807021738712,
                54.94501339647253
              ],
              [
                -63.789318546776,
                54.95654111174015
              ],
              [
                -63.78531851065996,
                54.948290799795295
              ],
              [
                -63.723842979718476,
                54.9391794949626
              ],
              [
                -63.72300962613652,
                54.93523474248734
              ],
              [
                -63.73387181620018,
                54.93148474378874
              ],
              [
                -63.72128786588739,
                54.92634581941276
              ],
              [
                -63.694869661413954,
                54.92620669395325
              ],
              [
                -63.68606505472196,
                54.907234219765925
              ],
              [
                -63.658423900498725,
                54.90284503879787
              ],
              [
                -63.66503629279385,
                54.913539792997135
              ],
              [
                -63.652033786117634,
                54.90520612622744
              ],
              [
                -63.630056830673894,
                54.90931695420227
              ],
              [
                -63.60438480488023,
                54.89934420949049
              ],
              [
                -63.599078190068454,
                54.90395557817834
              ],
              [
                -63.615220151894135,
                54.910844788703564
              ],
              [
                -63.606134831517615,
                54.91437225733446
              ],
              [
                -63.62836087796543,
                54.9245949991486
              ],
              [
                -63.57804640015105,
                54.92648340143413
              ],
              [
                -63.576712841816025,
                54.92956700084733
              ],
              [
                -63.592215079216416,
                54.933678047038576
              ],
              [
                -63.58882532121177,
                54.939067307782665
              ],
              [
                -63.60696702870348,
                54.9438730490049
              ],
              [
                -63.582574214268256,
                54.94756720497463
              ],
              [
                -63.57862997698226,
                54.95198420460833
              ],
              [
                -63.60685533557968,
                54.958484455831965
              ],
              [
                -63.60018759019714,
                54.96262335248769
              ],
              [
                -63.61457734279435,
                54.97676280995166
              ],
              [
                -63.57596314643078,
                54.97595667365586
              ],
              [
                -63.569435024199564,
                54.981651471501834
              ],
              [
                -63.57743537379185,
                54.98831810316678
              ],
              [
                -63.55935109262197,
                54.98837366754944
              ]
            ]
          ]
        ]
      }
    },
    {
      "type": "Feature",
      "properties": {
        "nom": "Laval"
      },
      "geometry": {
        "type": "Polygon",
        "coordinates": [
          [
            [
              -73.52310004187684,
              45.6978924188432
            ],
            [
              -73.55742433560565,
              45.70038126094642
            ],
            [
              -73.60049973818872,
              45.68908719835088
            ],
            [
              -73.61525052447041,
              45.6932443224921
            ],
            [
              -73.65098377707248,
              45.688182557243294
            ],
            [
              -73.68154184581121,
              45.69423223109398
            ],
            [
              -73.70624941605566,
              45.68092803285912
            ],
            [
              -73.72784468126414,
              45.6804124539322
            ],
            [
              -73.77514184722729,
              45.64364319779936
            ],
            [
              -73.79555033681984,
              45.615156710125135
            ],
            [
              -73.82535896020163,
              45.60740784163606
            ],
            [
              -73.82594280869394,
              45.59851449808887
            ],
            [
              -73.8382853493935,
              45.58033312349015
            ],
            [
              -73.88360420894834,
              45.55972159018644
            ],
            [
              -73.88630874601795,
              45.54914724526611
            ],
            [
              -73.88089745619624,
              45.536377385284986
            ],
            [
              -73.89614068244603,
              45.52555552183169
            ],
            [
              -73.88877104462803,
              45.521120762357555
            ],
            [
              -73.86357091410004,
              45.519987640145516
            ],
            [
              -73.85318031195119,
              45.51149553509107
            ],
            [
              -73.8443731515587,
              45.51856431564882
            ],
            [
              -73.8302591128445,
              45.518726558226035
            ],
            [
              -73.76612176278859,
              45.51144364446596
            ],
            [
              -73.70363494960691,
              45.54660565593051
            ],
            [
              -73.68252259091182,
              45.55148757858605
            ],
            [
              -73.6683703282441,
              45.565240556495525
            ],
            [
              -73.66537787843023,
              45.58041875121726
            ],
            [
              -73.64523448128709,
              45.60099842752765
            ],
            [
              -73.63081366860891,
              45.62853861480811
            ],
            [
              -73.6083410933979,
              45.64551196858545
            ],
            [
              -73.53865802160772,
              45.67880470897615
            ],
            [
              -73.52310004187684,
              45.6978924188432
            ]
          ]
        ]
      }
    },
    {
      "type": "Feature",
      "properties": {
        "nom": "Estrie"
      },
      "geometry": {
        "type": "Polygon",
        "coordinates": [
          [
            [
              -71.42105203391628,
              45.232212535810916
            ],
            [
              -71.39778335775189,
              45.24213059434712
            ],
            [
              -71.38413811455716,
              45.23351805430784
            ],
            [
              -71.37834140728846,
              45.2435008742546
            ],
            [
              -71.35653950764915,
              45.2539061458239
            ],
            [
              -71.36321395778411,
              45.266747267841886
            ],
            [
              -71.3602792370412,
              45.27034139657136
            ],
            [
              -71.3364125551531,
              45.27275084281118
            ],
            [
              -71.33080338977817,
              45.280288375321746
            ],
            [
              -71.30758889543768,
              45.28749447337693
            ],
            [
              -71.30053060568436,
              45.296657813220705
            ],
            [
              -71.28422504957145,
              45.30236810277669
            ],
            [
              -71.28051805378647,
              45.29459697654478
            ],
            [
              -71.26494914647543,
              45.293801134937546
            ],
            [
              -71.25939309210918,
              45.27204195832096
            ],
            [
              -71.24561608923727,
              45.26880835422507
            ],
            [
              -71.2355916733139,
              45.26091587018537
            ],
            [
              -71.2306152448495,
              45.249425842343086
            ],
            [
              -71.19642967962648,
              45.254061693318356
            ],
            [
              -71.1801016161535,
              45.23994613940079
            ],
            [
              -71.16233137086287,
              45.250355035827546
            ],
            [
              -71.14625942471515,
              45.23973473251213
            ],
            [
              -71.1329113475339,
              45.24452142480331
            ],
            [
              -71.12411832628639,
              45.25514671696252
            ],
            [
              -71.11631107293678,
              45.27409364654482
            ],
            [
              -71.1071893801454,
              45.27835615359992
            ],
            [
              -71.10544470085858,
              45.282808638438304
            ],
            [
              -71.1109893718387,
              45.28438643552671
            ],
            [
              -71.09820133969419,
              45.30168252098608
            ],
            [
              -71.05910074930794,
              45.31384725043647
            ],
            [
              -71.03371712747,
              45.31002809262564
            ],
            [
              -71.00852158057847,
              45.31925005408842
            ],
            [
              -71.00187244495288,
              45.328437562919156
            ],
            [
              -71.01211631078485,
              45.333878659525084
            ],
            [
              -71.01065299722623,
              45.347684214987396
            ],
            [
              -70.98497576347565,
              45.33191643909658
            ],
            [
              -70.96732517052877,
              45.33223059774559
            ],
            [
              -70.95237964494102,
              45.33912616245375
            ],
            [
              -70.93889518508882,
              45.31998894956006
            ],
            [
              -70.91783573441141,
              45.31173169482211
            ],
            [
              -70.9196104245764,
              45.30527199563214
            ],
            [
              -70.91200542640263,
              45.29632002832003
            ],
            [
              -70.92133433040681,
              45.27923505701551
            ],
            [
              -70.9074993030059,
              45.268452251590034
            ],
            [
              -70.90589570495253,
              45.26083615330908
            ],
            [
              -70.89851291028978,
              45.25833727411821
            ],
            [
              -70.89504930791202,
              45.24033448107777
            ],
            [
              -70.85819345371083,
              45.22916280734964
            ],
            [
              -70.83806652627477,
              45.234627558979966
            ],
            [
              -70.84863043255073,
              45.245188659480064
            ],
            [
              -70.84894180685433,
              45.26309950460999
            ],
            [
              -70.8318965421508,
              45.27891976895135
            ],
            [
              -70.82994405824515,
              45.29018921999073
            ],
            [
              -70.83546488636546,
              45.29397337746931
            ],
            [
              -70.81629152816393,
              45.29819030684748
            ],
            [
              -70.81154041593108,
              45.303776429984055
            ],
            [
              -70.81463011827032,
              45.30817061365041
            ],
            [
              -70.80842679141689,
              45.31182614549719
            ],
            [
              -70.80609321228141,
              45.32158838828368
            ],
            [
              -70.80758265519289,
              45.327671446298524
            ],
            [
              -70.81808513007662,
              45.332602261810884
            ],
            [
              -70.81990123920112,
              45.340203926079965
            ],
            [
              -70.80980208535277,
              45.34868004489932
            ],
            [
              -70.81447038747025,
              45.35669063014408
            ],
            [
              -70.80253346003443,
              45.365686441114896
            ],
            [
              -70.81377346932285,
              45.38776674759754
            ],
            [
              -70.8239276209797,
              45.39102842282802
            ],
            [
              -70.82573763921502,
              45.400274522382006
            ],
            [
              -70.81133487740927,
              45.41617509063868
            ],
            [
              -70.80250987354007,
              45.41794647324261
            ],
            [
              -70.7980954206227,
              45.426525079886844
            ],
            [
              -70.78143930129862,
              45.43123950026527
            ],
            [
              -70.76439710316939,
              45.42593676090839
            ],
            [
              -70.75457929000389,
              45.42831953065125
            ],
            [
              -70.7440129179449,
              45.421174785756385
            ],
            [
              -70.74357346117152,
              45.41186896714664
            ],
            [
              -70.72384787639915,
              45.39557978695828
            ],
            [
              -70.7120150980513,
              45.39049172746262
            ],
            [
              -70.67817151184254,
              45.39428314024805
            ],
            [
              -70.66166200471918,
              45.38631894240349
            ],
            [
              -70.6587695511636,
              45.37768173298969
            ],
            [
              -70.63488894445808,
              45.38342647278402
            ],
            [
              -70.63887844216966,
              45.38883450959724
            ],
            [
              -70.6363222827307,
              45.39524201480148
            ],
            [
              -70.62126981613115,
              45.40274561861018
            ],
            [
              -70.63505121735591,
              45.41107869660992
            ],
            [
              -70.62786675369055,
              45.42260925586102
            ],
            [
              -70.65073311993224,
              45.44495343900357
            ],
            [
              -70.68111485471384,
              45.45219228625862
            ],
            [
              -70.68182289559111,
              45.46170064789315
            ],
            [
              -70.69286897564857,
              45.46637287034083
            ],
            [
              -70.69172202679019,
              45.47427564675639
            ],
            [
              -70.71639621997436,
              45.48647621906176
            ],
            [
              -70.71159653337921,
              45.50181732089335
            ],
            [
              -70.72269317945846,
              45.50652147234299
            ],
            [
              -70.72257207189969,
              45.51368090859332
            ],
            [
              -70.69909815804769,
              45.53014120523918
            ],
            [
              -70.6965259278397,
              45.54000537304075
            ],
            [
              -70.68698287123003,
              45.54932232697858
            ],
            [
              -70.67709930007199,
              45.552220652811215
            ],
            [
              -70.68919593884837,
              45.56219205114247
            ],
            [
              -70.685119268761,
              45.56658010604081
            ],
            [
              -70.68769286782658,
              45.56943123045064
            ],
            [
              -70.67809592064266,
              45.570509805957364
            ],
            [
              -70.64457343972367,
              45.60699456640907
            ],
            [
              -70.61914784242981,
              45.612032609127766
            ],
            [
              -70.60704563823785,
              45.62566317389505
            ],
            [
              -70.59087206006788,
              45.63046873126511
            ],
            [
              -70.58357395139235,
              45.64240652357804
            ],
            [
              -70.56494533289836,
              45.65481624434728
            ],
            [
              -70.55858979052407,
              45.666485112580816
            ],
            [
              -70.53391120144121,
              45.67101484118231
            ],
            [
              -70.52639256757307,
              45.666365406624706
            ],
            [
              -70.46546923255728,
              45.706539295596365
            ],
            [
              -70.43916282143182,
              45.7038837400025
            ],
            [
              -70.40034610428795,
              45.719725971022164
            ],
            [
              -70.39650613860813,
              45.729089874769606
            ],
            [
              -70.39010281139007,
              45.728504851878476
            ],
            [
              -70.38383616366296,
              45.734562932132896
            ],
            [
              -70.39389476945654,
              45.740097915760764
            ],
            [
              -70.38842584227292,
              45.75021512469102
            ],
            [
              -70.40702754143068,
              45.76253765421139
            ],
            [
              -70.40574311195692,
              45.77689099673538
            ],
            [
              -70.41573950892905,
              45.78535764887
            ],
            [
              -70.41780697721336,
              45.79398932429347
            ],
            [
              -70.41363040992647,
              45.79600035977835
            ],
            [
              -70.42158485236773,
              45.80688837139721
            ],
            [
              -70.47132046408532,
              45.78883823163976
            ],
            [
              -70.49978234431599,
              45.82643963719158
            ],
            [
              -70.63186229503056,
              45.778692284564954
            ],
            [
              -70.65184827846693,
              45.802731253049515
            ],
            [
              -70.65600521581257,
              45.80172274473682
            ],
            [
              -70.65300402942049,
              45.79628070589757
            ],
            [
              -70.66299287895164,
              45.78355766636778
            ],
            [
              -70.89557080579802,
              45.78012614296808
            ],
            [
              -70.89833175000025,
              45.84180925150899
            ],
            [
              -70.9147630575784,
              45.84166404892797
            ],
            [
              -70.91506286827368,
              45.835794370906775
            ],
            [
              -70.93694584542618,
              45.846045155930966
            ],
            [
              -70.94762425531196,
              45.835305355719356
            ],
            [
              -70.97915215810438,
              45.85073179530546
            ],
            [
              -70.99016167510389,
              45.84004111609076
            ],
            [
              -71.02953458082165,
              45.859140422038294
            ],
            [
              -71.01845478080178,
              45.86985167925862
            ],
            [
              -71.09405136711733,
              45.90707548207627
            ],
            [
              -71.07068313066284,
              45.92835935553076
            ],
            [
              -71.12958208874244,
              45.95733980648571
            ],
            [
              -71.16243508352724,
              45.923450666543104
            ],
            [
              -71.15346263159503,
              45.91095636070621
            ],
            [
              -71.15368523871088,
              45.883122942916955
            ],
            [
              -71.13515046780616,
              45.860293686627536
            ],
            [
              -71.15376502191941,
              45.84301984401761
            ],
            [
              -71.14870724501644,
              45.84039333673905
            ],
            [
              -71.17809626122651,
              45.815115093379276
            ],
            [
              -71.23044033017099,
              45.84587484887382
            ],
            [
              -71.24654334563313,
              45.83158309186027
            ],
            [
              -71.26137968627336,
              45.840103415814774
            ],
            [
              -71.27377688574201,
              45.829598186579666
            ],
            [
              -71.34840614010922,
              45.87224843233152
            ],
            [
              -71.35210460049832,
              45.86004256710598
            ],
            [
              -71.34261135680505,
              45.853432110298755
            ],
            [
              -71.33772033403687,
              45.83781816578339
            ],
            [
              -71.34052641599446,
              45.809651436839886
            ],
            [
              -71.3610276692851,
              45.78609601707398
            ],
            [
              -71.39262227878372,
              45.76885507900865
            ],
            [
              -71.46299288111022,
              45.817447724928066
            ],
            [
              -71.49895358049108,
              45.79193796528468
            ],
            [
              -71.52318241361021,
              45.80456475661146
            ],
            [
              -71.54155584063876,
              45.78773117507236
            ],
            [
              -71.59561806496743,
              45.815595397972096
            ],
            [
              -71.59526596331514,
              45.82210446310351
            ],
            [
              -71.6173084573921,
              45.83046916976721
            ],
            [
              -71.63563137341411,
              45.8138957902745
            ],
            [
              -71.7701673681803,
              45.885017290735476
            ],
            [
              -71.86155056089903,
              45.79895897771833
            ],
            [
              -71.86937830786356,
              45.80326425617969
            ],
            [
              -71.87447220123235,
              45.79836039215579
            ],
            [
              -71.88053995872957,
              45.80443483898352
            ],
            [
              -71.8911575660567,
              45.80073796197027
            ],
            [
              -71.90466975993131,
              45.8048301541919
            ],
            [
              -71.9212353959214,
              45.79632194513941
            ],
            [
              -72.02972453083278,
              45.853259363029395
            ],
            [
              -72.20634005004483,
              45.69639663671968
            ],
            [
              -72.21468426293221,
              45.710903990915
            ],
            [
              -72.22393805046539,
              45.716414371528444
            ],
            [
              -72.21271880331227,
              45.72507912742457
            ],
            [
              -72.21531527872436,
              45.732330004577655
            ],
            [
              -72.23594710913633,
              45.73826935885232
            ],
            [
              -72.221967290125,
              45.74794428602133
            ],
            [
              -72.22710141147219,
              45.75622453125841
            ],
            [
              -72.3112610559233,
              45.68874308760274
            ],
            [
              -72.23724037279575,
              45.646248778964384
            ],
            [
              -72.29767612401878,
              45.5894157769735
            ],
            [
              -72.31555207477147,
              45.599233473020504
            ],
            [
              -72.34347432318235,
              45.59910941198617
            ],
            [
              -72.35062109684645,
              45.58897253497728
            ],
            [
              -72.35967651293255,
              45.589403725722875
            ],
            [
              -72.3607818866795,
              45.567326267870996
            ],
            [
              -72.37811840546519,
              45.56651087110043
            ],
            [
              -72.37863625793243,
              45.52971905572402
            ],
            [
              -72.40288371001434,
              45.52849353863111
            ],
            [
              -72.40426602365777,
              45.44921144785812
            ],
            [
              -72.454396447696,
              45.45139141141359
            ],
            [
              -72.44889227794668,
              45.49359992192192
            ],
            [
              -72.5860060414644,
              45.498298711724395
            ],
            [
              -72.58359330466972,
              45.52549529651347
            ],
            [
              -72.60622192233035,
              45.526044594777844
            ],
            [
              -72.60492490175974,
              45.537694845837734
            ],
            [
              -72.67621432984284,
              45.53875206539729
            ],
            [
              -72.67546108104025,
              45.531394946154826
            ],
            [
              -72.69057279614542,
              45.531636710639475
            ],
            [
              -72.68998707436376,
              45.523805921308885
            ],
            [
              -72.77316985843234,
              45.524800086407204
            ],
            [
              -72.77281230832469,
              45.538310694752354
            ],
            [
              -72.79982200939006,
              45.53799347269677
            ],
            [
              -72.82390526645256,
              45.430701434262645
            ],
            [
              -72.8830550400105,
              45.26555657442127
            ],
            [
              -72.91288798658775,
              45.28668712598872
            ],
            [
              -72.91279763582557,
              45.29028872761788
            ],
            [
              -72.90698849068572,
              45.28771994538698
            ],
            [
              -72.92374907125516,
              45.300436038974176
            ],
            [
              -72.92795704447015,
              45.29779850835988
            ],
            [
              -72.99000011658384,
              45.341941333713045
            ],
            [
              -72.9895151288435,
              45.33423227139404
            ],
            [
              -73.00979598188829,
              45.33744674519539
            ],
            [
              -73.01046096856697,
              45.33018623191127
            ],
            [
              -73.04885831608375,
              45.3253611016408
            ],
            [
              -73.04773921863577,
              45.31106878420295
            ],
            [
              -73.01425729677445,
              45.289251301664706
            ],
            [
              -73.01578298100418,
              45.2721110186303
            ],
            [
              -73.04617104676404,
              45.29311912814579
            ],
            [
              -73.05044576431642,
              45.26801104462513
            ],
            [
              -73.05819253931065,
              45.273322684258765
            ],
            [
              -73.05894382694142,
              45.26502964378982
            ],
            [
              -73.06344831865688,
              45.26777806009922
            ],
            [
              -73.0682605214177,
              45.22966930629456
            ],
            [
              -73.07400510826866,
              45.22868670790919
            ],
            [
              -73.05824483093612,
              45.214590527044834
            ],
            [
              -73.09131713163534,
              45.19615129860101
            ],
            [
              -73.08622718059245,
              45.1916185810019
            ],
            [
              -73.08601830267608,
              45.14002541401926
            ],
            [
              -73.10126145077328,
              45.13997257344141
            ],
            [
              -73.0970963755378,
              45.10178087593312
            ],
            [
              -73.107094249088,
              45.104549066043504
            ],
            [
              -73.10770012774275,
              45.09718091573462
            ],
            [
              -73.11593271249203,
              45.097122606417344
            ],
            [
              -73.11529851614675,
              45.08187941277915
            ],
            [
              -73.10453610155716,
              45.082009382203154
            ],
            [
              -73.13987670235696,
              45.01442542006945
            ],
            [
              -72.70293602730818,
              45.0156293914054
            ],
            [
              -72.55538487535122,
              45.00803218244187
            ],
            [
              -72.31194842847341,
              45.00379605647112
            ],
            [
              -71.50101981883623,
              45.01345217963985
            ],
            [
              -71.49711421121704,
              45.02361025756343
            ],
            [
              -71.50013758140346,
              45.026088301895854
            ],
            [
              -71.49092092343561,
              45.04264609212814
            ],
            [
              -71.50660534704926,
              45.04756220445372
            ],
            [
              -71.49720338045077,
              45.05580998322871
            ],
            [
              -71.50126726801861,
              45.05873443160336
            ],
            [
              -71.49566810054738,
              45.064761088856315
            ],
            [
              -71.4980437147196,
              45.07019913973109
            ],
            [
              -71.48775815733906,
              45.07138220629315
            ],
            [
              -71.48728646668064,
              45.07868306359329
            ],
            [
              -71.47811977698368,
              45.08435111090525
            ],
            [
              -71.46787894448902,
              45.083659976135955
            ],
            [
              -71.46438590597754,
              45.09335889796116
            ],
            [
              -71.44929309165768,
              45.10447833643422
            ],
            [
              -71.44878397604108,
              45.11257501387435
            ],
            [
              -71.4403325602718,
              45.11369638736174
            ],
            [
              -71.42838613593239,
              45.12368139252605
            ],
            [
              -71.42609669655819,
              45.12947528962225
            ],
            [
              -71.43760447628553,
              45.14188473440588
            ],
            [
              -71.42639948825149,
              45.152684467686385
            ],
            [
              -71.42493145266012,
              45.1658461020462
            ],
            [
              -71.41845257979895,
              45.17053891009201
            ],
            [
              -71.4144164204176,
              45.18479474373076
            ],
            [
              -71.3973425539487,
              45.203527533600834
            ],
            [
              -71.4031228217072,
              45.21530777846646
            ],
            [
              -71.41581201219607,
              45.21836639356627
            ],
            [
              -71.44302200372165,
              45.23796807806243
            ],
            [
              -71.42105203391628,
              45.232212535810916
            ]
          ]
        ]
      }
    },
    {
      "type": "Feature",
      "properties": {
        "nom": "Lanaudière"
      },
      "geometry": {
        "type": "Polygon",
        "coordinates": [
          [
            [
              -73.95742923766056,
              47.388180196234124
            ],
            [
              -74.5115127331583,
              47.76292270358463
            ],
            [
              -74.8894175705055,
              47.762630630522054
            ],
            [
              -74.69864778023387,
              47.63349872701221
            ],
            [
              -74.68997614653283,
              47.63634287083401
            ],
            [
              -74.68720092995804,
              47.629571225867124
            ],
            [
              -74.65388563042,
              47.61711096627747
            ],
            [
              -74.6277726262246,
              47.59246278242682
            ],
            [
              -74.62998801761805,
              47.58851001769959
            ],
            [
              -74.61992559884855,
              47.584911665545945
            ],
            [
              -74.59813069081784,
              47.55676918694546
            ],
            [
              -74.58937779461084,
              47.55440592993357
            ],
            [
              -74.58056033543961,
              47.54175194127108
            ],
            [
              -74.55818193221897,
              47.535457009198076
            ],
            [
              -74.5534554180691,
              47.52959956145463
            ],
            [
              -74.55653271861893,
              47.52411106144325
            ],
            [
              -74.53943870748017,
              47.50986566786807
            ],
            [
              -74.5070644373822,
              47.498442567383904
            ],
            [
              -74.5088411260539,
              47.510140388192205
            ],
            [
              -74.48743383809892,
              47.51407637772
            ],
            [
              -74.47949132865935,
              47.50609361876701
            ],
            [
              -74.47192848535785,
              47.509198442582345
            ],
            [
              -74.45676008447778,
              47.50151801497884
            ],
            [
              -74.43667154121722,
              47.51917984065886
            ],
            [
              -74.43300773756276,
              47.51474803409832
            ],
            [
              -74.4416363235018,
              47.51464149372164
            ],
            [
              -74.44054837479678,
              47.510971337176294
            ],
            [
              -74.4454579783262,
              47.50933877270894
            ],
            [
              -74.42603137732856,
              47.505377440880544
            ],
            [
              -74.44628005785404,
              47.47899055878749
            ],
            [
              -74.44146316366869,
              47.47303024502772
            ],
            [
              -74.46179742141726,
              47.448789665273
            ],
            [
              -74.49645319916978,
              47.425852033128386
            ],
            [
              -74.51372052829015,
              47.40628832425051
            ],
            [
              -74.52896482450176,
              47.373264657280366
            ],
            [
              -74.52934871334033,
              47.35896720595334
            ],
            [
              -74.55156300920324,
              47.32897197217482
            ],
            [
              -74.54872032451998,
              47.321054836012124
            ],
            [
              -74.53964024546413,
              47.3214793964596
            ],
            [
              -74.54210106957542,
              47.31341493905147
            ],
            [
              -74.54511465053163,
              47.31263185479901
            ],
            [
              -74.54271722330567,
              47.319184557959794
            ],
            [
              -74.55309141603422,
              47.32132961287423
            ],
            [
              -74.55917367445088,
              47.325141720237326
            ],
            [
              -74.55430750292425,
              47.32659887267626
            ],
            [
              -74.55633641787631,
              47.32948581105874
            ],
            [
              -74.58047471965959,
              47.30245359967516
            ],
            [
              -74.5869651491397,
              47.316506479679006
            ],
            [
              -74.58634172005449,
              47.29576831234745
            ],
            [
              -74.59221861544452,
              47.2889926050044
            ],
            [
              -74.60494021361706,
              47.287224434186356
            ],
            [
              -74.61822851786435,
              47.250905504744374
            ],
            [
              -74.63066692784405,
              47.24809371476844
            ],
            [
              -74.6466011567159,
              47.25307194690909
            ],
            [
              -74.65698580642736,
              47.24396276699732
            ],
            [
              -74.65408602653785,
              47.23395753549584
            ],
            [
              -74.48974692776349,
              47.224567932822744
            ],
            [
              -74.43452796999,
              47.157535860211155
            ],
            [
              -74.46605523777416,
              47.135703893350765
            ],
            [
              -74.41517536336639,
              47.100727538752885
            ],
            [
              -74.57471781342315,
              46.99751370029121
            ],
            [
              -74.42739447554334,
              46.89659561284203
            ],
            [
              -74.45647203035676,
              46.884616335678146
            ],
            [
              -74.45315011175622,
              46.87920468892609
            ],
            [
              -74.46750043745413,
              46.865865785143804
            ],
            [
              -74.47488958100067,
              46.86633809691701
            ],
            [
              -74.4786397198709,
              46.873171737885144
            ],
            [
              -74.48472337739304,
              46.86700491762133
            ],
            [
              -74.48425128474966,
              46.83864285897905
            ],
            [
              -74.47586222493024,
              46.82747591348784
            ],
            [
              -74.47169578622814,
              46.78978128045453
            ],
            [
              -74.48364071331537,
              46.7902535670409
            ],
            [
              -74.48352985535978,
              46.768253489420935
            ],
            [
              -74.49244685465797,
              46.75997580168972
            ],
            [
              -74.49997498819232,
              46.75980915835244
            ],
            [
              -74.49697504043483,
              46.739809027177984
            ],
            [
              -74.5009475292476,
              46.733698000006484
            ],
            [
              -74.48755807352953,
              46.73155886120421
            ],
            [
              -74.4990586322939,
              46.718586753590635
            ],
            [
              -74.4880604982385,
              46.71474868040924
            ],
            [
              -74.50155881695217,
              46.704920114231605
            ],
            [
              -74.49747549194329,
              46.697697765206755
            ],
            [
              -74.50286459167653,
              46.68514215291108
            ],
            [
              -74.51447610609301,
              46.67925333046069
            ],
            [
              -74.50114342448113,
              46.65500338899973
            ],
            [
              -74.50867247800198,
              46.64317030973315
            ],
            [
              -74.49685598237762,
              46.635900104015406
            ],
            [
              -74.50034283300276,
              46.594782137063426
            ],
            [
              -74.49514858689513,
              46.59069881259978
            ],
            [
              -74.47700747527895,
              46.6082539472522
            ],
            [
              -74.45100640343465,
              46.60761485621148
            ],
            [
              -74.44997793387009,
              46.61669807475824
            ],
            [
              -74.44462336141206,
              46.62078397765416
            ],
            [
              -74.34361735913005,
              46.54931484492441
            ],
            [
              -74.47748569819578,
              46.45410244363574
            ],
            [
              -74.33404325629148,
              46.35393300576622
            ],
            [
              -74.41307891528264,
              46.29890418835935
            ],
            [
              -74.26721816468455,
              46.19813497136458
            ],
            [
              -74.25810916764257,
              46.19844322378303
            ],
            [
              -74.18260579450985,
              46.250065751483405
            ],
            [
              -74.03262742253065,
              46.14832608737678
            ],
            [
              -74.07744265505877,
              46.11715469934072
            ],
            [
              -74.02515312846627,
              46.08084276229678
            ],
            [
              -74.00290263519378,
              46.09572055069077
            ],
            [
              -73.96049355036858,
              46.06465067212704
            ],
            [
              -74.00583638503021,
              46.03279864594856
            ],
            [
              -73.97919021757794,
              46.014609472928456
            ],
            [
              -74.00233574392831,
              45.996981422029535
            ],
            [
              -73.94790499241526,
              45.95760796151415
            ],
            [
              -73.9532959129345,
              45.95398601368746
            ],
            [
              -73.93456356589147,
              45.9448285458744
            ],
            [
              -73.9503736512914,
              45.933516122332335
            ],
            [
              -73.8826547998697,
              45.88832766632908
            ],
            [
              -73.90093896371587,
              45.88459994797684
            ],
            [
              -73.80778768333549,
              45.821471919893135
            ],
            [
              -73.82509206384135,
              45.817609128558246
            ],
            [
              -73.73015090491054,
              45.75450156850411
            ],
            [
              -73.75108509763743,
              45.750660422033214
            ],
            [
              -73.74569461737657,
              45.73240126812528
            ],
            [
              -73.7588296304832,
              45.7285692159592
            ],
            [
              -73.75618733875001,
              45.717913436241645
            ],
            [
              -73.76476854525738,
              45.71320337410261
            ],
            [
              -73.84477351473203,
              45.720976483308284
            ],
            [
              -73.78345391291774,
              45.68028355674652
            ],
            [
              -73.77759799537263,
              45.685581861880834
            ],
            [
              -73.77234296531138,
              45.6818277254434
            ],
            [
              -73.76706934185742,
              45.68581441533059
            ],
            [
              -73.74539921723007,
              45.66870554424666
            ],
            [
              -73.72784468126414,
              45.6804124539322
            ],
            [
              -73.70624941605566,
              45.68092803285912
            ],
            [
              -73.68604299227964,
              45.693687997826245
            ],
            [
              -73.65098377707248,
              45.688182557243294
            ],
            [
              -73.61525052447041,
              45.6932443224921
            ],
            [
              -73.60049973818872,
              45.68908719835088
            ],
            [
              -73.55742433560565,
              45.70038126094642
            ],
            [
              -73.52310004187684,
              45.6978924188432
            ],
            [
              -73.4756225376798,
              45.70758718832872
            ],
            [
              -73.47471289880636,
              45.70033359812207
            ],
            [
              -73.46092230444178,
              45.7037969542446
            ],
            [
              -73.42264273335533,
              45.73939879180522
            ],
            [
              -73.41919791032777,
              45.75385377940897
            ],
            [
              -73.38555990378057,
              45.78925199374744
            ],
            [
              -73.36658612214596,
              45.78607893693228
            ],
            [
              -73.32568431175616,
              45.80372728251144
            ],
            [
              -73.27907159006159,
              45.84218552785646
            ],
            [
              -73.26899572339458,
              45.86429293601149
            ],
            [
              -73.24286191883947,
              45.89311333192062
            ],
            [
              -73.23087655923376,
              45.92423267867718
            ],
            [
              -73.18910004644255,
              45.979169604614256
            ],
            [
              -73.16772953827683,
              46.03077618719335
            ],
            [
              -73.15610154656946,
              46.04631373427277
            ],
            [
              -73.08798719994104,
              46.064033274870106
            ],
            [
              -73.07078737105711,
              46.07590569653662
            ],
            [
              -73.04275145700153,
              46.106839519843334
            ],
            [
              -73.01164378698388,
              46.11329540211651
            ],
            [
              -72.96991557174127,
              46.1117171204287
            ],
            [
              -72.93624658443578,
              46.15124450439501
            ],
            [
              -72.97763653575547,
              46.167911798649385
            ],
            [
              -73.03670938286447,
              46.15659734249555
            ],
            [
              -73.21669271950104,
              46.27901482428288
            ],
            [
              -73.1956803025954,
              46.294186219643386
            ],
            [
              -73.228452802497,
              46.31668531716999
            ],
            [
              -73.21386528322769,
              46.32509404914461
            ],
            [
              -73.19682610814765,
              46.32126644015542
            ],
            [
              -73.17617496131162,
              46.32329518928902
            ],
            [
              -73.20396729221422,
              46.34183764633945
            ],
            [
              -73.19244024193073,
              46.34962421909069
            ],
            [
              -73.2034293473587,
              46.35839557814207
            ],
            [
              -73.1881724331097,
              46.36991541366299
            ],
            [
              -73.18163257253812,
              46.365495380171836
            ],
            [
              -73.16782356063719,
              46.37524961933998
            ],
            [
              -73.17267366154555,
              46.37853978470624
            ],
            [
              -73.16700454592507,
              46.38230911755664
            ],
            [
              -73.33294801963052,
              46.49888309068156
            ],
            [
              -73.28300265147602,
              46.53331868736971
            ],
            [
              -73.30695353938687,
              46.555163255088345
            ],
            [
              -73.31223133768995,
              46.57369113597438
            ],
            [
              -73.33651014819092,
              46.60127453862928
            ],
            [
              -73.36184448802435,
              46.61624678613764
            ],
            [
              -73.40220738630725,
              46.598829877664926
            ],
            [
              -73.44601493397434,
              46.59627453752985
            ],
            [
              -73.44198624056851,
              46.66866369572957
            ],
            [
              -73.46696004843348,
              46.709497979532365
            ],
            [
              -73.44768214359432,
              46.766387852719866
            ],
            [
              -73.4569311893984,
              46.786331702659766
            ],
            [
              -73.43634473996175,
              46.829247675567125
            ],
            [
              -73.44151140192453,
              46.843692210751954
            ],
            [
              -73.42123935890783,
              46.890307672245356
            ],
            [
              -73.4421897665515,
              46.89634763941931
            ],
            [
              -73.45989825461263,
              46.90861707374693
            ],
            [
              -73.47976037821246,
              46.90660713963397
            ],
            [
              -73.495078720915,
              46.912366402980275
            ],
            [
              -73.50080246663053,
              46.90956869929352
            ],
            [
              -73.4985710831134,
              46.900545479893616
            ],
            [
              -73.5142547551688,
              46.8971170397102
            ],
            [
              -73.52856472866605,
              46.880705224438806
            ],
            [
              -73.5303825374069,
              46.87023311663905
            ],
            [
              -73.52594499724829,
              46.862506382538555
            ],
            [
              -73.54668593876463,
              46.867924561614906
            ],
            [
              -73.5639929429608,
              46.883443732492154
            ],
            [
              -73.57120369504982,
              46.879085319488325
            ],
            [
              -73.5730418229438,
              46.870375735978726
            ],
            [
              -73.60216740903739,
              46.87249457317667
            ],
            [
              -73.60830363789744,
              46.8578879945236
            ],
            [
              -73.6183638983667,
              46.85842680421432
            ],
            [
              -73.62808726432489,
              46.86613514810123
            ],
            [
              -73.65518668355017,
              46.866164577031945
            ],
            [
              -73.65994413368541,
              46.860427398896704
            ],
            [
              -73.66097233355106,
              46.8665434358649
            ],
            [
              -73.66545018385277,
              46.86391015025281
            ],
            [
              -73.6738355308412,
              46.877356111137665
            ],
            [
              -73.66273927450959,
              46.88262626644717
            ],
            [
              -73.66805003494193,
              46.8900225144556
            ],
            [
              -73.65867111085686,
              46.89129533703771
            ],
            [
              -73.66420678788246,
              46.92844036893693
            ],
            [
              -73.64594907942863,
              46.93747176814878
            ],
            [
              -73.75478823551818,
              47.06661780201922
            ],
            [
              -73.8532536873744,
              47.151087427884654
            ],
            [
              -73.910584132427,
              47.09909213507684
            ],
            [
              -74.0285847925026,
              47.1778481571612
            ],
            [
              -74.00558616275399,
              47.31588245455199
            ],
            [
              -73.99527587087863,
              47.32323567816492
            ],
            [
              -73.99306397997455,
              47.332915441825676
            ],
            [
              -73.9989797081184,
              47.34566351365294
            ],
            [
              -73.99443641428076,
              47.353779222153854
            ],
            [
              -73.9884498340761,
              47.35197876910549
            ],
            [
              -73.98514037370613,
              47.36061957064112
            ],
            [
              -73.97493215259604,
              47.364926191754364
            ],
            [
              -73.96813373439578,
              47.37768278009825
            ],
            [
              -73.95802122312631,
              47.379819597855565
            ],
            [
              -73.96320643323519,
              47.38363081426227
            ],
            [
              -73.95742923766056,
              47.388180196234124
            ]
          ]
        ]
      }
    },
    {
      "type": "Feature",
      "properties": {
        "nom": "Laurentides"
      },
      "geometry": {
        "type": "Polygon",
        "coordinates": [
          [
            [
              -74.8894175705055,
              47.762630630522054
            ],
            [
              -75.53861472425606,
              47.76327125946837
            ],
            [
              -75.54249299990751,
              47.75634011119778
            ],
            [
              -75.53095074898135,
              47.74608444707734
            ],
            [
              -75.53359839178755,
              47.7347383361591
            ],
            [
              -75.52488993541151,
              47.73051202887044
            ],
            [
              -75.52919404323931,
              47.723891627629484
            ],
            [
              -75.52427962727575,
              47.71052889872154
            ],
            [
              -75.51369787963691,
              47.71018378613133
            ],
            [
              -75.50557774571936,
              47.69823578558769
            ],
            [
              -75.48647484545495,
              47.690378847175495
            ],
            [
              -75.47394131209064,
              47.67899068691216
            ],
            [
              -75.4730102831377,
              47.67236779989856
            ],
            [
              -75.45581149228875,
              47.67247433266834
            ],
            [
              -75.4465149932732,
              47.66362401866548
            ],
            [
              -75.44567685619468,
              47.65534621638338
            ],
            [
              -75.42175658606745,
              47.63465049912955
            ],
            [
              -75.41935685778772,
              47.62981016946239
            ],
            [
              -75.42894148774818,
              47.61616145586673
            ],
            [
              -75.41419593410299,
              47.588637408116305
            ],
            [
              -75.39053274512206,
              47.58942271827296
            ],
            [
              -75.39566287899632,
              47.60126549494067
            ],
            [
              -75.3799531806251,
              47.62203234693978
            ],
            [
              -75.36960156758697,
              47.627151828207545
            ],
            [
              -75.35409909367655,
              47.610033242150195
            ],
            [
              -75.36560632408829,
              47.594187385119106
            ],
            [
              -75.3602895230011,
              47.570222718521066
            ],
            [
              -75.35550220605792,
              47.56692071220136
            ],
            [
              -75.34475443187749,
              47.57196324747457
            ],
            [
              -75.33913553720562,
              47.56396184443942
            ],
            [
              -75.32932045775881,
              47.56285033568789
            ],
            [
              -75.31931071547228,
              47.55357204463828
            ],
            [
              -75.31023468155036,
              47.555345911315726
            ],
            [
              -75.30802862105482,
              47.547477261152416
            ],
            [
              -75.37760992851915,
              47.47122849791881
            ],
            [
              -75.38903963734491,
              47.428212365519975
            ],
            [
              -75.46043956190805,
              47.367897940725136
            ],
            [
              -75.4738573997331,
              47.338927278480334
            ],
            [
              -75.45736827812689,
              47.317525632750765
            ],
            [
              -75.46612229306837,
              47.306582438607315
            ],
            [
              -75.47345495628475,
              47.28239563438982
            ],
            [
              -75.4925227608594,
              47.27291480003225
            ],
            [
              -75.50391961248235,
              47.2596994514049
            ],
            [
              -75.52081293654496,
              47.25264268353152
            ],
            [
              -75.55898788125216,
              47.20761216559897
            ],
            [
              -75.572595626777,
              47.20673275486436
            ],
            [
              -75.59482919130681,
              47.18544509145532
            ],
            [
              -75.62583800537828,
              47.180945704375745
            ],
            [
              -75.62880877110246,
              47.199246285203586
            ],
            [
              -75.6204526003571,
              47.20012698671058
            ],
            [
              -75.62901569601671,
              47.21885872636201
            ],
            [
              -75.62216107961049,
              47.22857582222997
            ],
            [
              -75.63909880637551,
              47.25012327296647
            ],
            [
              -75.64669372026754,
              47.253517523181706
            ],
            [
              -75.65219626773491,
              47.27050632867971
            ],
            [
              -75.64783921332229,
              47.28175773468339
            ],
            [
              -75.67859964810233,
              47.285572636950654
            ],
            [
              -75.68382206818487,
              47.278322642554
            ],
            [
              -75.69057245840786,
              47.27765597615066
            ],
            [
              -75.7143884172335,
              47.28568388539883
            ],
            [
              -75.71292155815814,
              47.26902340277967
            ],
            [
              -75.74783604434869,
              47.27292816587552
            ],
            [
              -75.74688948593953,
              47.29306326715904
            ],
            [
              -75.79886785899777,
              47.31888671702488
            ],
            [
              -75.8269893769401,
              47.31281231180782
            ],
            [
              -75.85873507069596,
              47.29196258105312
            ],
            [
              -75.86587786819419,
              47.29281191187414
            ],
            [
              -75.87772033548453,
              47.28530248114278
            ],
            [
              -75.924384691684,
              47.247755556035536
            ],
            [
              -75.91998466008853,
              47.24662686904849
            ],
            [
              -75.9419111665675,
              47.2368404745018
            ],
            [
              -75.97618756093779,
              47.2031693175577
            ],
            [
              -76.00293917361277,
              47.19937529475999
            ],
            [
              -76.02779708596321,
              47.1884336578928
            ],
            [
              -76.03225550463215,
              47.190143147970495
            ],
            [
              -76.02966369324243,
              47.19522413290475
            ],
            [
              -76.05504198112529,
              47.198492041303936
            ],
            [
              -76.077123417623,
              47.1884823847086
            ],
            [
              -76.09423191131755,
              47.18763569381074
            ],
            [
              -76.09057458961561,
              47.18275597718692
            ],
            [
              -76.09858534346718,
              47.18429560607858
            ],
            [
              -76.10059982203407,
              47.1831151887986
            ],
            [
              -76.09570925132391,
              47.182495322916374
            ],
            [
              -76.1031785069826,
              47.17348964913187
            ],
            [
              -76.09797041768674,
              47.16786709745696
            ],
            [
              -76.09952493755806,
              47.1505825615993
            ],
            [
              -76.0910411497842,
              47.13057277674647
            ],
            [
              -76.09946538376316,
              47.100565232523984
            ],
            [
              -76.09790662645867,
              47.05035331847067
            ],
            [
              -76.10291659387086,
              47.04744707477771
            ],
            [
              -76.1021952765857,
              47.03647846203351
            ],
            [
              -76.10613511867356,
              47.033955195449884
            ],
            [
              -76.10235822807174,
              47.030487665055894
            ],
            [
              -76.11898362168735,
              47.02010878963621
            ],
            [
              -76.13044489149695,
              47.019570610039985
            ],
            [
              -76.14847526929735,
              47.006178266068495
            ],
            [
              -76.13907992565487,
              47.001138231669024
            ],
            [
              -76.13980787127701,
              46.99457335057229
            ],
            [
              -76.12844940653103,
              46.98485727150095
            ],
            [
              -76.1391294193071,
              46.976210175624026
            ],
            [
              -76.13286872153101,
              46.9691553377572
            ],
            [
              -76.13727537801273,
              46.93743994941213
            ],
            [
              -76.12816865339859,
              46.921037675150686
            ],
            [
              -76.11483926077037,
              46.919518200494394
            ],
            [
              -76.1055992729423,
              46.91189393966405
            ],
            [
              -76.09258140547891,
              46.92161826582143
            ],
            [
              -76.09706636923299,
              46.9136095013208
            ],
            [
              -76.08442525680054,
              46.91171111157146
            ],
            [
              -76.08333064885485,
              46.90558067162277
            ],
            [
              -76.08037968614809,
              46.908619615247595
            ],
            [
              -76.06525310534165,
              46.901006336677845
            ],
            [
              -76.05207139009839,
              46.903051676593016
            ],
            [
              -76.05019953182087,
              46.89616220755461
            ],
            [
              -76.03665579768631,
              46.89001770315237
            ],
            [
              -76.01549205521641,
              46.89696516821691
            ],
            [
              -76.01456165461502,
              46.89389349875791
            ],
            [
              -76.01994078944183,
              46.89406911654929
            ],
            [
              -76.01972916162745,
              46.88614908426918
            ],
            [
              -75.99524991956157,
              46.887984810647026
            ],
            [
              -75.97108404953079,
              46.878400574149865
            ],
            [
              -75.91201420428482,
              46.84234036686562
            ],
            [
              -75.89941447602689,
              46.820653007878114
            ],
            [
              -75.89000764538395,
              46.81551082345046
            ],
            [
              -75.87145715247844,
              46.819131532853774
            ],
            [
              -75.85875771574474,
              46.81417292459941
            ],
            [
              -75.82584925271631,
              46.82546275188167
            ],
            [
              -75.81430161358891,
              46.83365886072447
            ],
            [
              -75.81094362650079,
              46.84489948570631
            ],
            [
              -75.74695988494723,
              46.84483369648589
            ],
            [
              -75.74706310875172,
              46.71211277376296
            ],
            [
              -75.75153601481887,
              46.66371469862626
            ],
            [
              -75.74521641819628,
              46.43826621274111
            ],
            [
              -75.70600651810042,
              46.43882559252497
            ],
            [
              -75.70704462080062,
              46.30917502598707
            ],
            [
              -75.81457275154041,
              46.30636028188754
            ],
            [
              -75.78835718961079,
              46.29347464787862
            ],
            [
              -75.78303570080281,
              46.28201953120474
            ],
            [
              -75.7981705966565,
              46.24619602959623
            ],
            [
              -75.81194574111773,
              46.23340300087408
            ],
            [
              -75.81314729676087,
              46.224925870411425
            ],
            [
              -75.80247998047138,
              46.21683683052438
            ],
            [
              -75.81010723729041,
              46.20866153183448
            ],
            [
              -75.81030202617012,
              46.195391800615724
            ],
            [
              -75.80574028658371,
              46.18349431282958
            ],
            [
              -75.79718393050301,
              46.1810130677842
            ],
            [
              -75.79901592350161,
              46.174130800558046
            ],
            [
              -75.79441599061276,
              46.1701833580977
            ],
            [
              -75.7900977715258,
              46.17417923494973
            ],
            [
              -75.76831373424635,
              46.17418546788713
            ],
            [
              -75.76442165947938,
              46.02222896765451
            ],
            [
              -75.69727736621974,
              46.02389847480515
            ],
            [
              -75.7455174458828,
              46.00760222901221
            ],
            [
              -75.74025014195284,
              46.00564183490877
            ],
            [
              -75.75000311800942,
              46.00340286811631
            ],
            [
              -75.74822874803378,
              45.999045333461574
            ],
            [
              -75.76827436354151,
              45.98566090235946
            ],
            [
              -75.77632781423186,
              45.985712186023385
            ],
            [
              -75.78120082837061,
              45.980191370888804
            ],
            [
              -75.7746923559113,
              45.97690935761674
            ],
            [
              -75.78277700000498,
              45.97006982512322
            ],
            [
              -75.77594783192292,
              45.972285203787216
            ],
            [
              -75.77414889193169,
              45.96783731111779
            ],
            [
              -75.78475214075573,
              45.95975453730757
            ],
            [
              -75.77724956565164,
              45.952899010477694
            ],
            [
              -75.77196172804152,
              45.95463685499561
            ],
            [
              -75.74575591991842,
              45.97300950419983
            ],
            [
              -75.66753077659344,
              45.97036465909336
            ],
            [
              -75.6631320171408,
              45.98194802722532
            ],
            [
              -75.62086583610572,
              45.98274340415764
            ],
            [
              -75.62076908112181,
              45.994721707172346
            ],
            [
              -75.59915526890155,
              45.994660672080926
            ],
            [
              -75.59916176287553,
              45.97145896618506
            ],
            [
              -75.40721207491241,
              45.97295983455686
            ],
            [
              -75.40715979775838,
              46.097871315520216
            ],
            [
              -75.21066516098682,
              46.09782122177741
            ],
            [
              -75.21063535044804,
              46.103264337691236
            ],
            [
              -75.17636280698298,
              46.10341826315171
            ],
            [
              -75.17698065769012,
              46.13231372496849
            ],
            [
              -75.15593387163722,
              46.132304885847546
            ],
            [
              -75.15631004621453,
              46.160612962572294
            ],
            [
              -75.13728080183267,
              46.16057740936231
            ],
            [
              -75.13764571406747,
              46.18495528142641
            ],
            [
              -75.11656046398275,
              46.18479183428079
            ],
            [
              -75.11739054989913,
              46.21521399533319
            ],
            [
              -75.07403705636182,
              46.215302003159394
            ],
            [
              -75.08979289095673,
              46.103140661719635
            ],
            [
              -74.93954642079822,
              46.10554233136371
            ],
            [
              -74.93945305002312,
              46.06173799600944
            ],
            [
              -74.85861988984048,
              46.06075257618144
            ],
            [
              -74.85797385788852,
              46.01677719980784
            ],
            [
              -74.83763204007089,
              46.01677910964543
            ],
            [
              -74.83760831990072,
              46.00306100733558
            ],
            [
              -74.83138615481617,
              46.003069108592804
            ],
            [
              -74.83173391740003,
              45.973130295531774
            ],
            [
              -74.80890338574262,
              45.97303338445313
            ],
            [
              -74.80646710971062,
              45.95862821312291
            ],
            [
              -74.79990090554035,
              45.958977995451335
            ],
            [
              -74.80130491084113,
              45.94510531305228
            ],
            [
              -74.76307084808573,
              45.94573490672535
            ],
            [
              -74.76314807438078,
              45.97268453427069
            ],
            [
              -74.69876202972402,
              45.97178543475299
            ],
            [
              -74.71035125323893,
              45.93165060650219
            ],
            [
              -74.71499788416568,
              45.88832334098685
            ],
            [
              -74.72645747099665,
              45.85237316343384
            ],
            [
              -74.73531938095381,
              45.85226248605346
            ],
            [
              -74.76986475120806,
              45.76473622980226
            ],
            [
              -74.80776854537268,
              45.6383271257559
            ],
            [
              -74.70071840798828,
              45.63058440278835
            ],
            [
              -74.64390138058174,
              45.63753832027596
            ],
            [
              -74.53792872155708,
              45.59336099001053
            ],
            [
              -74.51656067423511,
              45.59112359248754
            ],
            [
              -74.47648494521255,
              45.5956574488719
            ],
            [
              -74.43607286714875,
              45.57649638621569
            ],
            [
              -74.37291770380621,
              45.56126133313365
            ],
            [
              -74.35781301783057,
              45.549791927772574
            ],
            [
              -74.3396126408487,
              45.51384442333837
            ],
            [
              -74.32911298784171,
              45.50764921969402
            ],
            [
              -74.21166902298248,
              45.50005308605135
            ],
            [
              -74.16154905493796,
              45.48390571025997
            ],
            [
              -74.14352646598617,
              45.47227547497306
            ],
            [
              -74.09446992105872,
              45.453052891600585
            ],
            [
              -74.03680034026551,
              45.446580147752115
            ],
            [
              -73.97790870498301,
              45.46444072913163
            ],
            [
              -73.93337531048911,
              45.50755442128494
            ],
            [
              -73.88288887966633,
              45.53388554677943
            ],
            [
              -73.88643475920233,
              45.55094514356977
            ],
            [
              -73.88360420894834,
              45.55972159018644
            ],
            [
              -73.8382853493935,
              45.58033312349015
            ],
            [
              -73.82594280869394,
              45.59851449808887
            ],
            [
              -73.82535896020163,
              45.60740784163606
            ],
            [
              -73.79555033681984,
              45.615156710125135
            ],
            [
              -73.78753759436054,
              45.63068742509799
            ],
            [
              -73.74539921723007,
              45.66870554424666
            ],
            [
              -73.76706934185742,
              45.68581441533059
            ],
            [
              -73.77234296531138,
              45.6818277254434
            ],
            [
              -73.77759799537263,
              45.685581861880834
            ],
            [
              -73.78345391291774,
              45.68028355674652
            ],
            [
              -73.84477351473203,
              45.720976483308284
            ],
            [
              -73.76476854525738,
              45.71320337410261
            ],
            [
              -73.75618733875001,
              45.717913436241645
            ],
            [
              -73.7588296304832,
              45.7285692159592
            ],
            [
              -73.74569461737657,
              45.73240126812528
            ],
            [
              -73.75108509763743,
              45.750660422033214
            ],
            [
              -73.73015090491054,
              45.75450156850411
            ],
            [
              -73.82509206384135,
              45.817609128558246
            ],
            [
              -73.80778768333549,
              45.821471919893135
            ],
            [
              -73.90093896371587,
              45.88459994797684
            ],
            [
              -73.8826547998697,
              45.88832766632908
            ],
            [
              -73.9503736512914,
              45.933516122332335
            ],
            [
              -73.93456356589147,
              45.9448285458744
            ],
            [
              -73.9532959129345,
              45.95398601368746
            ],
            [
              -73.94790499241526,
              45.95760796151415
            ],
            [
              -74.00233574392831,
              45.996981422029535
            ],
            [
              -73.97919021757794,
              46.014609472928456
            ],
            [
              -74.00583638503021,
              46.03279864594856
            ],
            [
              -73.96049355036858,
              46.06465067212704
            ],
            [
              -74.00290263519378,
              46.09572055069077
            ],
            [
              -74.02515312846627,
              46.08084276229678
            ],
            [
              -74.07744265505877,
              46.11715469934072
            ],
            [
              -74.03262742253065,
              46.14832608737678
            ],
            [
              -74.18260579450985,
              46.250065751483405
            ],
            [
              -74.25810916764257,
              46.19844322378303
            ],
            [
              -74.26721816468455,
              46.19813497136458
            ],
            [
              -74.41307891528264,
              46.29890418835935
            ],
            [
              -74.33404325629148,
              46.35393300576622
            ],
            [
              -74.47748569819578,
              46.45410244363574
            ],
            [
              -74.34361735913005,
              46.54931484492441
            ],
            [
              -74.44462336141206,
              46.62078397765416
            ],
            [
              -74.44997793387009,
              46.61669807475824
            ],
            [
              -74.45100640343465,
              46.60761485621148
            ],
            [
              -74.47700747527895,
              46.6082539472522
            ],
            [
              -74.49514858689513,
              46.59069881259978
            ],
            [
              -74.50034283300276,
              46.594782137063426
            ],
            [
              -74.49685598237762,
              46.635900104015406
            ],
            [
              -74.50867247800198,
              46.64317030973315
            ],
            [
              -74.50114342448113,
              46.65500338899973
            ],
            [
              -74.51447610609301,
              46.67925333046069
            ],
            [
              -74.50286459167653,
              46.68514215291108
            ],
            [
              -74.49747549194329,
              46.697697765206755
            ],
            [
              -74.50155881695217,
              46.704920114231605
            ],
            [
              -74.4880604982385,
              46.71474868040924
            ],
            [
              -74.4990586322939,
              46.718586753590635
            ],
            [
              -74.48755807352953,
              46.73155886120421
            ],
            [
              -74.5009475292476,
              46.733698000006484
            ],
            [
              -74.49697504043483,
              46.739809027177984
            ],
            [
              -74.49997498819232,
              46.75980915835244
            ],
            [
              -74.49244685465797,
              46.75997580168972
            ],
            [
              -74.48352985535978,
              46.768253489420935
            ],
            [
              -74.48364071331537,
              46.7902535670409
            ],
            [
              -74.47169578622814,
              46.78978128045453
            ],
            [
              -74.47586222493024,
              46.82747591348784
            ],
            [
              -74.48425128474966,
              46.83864285897905
            ],
            [
              -74.48472337739304,
              46.86700491762133
            ],
            [
              -74.4786397198709,
              46.873171737885144
            ],
            [
              -74.47488958100067,
              46.86633809691701
            ],
            [
              -74.46750043745413,
              46.865865785143804
            ],
            [
              -74.45315011175622,
              46.87920468892609
            ],
            [
              -74.45647203035676,
              46.884616335678146
            ],
            [
              -74.42739447554334,
              46.89659561284203
            ],
            [
              -74.57471781342315,
              46.99751370029121
            ],
            [
              -74.41517536336639,
              47.100727538752885
            ],
            [
              -74.46605523777416,
              47.135703893350765
            ],
            [
              -74.43452796999,
              47.157535860211155
            ],
            [
              -74.48974692776349,
              47.224567932822744
            ],
            [
              -74.65408602653785,
              47.23395753549584
            ],
            [
              -74.65698580642736,
              47.24396276699732
            ],
            [
              -74.6466011567159,
              47.25307194690909
            ],
            [
              -74.63066692784405,
              47.24809371476844
            ],
            [
              -74.61822851786435,
              47.250905504744374
            ],
            [
              -74.60494021361706,
              47.287224434186356
            ],
            [
              -74.59221861544452,
              47.2889926050044
            ],
            [
              -74.58634172005449,
              47.29576831234745
            ],
            [
              -74.5869651491397,
              47.316506479679006
            ],
            [
              -74.58047471965959,
              47.30245359967516
            ],
            [
              -74.55633641787631,
              47.32948581105874
            ],
            [
              -74.55430750292425,
              47.32659887267626
            ],
            [
              -74.55917367445088,
              47.325141720237326
            ],
            [
              -74.55309141603422,
              47.32132961287423
            ],
            [
              -74.54271722330567,
              47.319184557959794
            ],
            [
              -74.54511465053163,
              47.31263185479901
            ],
            [
              -74.54210106957542,
              47.31341493905147
            ],
            [
              -74.53964024546413,
              47.3214793964596
            ],
            [
              -74.54872032451998,
              47.321054836012124
            ],
            [
              -74.55156300920324,
              47.32897197217482
            ],
            [
              -74.52934871334033,
              47.35896720595334
            ],
            [
              -74.52896482450176,
              47.373264657280366
            ],
            [
              -74.51372052829015,
              47.40628832425051
            ],
            [
              -74.49645319916978,
              47.425852033128386
            ],
            [
              -74.46179742141726,
              47.448789665273
            ],
            [
              -74.44565512056197,
              47.46708575889513
            ],
            [
              -74.44120406167902,
              47.47412081921424
            ],
            [
              -74.44628005785404,
              47.47899055878749
            ],
            [
              -74.42628203647443,
              47.506041074976935
            ],
            [
              -74.4454579783262,
              47.50933877270894
            ],
            [
              -74.44054837479678,
              47.510971337176294
            ],
            [
              -74.4416363235018,
              47.51464149372164
            ],
            [
              -74.43300773756276,
              47.51474803409832
            ],
            [
              -74.43667154121722,
              47.51917984065886
            ],
            [
              -74.45676008447778,
              47.50151801497884
            ],
            [
              -74.47192848535785,
              47.509198442582345
            ],
            [
              -74.47949132865935,
              47.50609361876701
            ],
            [
              -74.48743383809892,
              47.51407637772
            ],
            [
              -74.5088411260539,
              47.510140388192205
            ],
            [
              -74.5070644373822,
              47.498442567383904
            ],
            [
              -74.53943870748017,
              47.50986566786807
            ],
            [
              -74.55653271861893,
              47.52411106144325
            ],
            [
              -74.5534554180691,
              47.52959956145463
            ],
            [
              -74.55818193221897,
              47.535457009198076
            ],
            [
              -74.58056033543961,
              47.54175194127108
            ],
            [
              -74.58937779461084,
              47.55440592993357
            ],
            [
              -74.59813069081784,
              47.55676918694546
            ],
            [
              -74.61992559884855,
              47.584911665545945
            ],
            [
              -74.62998801761805,
              47.58851001769959
            ],
            [
              -74.6277726262246,
              47.59246278242682
            ],
            [
              -74.65388563042,
              47.61711096627747
            ],
            [
              -74.68720092995804,
              47.629571225867124
            ],
            [
              -74.68997614653283,
              47.63634287083401
            ],
            [
              -74.69864778023387,
              47.63349872701221
            ],
            [
              -74.8894175705055,
              47.762630630522054
            ]
          ]
        ]
      }
    },
    {
      "type": "Feature",
      "properties": {
        "nom": "Centre-du-Québec"
      },
      "geometry": {
        "type": "Polygon",
        "coordinates": [
          [
            [
              -72.05432077703634,
              46.570519692765295
            ],
            [
              -72.12501788101135,
              46.568436295835205
            ],
            [
              -72.19032632596016,
              46.53807518935186
            ],
            [
              -72.22166093659308,
              46.511408600726924
            ],
            [
              -72.24433099077447,
              46.45232690096736
            ],
            [
              -72.263941747157,
              46.43543647640593
            ],
            [
              -72.3787234022922,
              46.410158556923996
            ],
            [
              -72.45708758282849,
              46.38263074139039
            ],
            [
              -72.52870199764675,
              46.33701997904786
            ],
            [
              -72.56172388839951,
              46.30516278344732
            ],
            [
              -72.57842664429158,
              46.29507618812373
            ],
            [
              -72.68787570329027,
              46.254382188169515
            ],
            [
              -72.7587957466251,
              46.21938318659992
            ],
            [
              -72.9015786164528,
              46.173716678506494
            ],
            [
              -72.93694106962094,
              46.15060560826065
            ],
            [
              -72.96530419837622,
              46.11421703402664
            ],
            [
              -72.9767494319212,
              46.11002280588316
            ],
            [
              -72.99258921842853,
              46.11191141160376
            ],
            [
              -72.94481105971339,
              46.07925359387367
            ],
            [
              -72.9421815246154,
              46.08940851669515
            ],
            [
              -72.94118347328754,
              46.07670422957812
            ],
            [
              -72.88016746034414,
              46.03417987565681
            ],
            [
              -72.87451386272771,
              46.0379970745179
            ],
            [
              -72.86802160717518,
              46.03339360697967
            ],
            [
              -72.86055806537635,
              46.04276415385208
            ],
            [
              -72.82989235332954,
              46.02112605432565
            ],
            [
              -72.82832293363973,
              46.0320108022347
            ],
            [
              -72.79934749948593,
              46.014495212342325
            ],
            [
              -72.8035264895851,
              45.99744342628524
            ],
            [
              -72.78989494056167,
              45.992075852881854
            ],
            [
              -72.80467507470419,
              45.98096208043728
            ],
            [
              -72.75255487016881,
              45.943020023920475
            ],
            [
              -72.79400738537623,
              45.90645249113691
            ],
            [
              -72.8323310227799,
              45.886335802271454
            ],
            [
              -72.83929756450208,
              45.891150633832765
            ],
            [
              -72.85046468269337,
              45.88359135612456
            ],
            [
              -72.85303814006154,
              45.8640228836867
            ],
            [
              -72.70415682080022,
              45.75885281723274
            ],
            [
              -72.68033954704477,
              45.77580626502159
            ],
            [
              -72.64615821499635,
              45.755796151855364
            ],
            [
              -72.60186875782075,
              45.79261193980308
            ],
            [
              -72.56332060779567,
              45.76594235665163
            ],
            [
              -72.57802601575364,
              45.75254523681162
            ],
            [
              -72.29767612401878,
              45.5894157769735
            ],
            [
              -72.23724037279575,
              45.646248778964384
            ],
            [
              -72.3112610559233,
              45.68874308760274
            ],
            [
              -72.22710141147219,
              45.75622453125841
            ],
            [
              -72.221967290125,
              45.74794428602133
            ],
            [
              -72.23594710913633,
              45.73826935885232
            ],
            [
              -72.21531527872436,
              45.732330004577655
            ],
            [
              -72.21271880331227,
              45.72507912742457
            ],
            [
              -72.22393805046539,
              45.716414371528444
            ],
            [
              -72.21468426293221,
              45.710903990915
            ],
            [
              -72.20634005004483,
              45.69639663671968
            ],
            [
              -72.02972453083278,
              45.853259363029395
            ],
            [
              -71.9212353959214,
              45.79632194513941
            ],
            [
              -71.90466975993131,
              45.8048301541919
            ],
            [
              -71.8911575660567,
              45.80073796197027
            ],
            [
              -71.88053995872957,
              45.80443483898352
            ],
            [
              -71.87447220123235,
              45.79836039215579
            ],
            [
              -71.86937830786356,
              45.80326425617969
            ],
            [
              -71.86155056089903,
              45.79895897771833
            ],
            [
              -71.7701673681803,
              45.885017290735476
            ],
            [
              -71.63563137341411,
              45.8138957902745
            ],
            [
              -71.6173084573921,
              45.83046916976721
            ],
            [
              -71.59526596331514,
              45.82210446310351
            ],
            [
              -71.59561806496743,
              45.815595397972096
            ],
            [
              -71.54155584063876,
              45.78773117507236
            ],
            [
              -71.52318241361021,
              45.80456475661146
            ],
            [
              -71.49895358049108,
              45.79193796528468
            ],
            [
              -71.46079626148425,
              45.81912212429263
            ],
            [
              -71.46720255888016,
              45.82223812360532
            ],
            [
              -71.45561377151749,
              45.87226401760673
            ],
            [
              -71.55154411224338,
              45.91622250179485
            ],
            [
              -71.56201577205695,
              45.905915621660256
            ],
            [
              -71.68592589455399,
              45.96705207676835
            ],
            [
              -71.50975477601382,
              46.13709420500392
            ],
            [
              -71.53364958001988,
              46.14905597020046
            ],
            [
              -71.52264397105048,
              46.15973778040585
            ],
            [
              -71.52886118539436,
              46.16284831571646
            ],
            [
              -71.48329059407251,
              46.20678096779022
            ],
            [
              -71.48799849684906,
              46.20914347402631
            ],
            [
              -71.48550416933328,
              46.213727795893
            ],
            [
              -71.46668565419485,
              46.23122101452597
            ],
            [
              -71.44556444620136,
              46.22032586541631
            ],
            [
              -71.43465861525107,
              46.23086884158988
            ],
            [
              -71.41914963041194,
              46.22328256684444
            ],
            [
              -71.37178755351881,
              46.26810863111407
            ],
            [
              -71.50847384329322,
              46.33838845522609
            ],
            [
              -71.48159275142496,
              46.35616151718108
            ],
            [
              -71.50805704095542,
              46.37650090068787
            ],
            [
              -71.47867091333478,
              46.39569148196779
            ],
            [
              -71.53149288622907,
              46.434347191630245
            ],
            [
              -71.56622536656229,
              46.41369096191449
            ],
            [
              -71.6175502189033,
              46.45159624648849
            ],
            [
              -71.76015904603238,
              46.36379674358639
            ],
            [
              -72.01167099243062,
              46.54378384383192
            ],
            [
              -72.05432077703634,
              46.570519692765295
            ]
          ]
        ]
      }
    },
    {
      "type": "Feature",
      "properties": {
        "nom": "Mauricie"
      },
      "geometry": {
        "type": "Polygon",
        "coordinates": [
          [
            [
              -74.62853060126564,
              48.96793788598365
            ],
            [
              -74.67627847309011,
              49.0001102868384
            ],
            [
              -75.52055473918372,
              49.00007948351347
            ],
            [
              -75.52108560223374,
              47.76279611716382
            ],
            [
              -74.5115127331583,
              47.76292270358463
            ],
            [
              -73.95742923766056,
              47.388180196234124
            ],
            [
              -73.96320643323519,
              47.38363081426227
            ],
            [
              -73.95802122312631,
              47.379819597855565
            ],
            [
              -73.96813373439578,
              47.37768278009825
            ],
            [
              -73.97493215259604,
              47.364926191754364
            ],
            [
              -73.98514037370613,
              47.36061957064112
            ],
            [
              -73.9884498340761,
              47.35197876910549
            ],
            [
              -73.99443641428076,
              47.353779222153854
            ],
            [
              -73.9989797081184,
              47.34566351365294
            ],
            [
              -73.99306397997455,
              47.332915441825676
            ],
            [
              -73.99527587087863,
              47.32323567816492
            ],
            [
              -74.00558616275399,
              47.31588245455199
            ],
            [
              -74.0285847925026,
              47.1778481571612
            ],
            [
              -73.910584132427,
              47.09909213507684
            ],
            [
              -73.8532536873744,
              47.151087427884654
            ],
            [
              -73.75478823551818,
              47.06661780201922
            ],
            [
              -73.64594907942863,
              46.93747176814878
            ],
            [
              -73.66420678788246,
              46.92844036893693
            ],
            [
              -73.65867111085686,
              46.89129533703771
            ],
            [
              -73.66805003494193,
              46.8900225144556
            ],
            [
              -73.66273927450959,
              46.88262626644717
            ],
            [
              -73.6738355308412,
              46.877356111137665
            ],
            [
              -73.66545018385277,
              46.86391015025281
            ],
            [
              -73.66097233355106,
              46.8665434358649
            ],
            [
              -73.65994413368541,
              46.860427398896704
            ],
            [
              -73.65518668355017,
              46.866164577031945
            ],
            [
              -73.62808726432489,
              46.86613514810123
            ],
            [
              -73.6183638983667,
              46.85842680421432
            ],
            [
              -73.60830363789744,
              46.8578879945236
            ],
            [
              -73.60216740903739,
              46.87249457317667
            ],
            [
              -73.5730418229438,
              46.870375735978726
            ],
            [
              -73.57120369504982,
              46.879085319488325
            ],
            [
              -73.5639929429608,
              46.883443732492154
            ],
            [
              -73.54668593876463,
              46.867924561614906
            ],
            [
              -73.52594499724829,
              46.862506382538555
            ],
            [
              -73.5303825374069,
              46.87023311663905
            ],
            [
              -73.52856472866605,
              46.880705224438806
            ],
            [
              -73.5142547551688,
              46.8971170397102
            ],
            [
              -73.4985710831134,
              46.900545479893616
            ],
            [
              -73.50080246663053,
              46.90956869929352
            ],
            [
              -73.495078720915,
              46.912366402980275
            ],
            [
              -73.47976037821246,
              46.90660713963397
            ],
            [
              -73.45989825461263,
              46.90861707374693
            ],
            [
              -73.4421897665515,
              46.89634763941931
            ],
            [
              -73.42123935890783,
              46.890307672245356
            ],
            [
              -73.44151140192453,
              46.843692210751954
            ],
            [
              -73.43634473996175,
              46.829247675567125
            ],
            [
              -73.4569311893984,
              46.786331702659766
            ],
            [
              -73.44768214359432,
              46.766387852719866
            ],
            [
              -73.46696004843348,
              46.709497979532365
            ],
            [
              -73.44198624056851,
              46.66866369572957
            ],
            [
              -73.44601493397434,
              46.59627453752985
            ],
            [
              -73.40220738630725,
              46.598829877664926
            ],
            [
              -73.36184448802435,
              46.61624678613764
            ],
            [
              -73.33651014819092,
              46.60127453862928
            ],
            [
              -73.31223133768995,
              46.57369113597438
            ],
            [
              -73.30695353938687,
              46.555163255088345
            ],
            [
              -73.28300265147602,
              46.53331868736971
            ],
            [
              -73.33294801963052,
              46.49888309068156
            ],
            [
              -73.16700454592507,
              46.38230911755664
            ],
            [
              -73.17267366154555,
              46.37853978470624
            ],
            [
              -73.16782356063719,
              46.37524961933998
            ],
            [
              -73.18163257253812,
              46.365495380171836
            ],
            [
              -73.1881724331097,
              46.36991541366299
            ],
            [
              -73.2034293473587,
              46.35839557814207
            ],
            [
              -73.19244024193073,
              46.34962421909069
            ],
            [
              -73.20396729221422,
              46.34183764633945
            ],
            [
              -73.17617496131162,
              46.32329518928902
            ],
            [
              -73.19682610814765,
              46.32126644015542
            ],
            [
              -73.21386528322769,
              46.32509404914461
            ],
            [
              -73.228452802497,
              46.31668531716999
            ],
            [
              -73.1956803025954,
              46.294186219643386
            ],
            [
              -73.21669271950104,
              46.27901482428288
            ],
            [
              -73.03670938286447,
              46.15659734249555
            ],
            [
              -72.97763653575547,
              46.167911798649385
            ],
            [
              -72.93624658443578,
              46.15124450439501
            ],
            [
              -72.8981340234033,
              46.175216620890204
            ],
            [
              -72.7596847599006,
              46.219049824510236
            ],
            [
              -72.68787570329027,
              46.254382188169515
            ],
            [
              -72.58467684219058,
              46.29218737240347
            ],
            [
              -72.56172388839951,
              46.30516278344732
            ],
            [
              -72.52870199764675,
              46.33701997904786
            ],
            [
              -72.45708758282849,
              46.38263074139039
            ],
            [
              -72.3787234022922,
              46.410158556923996
            ],
            [
              -72.29210944505633,
              46.42640867585139
            ],
            [
              -72.26183058852331,
              46.43654760267044
            ],
            [
              -72.24433099077447,
              46.45232690096736
            ],
            [
              -72.22274433684058,
              46.50982519742133
            ],
            [
              -72.1989099224153,
              46.5319363300071
            ],
            [
              -72.17349216902778,
              46.5486028927349
            ],
            [
              -72.13090713988264,
              46.566630723317076
            ],
            [
              -72.08301151180534,
              46.570174245661114
            ],
            [
              -72.39356118316856,
              46.79211495527299
            ],
            [
              -72.34511504098997,
              46.822375508105
            ],
            [
              -72.33415867862146,
              46.814497133202686
            ],
            [
              -72.30650458268974,
              46.83389793345287
            ],
            [
              -72.29851770053304,
              46.82851131585411
            ],
            [
              -72.29330999837568,
              46.83644480936526
            ],
            [
              -72.27238723789466,
              46.8450709005734
            ],
            [
              -72.24832008433177,
              46.828188270659105
            ],
            [
              -72.23327249899273,
              46.83851686493179
            ],
            [
              -72.2284179270716,
              46.83520864556145
            ],
            [
              -72.16751159930693,
              46.87458991935001
            ],
            [
              -72.43593825580164,
              47.057493960629685
            ],
            [
              -72.37874682533052,
              47.096679531228666
            ],
            [
              -72.39437794438197,
              47.11769619710357
            ],
            [
              -72.41380174619444,
              47.119522801676254
            ],
            [
              -72.41997157703,
              47.11602422386914
            ],
            [
              -72.45999823094681,
              47.143078710815956
            ],
            [
              -72.5146953777902,
              47.14399505590705
            ],
            [
              -72.5441530197811,
              47.19181265764738
            ],
            [
              -72.54192769431654,
              47.220061665364454
            ],
            [
              -72.51367357163218,
              47.269391693513334
            ],
            [
              -72.50668250182102,
              47.313378631972796
            ],
            [
              -72.47392364016565,
              47.333080157430224
            ],
            [
              -72.4886018351882,
              47.36941893380908
            ],
            [
              -72.46226242259152,
              47.38733660072764
            ],
            [
              -72.4625608763909,
              47.371415947119004
            ],
            [
              -72.41509287005101,
              47.34685907889961
            ],
            [
              -72.41371972916232,
              47.29259749207982
            ],
            [
              -72.35844543904386,
              47.29124922093539
            ],
            [
              -72.34403637914777,
              47.27963453757403
            ],
            [
              -72.32060599297971,
              47.30300947527819
            ],
            [
              -72.28718720156844,
              47.29170436767776
            ],
            [
              -72.23862363080241,
              47.291002816375475
            ],
            [
              -72.20794531900583,
              47.32530690313356
            ],
            [
              -72.20169761365828,
              47.360086935053374
            ],
            [
              -72.18448785520229,
              47.365941356650914
            ],
            [
              -72.1747296778784,
              47.378812836116964
            ],
            [
              -72.16149084590228,
              47.38607662079592
            ],
            [
              -72.16018385992275,
              47.39191592979806
            ],
            [
              -72.14595905561312,
              47.39927029452771
            ],
            [
              -72.14132149792457,
              47.41055532654213
            ],
            [
              -72.14391964738076,
              47.41750188857911
            ],
            [
              -72.1584195186562,
              47.420925594598394
            ],
            [
              -72.17386448545061,
              47.4390956979865
            ],
            [
              -72.16860439754777,
              47.450351508017185
            ],
            [
              -72.17130166440973,
              47.46185537379107
            ],
            [
              -72.16097423400458,
              47.463794311491704
            ],
            [
              -72.16329585926829,
              47.469508441335954
            ],
            [
              -72.17169640174126,
              47.476602721178246
            ],
            [
              -72.18283456459868,
              47.47678888079329
            ],
            [
              -72.20105286258307,
              47.48540627151635
            ],
            [
              -72.19428177001744,
              47.494886808311975
            ],
            [
              -72.1958050210191,
              47.50074319920798
            ],
            [
              -72.20553905739052,
              47.500900623870066
            ],
            [
              -72.21440435359683,
              47.51499624583126
            ],
            [
              -72.23942016593591,
              47.5359163312956
            ],
            [
              -71.89055147835141,
              47.77019381721238
            ],
            [
              -72.12363881600923,
              47.998577991255694
            ],
            [
              -73.01774402495542,
              47.99859217291717
            ],
            [
              -73.83439073522415,
              48.543045977888326
            ],
            [
              -74.47335172716885,
              48.94668460641086
            ],
            [
              -74.48747706466595,
              48.93234915060613
            ],
            [
              -74.50477845806122,
              48.92604834289666
            ],
            [
              -74.52317444845072,
              48.94614831518854
            ],
            [
              -74.51924232374147,
              48.95279313137609
            ],
            [
              -74.53947999886786,
              48.963728097180876
            ],
            [
              -74.53364782613305,
              48.966694318886276
            ],
            [
              -74.53263815777845,
              48.976730716466854
            ],
            [
              -74.55434033740896,
              48.98756899919125
            ],
            [
              -74.55426225665289,
              49.00033809014844
            ],
            [
              -74.58758626263366,
              48.99414014276258
            ],
            [
              -74.58677576971142,
              48.97768131527887
            ],
            [
              -74.5950439374253,
              48.97604729067183
            ],
            [
              -74.59217246670526,
              48.9688080226875
            ],
            [
              -74.59812783226806,
              48.96369729264779
            ],
            [
              -74.60853533875905,
              48.96240163700001
            ],
            [
              -74.61162088945755,
              48.968676199827485
            ],
            [
              -74.62021632168532,
              48.97106273582145
            ],
            [
              -74.62853060126564,
              48.96793788598365
            ]
          ]
        ]
      }
    },
    {
      "type": "Feature",
      "properties": {
        "nom": "Nord-du-Québec"
      },
      "geometry": {
        "type": "Polygon",
        "coordinates": [
          [
            [
              -77.42330731103326,
              62.58073888500951
            ],
            [
              -77.51217779927876,
              62.58169720270837
            ],
            [
              -77.51057299678105,
              62.57546157633359
            ],
            [
              -77.52017109031388,
              62.569203406278156
            ],
            [
              -77.51978728405166,
              62.55483209521235
            ],
            [
              -77.5357316757716,
              62.55327310212772
            ],
            [
              -77.53938255570897,
              62.547289194452595
            ],
            [
              -77.5690470950018,
              62.533134191578654
            ],
            [
              -77.61903528793955,
              62.520860982608916
            ],
            [
              -77.63135945671465,
              62.52172626392461
            ],
            [
              -77.65035267158396,
              62.51243456506239
            ],
            [
              -77.67847131082743,
              62.511158951251595
            ],
            [
              -77.69491331152904,
              62.49830747927191
            ],
            [
              -77.69141031503304,
              62.495060664238856
            ],
            [
              -77.69355364554704,
              62.48648238345561
            ],
            [
              -77.72193984622228,
              62.46881497637777
            ],
            [
              -77.78576232500957,
              62.459093452733775
            ],
            [
              -77.79426390618032,
              62.453379149777646
            ],
            [
              -77.79327777264763,
              62.44955657154674
            ],
            [
              -77.81745026895753,
              62.44430824366514
            ],
            [
              -77.8342421434144,
              62.43013504455417
            ],
            [
              -77.92106570650617,
              62.427707540031825
            ],
            [
              -77.94110034953991,
              62.417549749022626
            ],
            [
              -77.9756400022552,
              62.387204053574905
            ],
            [
              -78.00532823272322,
              62.377542849003156
            ],
            [
              -78.00689414533491,
              62.37026115134938
            ],
            [
              -78.03193888880602,
              62.36437044835049
            ],
            [
              -78.04210651623612,
              62.36751145096195
            ],
            [
              -78.03794238384458,
              62.36564062807637
            ],
            [
              -78.05822085953162,
              62.3644342417291
            ],
            [
              -78.06702021761872,
              62.36850232649542
            ],
            [
              -78.09007286520963,
              62.36266674262044
            ],
            [
              -78.09963135140536,
              62.34504724067907
            ],
            [
              -78.11722120863229,
              62.33598834789391
            ],
            [
              -78.11820333428011,
              62.32626783808776
            ],
            [
              -78.14772279251765,
              62.319683207750046
            ],
            [
              -78.14309116214926,
              62.31512084668772
            ],
            [
              -78.15128201103387,
              62.312484141976604
            ],
            [
              -78.15276186313905,
              62.3035850202015
            ],
            [
              -78.17472950700011,
              62.28649970952361
            ],
            [
              -78.16901821468068,
              62.27329172486278
            ],
            [
              -78.20041112545694,
              62.25527899652399
            ],
            [
              -78.19367201567151,
              62.245506370190114
            ],
            [
              -78.19838267295577,
              62.242691024680084
            ],
            [
              -78.19091498030333,
              62.241499949052674
            ],
            [
              -78.18293545050426,
              62.23008530766813
            ],
            [
              -78.1651637177537,
              62.220018937994865
            ],
            [
              -78.1649488634631,
              62.20529081686977
            ],
            [
              -78.17934993290159,
              62.19846901544776
            ],
            [
              -78.17737359133747,
              62.19253642611145
            ],
            [
              -78.18229954062443,
              62.18587683828992
            ],
            [
              -78.17254531609383,
              62.174580198020564
            ],
            [
              -78.17520712753632,
              62.16142472583522
            ],
            [
              -78.18593971257042,
              62.14833373415283
            ],
            [
              -78.18079967006062,
              62.12985932303654
            ],
            [
              -78.16257073438658,
              62.1135463018983
            ],
            [
              -78.16580410923642,
              62.1079579282626
            ],
            [
              -78.1611175154338,
              62.094741811523356
            ],
            [
              -78.16627221817569,
              62.08575640350302
            ],
            [
              -78.16001687833366,
              62.0677311994836
            ],
            [
              -78.16263594664647,
              62.061183816809766
            ],
            [
              -78.15513279755919,
              62.05487231978126
            ],
            [
              -78.15065490723772,
              62.03940991484883
            ],
            [
              -78.15249278758438,
              62.01994130220986
            ],
            [
              -78.16577597301765,
              62.011303523709955
            ],
            [
              -78.16024128649242,
              62.00386182446893
            ],
            [
              -78.16297120094325,
              61.997607407808964
            ],
            [
              -78.13667967188213,
              61.97801888289675
            ],
            [
              -78.13554182753656,
              61.97141431344761
            ],
            [
              -78.12527195171184,
              61.970331494997254
            ],
            [
              -78.12772236544531,
              61.96192359618399
            ],
            [
              -78.11363273575938,
              61.956603408635516
            ],
            [
              -78.12310931643783,
              61.94406338506179
            ],
            [
              -78.09230861465295,
              61.928844908762535
            ],
            [
              -78.10995888749184,
              61.91831320284167
            ],
            [
              -78.09718785530332,
              61.91264952018221
            ],
            [
              -78.1006117593843,
              61.8930858834236
            ],
            [
              -78.10807420896155,
              61.886941898476934
            ],
            [
              -78.09695297831857,
              61.87337017408767
            ],
            [
              -78.10421050287415,
              61.86746911717237
            ],
            [
              -78.10103082564127,
              61.857207903554496
            ],
            [
              -78.07965511742532,
              61.846953098057675
            ],
            [
              -78.05891847307925,
              61.827918214821146
            ],
            [
              -78.0596145125405,
              61.81030298037623
            ],
            [
              -78.05069487942156,
              61.80226857328465
            ],
            [
              -78.05398761503561,
              61.79195770526018
            ],
            [
              -78.03780603554685,
              61.78322259855772
            ],
            [
              -78.03713382140118,
              61.769158612475934
            ],
            [
              -78.02973162136144,
              61.7625921024057
            ],
            [
              -78.03440037687982,
              61.74968929008719
            ],
            [
              -78.03202674266335,
              61.72339290512708
            ],
            [
              -78.017727346385,
              61.71230578011519
            ],
            [
              -78.02272376026016,
              61.707489882422365
            ],
            [
              -77.99926155412037,
              61.68955266541997
            ],
            [
              -77.99780923028946,
              61.681463578858576
            ],
            [
              -77.96963289595796,
              61.67035341068924
            ],
            [
              -77.97096456785562,
              61.66413149910686
            ],
            [
              -77.95825561522642,
              61.667555805159715
            ],
            [
              -77.94770769550831,
              61.663465084474936
            ],
            [
              -77.9476010726149,
              61.656633090930974
            ],
            [
              -77.93766248393041,
              61.65167118313801
            ],
            [
              -77.93323688056229,
              61.64265330468084
            ],
            [
              -77.88886590595939,
              61.63815558502389
            ],
            [
              -77.89710427608043,
              61.62894428077795
            ],
            [
              -77.88766554756194,
              61.62375874593397
            ],
            [
              -77.80680427841209,
              61.46673808008046
            ],
            [
              -77.81666574445977,
              61.45825926778948
            ],
            [
              -77.81228024787247,
              61.451912189535825
            ],
            [
              -77.81813818233745,
              61.44781509484547
            ],
            [
              -77.81365917830382,
              61.4437099687807
            ],
            [
              -77.82044697283735,
              61.44212519423965
            ],
            [
              -77.81396711332934,
              61.4357304951084
            ],
            [
              -77.81618277478682,
              61.43002838750688
            ],
            [
              -77.80517382082701,
              61.425583868809184
            ],
            [
              -77.80953161858334,
              61.42126939519145
            ],
            [
              -77.79846779484731,
              61.41775677857304
            ],
            [
              -77.79451750986752,
              61.401573988483506
            ],
            [
              -77.78462898174301,
              61.394626959510745
            ],
            [
              -77.78618615828442,
              61.386506061748875
            ],
            [
              -77.79071365790251,
              61.38517996036606
            ],
            [
              -77.7826163453661,
              61.381300765536544
            ],
            [
              -77.7890207740735,
              61.37721206281293
            ],
            [
              -77.773844134459,
              61.33515199626372
            ],
            [
              -77.77859732415153,
              61.32609545622887
            ],
            [
              -77.77250909611297,
              61.32457319047084
            ],
            [
              -77.78388146333933,
              61.318050292245154
            ],
            [
              -77.77306838096017,
              61.31157998436339
            ],
            [
              -77.77692354451052,
              61.307287754775736
            ],
            [
              -77.76125262667509,
              61.303295070391414
            ],
            [
              -77.76245294790687,
              61.29068456127535
            ],
            [
              -77.77339330989507,
              61.280124781740554
            ],
            [
              -77.74357191859184,
              61.25942045682218
            ],
            [
              -77.75680663240486,
              61.24819154709232
            ],
            [
              -77.79350157727525,
              61.24045518423594
            ],
            [
              -77.78924491077703,
              61.176225874146326
            ],
            [
              -77.79273657636216,
              61.164923174992424
            ],
            [
              -77.80613447578071,
              61.159638167742806
            ],
            [
              -77.80775272133604,
              61.15134665095257
            ],
            [
              -77.82655446221182,
              61.14655414641704
            ],
            [
              -77.82052473708426,
              61.136779454964035
            ],
            [
              -77.8295054555442,
              61.12743113363982
            ],
            [
              -77.82532942824719,
              61.12551025573127
            ],
            [
              -77.82791188184486,
              61.11188195243436
            ],
            [
              -77.82120183883143,
              61.11141486080029
            ],
            [
              -77.81917839731722,
              61.10504384438859
            ],
            [
              -77.83345947165422,
              61.08245276163217
            ],
            [
              -77.82675073591265,
              61.067474626779436
            ],
            [
              -77.83204462467639,
              61.05768303963717
            ],
            [
              -77.84339529746049,
              61.053393139591414
            ],
            [
              -77.86714460706128,
              61.054866735280804
            ],
            [
              -77.87444610184328,
              61.04568933406794
            ],
            [
              -77.89257263311487,
              61.039752751472534
            ],
            [
              -77.91225720584399,
              61.04077184836699
            ],
            [
              -77.91479472125579,
              61.034246460664534
            ],
            [
              -77.9441362061183,
              61.01189626000566
            ],
            [
              -77.96628597172979,
              61.00837875436635
            ],
            [
              -77.97350508118986,
              60.998117244063735
            ],
            [
              -77.98762694811522,
              60.99369131583362
            ],
            [
              -77.99277878644602,
              60.98249374057653
            ],
            [
              -78.02488927078188,
              60.97299403382425
            ],
            [
              -78.03431213020657,
              60.95893484906437
            ],
            [
              -78.02781192764242,
              60.95591523120447
            ],
            [
              -78.03018198923252,
              60.95036651759155
            ],
            [
              -78.05234928385542,
              60.93916072829624
            ],
            [
              -78.07179465406684,
              60.93868522507259
            ],
            [
              -78.08207384856253,
              60.93126411581902
            ],
            [
              -78.09695076362983,
              60.93007460781202
            ],
            [
              -78.10380854490023,
              60.919709303517074
            ],
            [
              -78.11295961048266,
              60.91840210284852
            ],
            [
              -78.11490971342108,
              60.9032500194466
            ],
            [
              -78.14165357227965,
              60.893190010962755
            ],
            [
              -78.14004858029,
              60.8803370329709
            ],
            [
              -78.19443761788976,
              60.858338824781654
            ],
            [
              -78.19951403636101,
              60.85173259891024
            ],
            [
              -78.18776251783075,
              60.84585409912926
            ],
            [
              -78.20676110616064,
              60.83500688704559
            ],
            [
              -78.20537311979385,
              60.82809379954255
            ],
            [
              -78.21617145437921,
              60.8241004035423
            ],
            [
              -78.21058644631238,
              60.821439300657474
            ],
            [
              -78.22581722427634,
              60.81155007988389
            ],
            [
              -78.22786246044848,
              60.78930638786344
            ],
            [
              -78.22066741381732,
              60.77929180244934
            ],
            [
              -78.1895958170328,
              60.785025600837564
            ],
            [
              -78.1800568929436,
              60.79277221108094
            ],
            [
              -78.13687722571727,
              60.79746769211553
            ],
            [
              -78.078772415532,
              60.792040372189334
            ],
            [
              -77.84524422474239,
              60.660294599995254
            ],
            [
              -77.84308517794844,
              60.648766118129835
            ],
            [
              -77.84664473073384,
              60.64181971931601
            ],
            [
              -77.89072315619933,
              60.608507612785914
            ],
            [
              -77.91231994115657,
              60.60357370705905
            ],
            [
              -77.90815292648982,
              60.599981293998944
            ],
            [
              -77.91158360863989,
              60.594724493337246
            ],
            [
              -77.9073818811918,
              60.592066322359926
            ],
            [
              -77.90579457106229,
              60.57012580455349
            ],
            [
              -77.875416092129,
              60.557933824321765
            ],
            [
              -77.76180499370402,
              60.471955086636015
            ],
            [
              -77.76339446456191,
              60.46454080189281
            ],
            [
              -77.73856991720206,
              60.45297210836211
            ],
            [
              -77.73963509662501,
              60.444670514571726
            ],
            [
              -77.76357228891905,
              60.43299139312042
            ],
            [
              -77.75367074592991,
              60.42155389770857
            ],
            [
              -77.76394262889498,
              60.41587027659719
            ],
            [
              -77.76208477906918,
              60.40751320697474
            ],
            [
              -77.7739776024781,
              60.40493817803889
            ],
            [
              -77.7755631864112,
              60.38550230623717
            ],
            [
              -77.75613077496881,
              60.38461368531842
            ],
            [
              -77.74287368976881,
              60.37397211717293
            ],
            [
              -77.75386821844178,
              60.37405280752467
            ],
            [
              -77.72533141041207,
              60.36601719051778
            ],
            [
              -77.71259349309967,
              60.35397008321491
            ],
            [
              -77.6816173356424,
              60.34426041620064
            ],
            [
              -77.66716717419247,
              60.33045320284052
            ],
            [
              -77.65492233024452,
              60.33141281765191
            ],
            [
              -77.64553250453058,
              60.324192115571265
            ],
            [
              -77.64697097925165,
              60.31636330479431
            ],
            [
              -77.63599259292984,
              60.313544189195966
            ],
            [
              -77.63253104887458,
              60.30693379581661
            ],
            [
              -77.60785479882618,
              60.29189440294703
            ],
            [
              -77.61610014148397,
              60.271784282677444
            ],
            [
              -77.63405531304379,
              60.26751090723552
            ],
            [
              -77.63490607433961,
              60.25891027442245
            ],
            [
              -77.63130621653589,
              60.257728311530755
            ],
            [
              -77.63543509725345,
              60.2534493869066
            ],
            [
              -77.61025277192947,
              60.22967110728507
            ],
            [
              -77.61375867722153,
              60.22888620800797
            ],
            [
              -77.5799464759051,
              60.19934729837741
            ],
            [
              -77.57171274495424,
              60.197341691684706
            ],
            [
              -77.56971178497254,
              60.18835999100229
            ],
            [
              -77.61286630580251,
              60.115304402928196
            ],
            [
              -77.6253341875735,
              60.117512897389375
            ],
            [
              -77.61453379124902,
              60.1142278957333
            ],
            [
              -77.61375384220153,
              60.102753084751626
            ],
            [
              -77.60762556332764,
              60.097281669623115
            ],
            [
              -77.61726871148446,
              60.093481394713095
            ],
            [
              -77.63070997298783,
              60.075951465346954
            ],
            [
              -77.67461056305314,
              60.06587265384669
            ],
            [
              -77.64864528163523,
              60.06373068119015
            ],
            [
              -77.62557376974449,
              60.054440688718664
            ],
            [
              -77.46523419828225,
              59.917044284735816
            ],
            [
              -77.46898798174848,
              59.869119569160404
            ],
            [
              -77.47218984818592,
              59.869538356011226
            ],
            [
              -77.46910522827801,
              59.86687374094916
            ],
            [
              -77.4726312211267,
              59.799158759565834
            ],
            [
              -77.46471452862225,
              59.79396243655338
            ],
            [
              -77.49100150644155,
              59.77586336636095
            ],
            [
              -77.50732476678915,
              59.773822359219196
            ],
            [
              -77.53946249519575,
              59.75639864274187
            ],
            [
              -77.75296594674651,
              59.76286716376466
            ],
            [
              -77.8074327054356,
              59.74563421496397
            ],
            [
              -77.8469169584541,
              59.726629843882975
            ],
            [
              -77.85280203140054,
              59.72017243594248
            ],
            [
              -77.85013258884608,
              59.70536694874469
            ],
            [
              -77.85993420414982,
              59.693433236068834
            ],
            [
              -77.86385988456657,
              59.67958793456553
            ],
            [
              -77.8555854695559,
              59.65556350684994
            ],
            [
              -77.87832283738965,
              59.635653923669395
            ],
            [
              -77.8794444362497,
              59.62439701156667
            ],
            [
              -77.844386587874,
              59.61218580852127
            ],
            [
              -77.83580276686855,
              59.60159791005357
            ],
            [
              -77.83598607594695,
              59.58859003184241
            ],
            [
              -77.85220080455015,
              59.570686996228396
            ],
            [
              -77.84675137424054,
              59.5530792259234
            ],
            [
              -77.86960712343382,
              59.534463291846386
            ],
            [
              -77.86488731314343,
              59.52865042058779
            ],
            [
              -77.86954890686586,
              59.51903090742029
            ],
            [
              -77.88255124072347,
              59.516737124437014
            ],
            [
              -77.8818065374154,
              59.51238199507746
            ],
            [
              -77.8948574515764,
              59.50697203680199
            ],
            [
              -77.90940663258532,
              59.506914184933365
            ],
            [
              -77.90148291429053,
              59.50249269299355
            ],
            [
              -77.90667018186754,
              59.5000107834556
            ],
            [
              -77.90980387191338,
              59.48584369695507
            ],
            [
              -77.91625647056263,
              59.48139640915929
            ],
            [
              -77.94021493338762,
              59.43740210764723
            ],
            [
              -77.9362194506828,
              59.43279441745552
            ],
            [
              -77.94014468505785,
              59.4317170761222
            ],
            [
              -77.94406713809293,
              59.411661776020914
            ],
            [
              -77.9523660352162,
              59.410335790404524
            ],
            [
              -77.95055819599975,
              59.4039007079119
            ],
            [
              -77.98643628185015,
              59.272311801463935
            ],
            [
              -77.99056696264059,
              59.272713796256475
            ],
            [
              -77.98789586123308,
              59.2669374468722
            ],
            [
              -77.99451123228936,
              59.26841676961848
            ],
            [
              -77.98814219212899,
              59.266030411772306
            ],
            [
              -77.98923533966678,
              59.26200398632897
            ],
            [
              -78.00364864561466,
              59.262092872481446
            ],
            [
              -78.00624638294622,
              59.258841187021424
            ],
            [
              -77.99600286292628,
              59.259691163709704
            ],
            [
              -78.05692939720704,
              59.229840758279586
            ],
            [
              -78.08546496498333,
              59.22126308577288
            ],
            [
              -78.14343459814987,
              59.21847244405244
            ],
            [
              -78.1467085002643,
              59.20425456051791
            ],
            [
              -78.15834239422254,
              59.19185411165437
            ],
            [
              -78.16582839284324,
              59.194277567435584
            ],
            [
              -78.18993862875472,
              59.194377751003536
            ],
            [
              -78.16895211263063,
              59.192102474043885
            ],
            [
              -78.17054058387858,
              59.18591944636599
            ],
            [
              -78.16538497976858,
              59.18593833567584
            ],
            [
              -78.17856267765912,
              59.174862749843626
            ],
            [
              -78.18337338084254,
              59.18020024105952
            ],
            [
              -78.19220878724451,
              59.1792294774396
            ],
            [
              -78.18956978240685,
              59.1759002442834
            ],
            [
              -78.19625069020863,
              59.17177257749439
            ],
            [
              -78.1844390779471,
              59.16992120102598
            ],
            [
              -78.19688291932961,
              59.16675707198324
            ],
            [
              -78.19165020252677,
              59.163854928022225
            ],
            [
              -78.1956858640066,
              59.15867793529213
            ],
            [
              -78.24063463406688,
              59.12185063012143
            ],
            [
              -78.24520012698197,
              59.126467862284656
            ],
            [
              -78.25788628899592,
              59.121270758033006
            ],
            [
              -78.25208047534227,
              59.120045839264996
            ],
            [
              -78.25462828590194,
              59.1179149459108
            ],
            [
              -78.2513157437778,
              59.11452275178827
            ],
            [
              -78.25137892456328,
              59.117875327101736
            ],
            [
              -78.24689038035616,
              59.116240994215964
            ],
            [
              -78.2981005389143,
              59.057117025543306
            ],
            [
              -78.30435206234635,
              59.056578449117175
            ],
            [
              -78.29892133593418,
              59.05572163236164
            ],
            [
              -78.35525672630406,
              59.03523261503338
            ],
            [
              -78.52670410938416,
              58.952225008798486
            ],
            [
              -78.55540596530655,
              58.948890528743966
            ],
            [
              -78.54239791438586,
              58.941702922846105
            ],
            [
              -78.54276389162996,
              58.937708109442966
            ],
            [
              -78.57636856515659,
              58.91943639266527
            ],
            [
              -78.57971479461,
              58.90659719023672
            ],
            [
              -78.58455952817152,
              58.90479819577137
            ],
            [
              -78.5706093777462,
              58.89260475345092
            ],
            [
              -78.57153877141393,
              58.876178712823524
            ],
            [
              -78.56484442044497,
              58.87063668869821
            ],
            [
              -78.56278220698768,
              58.854578200284934
            ],
            [
              -78.55591729376292,
              58.84819141808796
            ],
            [
              -78.55772237022012,
              58.842525097435505
            ],
            [
              -78.5634837704031,
              58.841836216021086
            ],
            [
              -78.56028471074836,
              58.840251910062634
            ],
            [
              -78.57214960764607,
              58.827290963101674
            ],
            [
              -78.57995260604416,
              58.82832641072902
            ],
            [
              -78.57506591500746,
              58.82363847057477
            ],
            [
              -78.57792247735514,
              58.82003291505581
            ],
            [
              -78.58119905974696,
              58.824758584311176
            ],
            [
              -78.5850162823312,
              58.824918797095584
            ],
            [
              -78.5841428000802,
              58.812039085911934
            ],
            [
              -78.63142801444948,
              58.81292627913345
            ],
            [
              -78.6241902549023,
              58.81020248831064
            ],
            [
              -78.62912543493593,
              58.80590888559922
            ],
            [
              -78.61394189249683,
              58.795748094542994
            ],
            [
              -78.5975227064823,
              58.79859381081055
            ],
            [
              -78.60166904639411,
              58.790722105802956
            ],
            [
              -78.58608799221989,
              58.77797448651948
            ],
            [
              -78.57965792695298,
              58.76609758876499
            ],
            [
              -78.53871425383313,
              58.750287491714225
            ],
            [
              -78.54149914465619,
              58.735487013118515
            ],
            [
              -78.54676954737702,
              58.733637186622
            ],
            [
              -78.54316758495703,
              58.72932661042331
            ],
            [
              -78.55258853429406,
              58.7002773100484
            ],
            [
              -78.55551575446012,
              58.704685475297985
            ],
            [
              -78.56002317495415,
              58.70320768988311
            ],
            [
              -78.55694743818658,
              58.70085820984162
            ],
            [
              -78.55996601087125,
              58.69845089042666
            ],
            [
              -78.55318025817769,
              58.6986803028583
            ],
            [
              -78.55489307952581,
              58.692641194170925
            ],
            [
              -78.59745285015424,
              58.676572371046646
            ],
            [
              -78.58814712325935,
              58.65349770337388
            ],
            [
              -78.59268984133674,
              58.65008938476927
            ],
            [
              -78.5824390636988,
              58.643349496734594
            ],
            [
              -78.55226796458803,
              58.64369379358784
            ],
            [
              -78.52223485796992,
              58.63699239874677
            ],
            [
              -78.50638508894022,
              58.62964138398682
            ],
            [
              -78.50835941844207,
              58.62378209429892
            ],
            [
              -78.48794586784337,
              58.61765569193087
            ],
            [
              -78.47780473568068,
              58.60375500218839
            ],
            [
              -78.48305156979127,
              58.59010918354518
            ],
            [
              -78.48179170927864,
              58.57646716429217
            ],
            [
              -78.46001081369764,
              58.568320185805284
            ],
            [
              -78.46025887672172,
              58.56342339431287
            ],
            [
              -78.44733435120126,
              58.55747648750774
            ],
            [
              -78.44058224250495,
              58.54848589503494
            ],
            [
              -78.42686343160833,
              58.54683216769526
            ],
            [
              -78.42655183128396,
              58.54136086417957
            ],
            [
              -78.36622049382852,
              58.53167398584054
            ],
            [
              -78.27650486687355,
              58.50520654459616
            ],
            [
              -78.28472931941958,
              58.501652968758656
            ],
            [
              -78.26113300264711,
              58.500481586046874
            ],
            [
              -78.26552174038278,
              58.495710874318256
            ],
            [
              -78.24096960416888,
              58.49427930063633
            ],
            [
              -78.22604501248458,
              58.45420126758574
            ],
            [
              -78.2548190046024,
              58.456611683115256
            ],
            [
              -78.24385136216682,
              58.45191188530427
            ],
            [
              -78.2461155902434,
              58.448041564789314
            ],
            [
              -78.22043623297012,
              58.43911615643424
            ],
            [
              -78.21051251621864,
              58.41239452439023
            ],
            [
              -78.21335942811366,
              58.41122528710633
            ],
            [
              -78.20531396692523,
              58.40216056968892
            ],
            [
              -78.16554285498107,
              58.39316728815409
            ],
            [
              -78.14264233665249,
              58.38332698853493
            ],
            [
              -78.14401612432799,
              58.3792258770486
            ],
            [
              -78.10655834649174,
              58.37569416590903
            ],
            [
              -78.09099131146672,
              58.36746129901195
            ],
            [
              -78.03433889052333,
              58.36684927728371
            ],
            [
              -77.96363152133293,
              58.33992317576284
            ],
            [
              -77.9098516723087,
              58.338198180736846
            ],
            [
              -77.9062966359762,
              58.32919628705091
            ],
            [
              -77.81035148662367,
              58.30681071141644
            ],
            [
              -77.80346951458438,
              58.300768101215155
            ],
            [
              -77.77861860668942,
              58.29653701923738
            ],
            [
              -77.769151652796,
              58.28659447779636
            ],
            [
              -77.65033490222562,
              58.2639535044127
            ],
            [
              -77.65212139852116,
              58.257098898624974
            ],
            [
              -77.63740544381278,
              58.25333051109726
            ],
            [
              -77.61800553783668,
              58.23806512268903
            ],
            [
              -77.64352825790738,
              58.23707982111959
            ],
            [
              -77.6128637871476,
              58.23507550568611
            ],
            [
              -77.57307229292094,
              58.22440236190696
            ],
            [
              -77.59493019023789,
              58.22206831241632
            ],
            [
              -77.56125865223812,
              58.21021574016437
            ],
            [
              -77.52288917613326,
              58.163211116647254
            ],
            [
              -77.52691148516492,
              58.16035508712959
            ],
            [
              -77.41387293262821,
              58.13061510359657
            ],
            [
              -77.39954531831029,
              58.118054614146395
            ],
            [
              -77.40209065178038,
              58.11533460672703
            ],
            [
              -77.39499992842858,
              58.09810502139163
            ],
            [
              -77.32247819952211,
              58.07954742363743
            ],
            [
              -77.29599670843207,
              58.06742778191235
            ],
            [
              -77.29265122281043,
              58.05613470495816
            ],
            [
              -77.25848301482671,
              58.04989851625988
            ],
            [
              -77.23794789568477,
              58.030528184455726
            ],
            [
              -77.22043516164297,
              58.025505577934595
            ],
            [
              -77.21393136573613,
              58.01904581564553
            ],
            [
              -77.2344041019773,
              58.01914277949995
            ],
            [
              -77.24174471107676,
              58.014913507655805
            ],
            [
              -77.23123154342913,
              58.01278649303338
            ],
            [
              -77.23720845718552,
              58.00957640036976
            ],
            [
              -77.23453959379837,
              58.008001288360425
            ],
            [
              -77.20796739576552,
              58.0111786741826
            ],
            [
              -77.19953846625062,
              58.00052997757528
            ],
            [
              -77.17467053376106,
              57.99299498620959
            ],
            [
              -77.17432495852755,
              57.97748399365004
            ],
            [
              -77.15835745071804,
              57.965431244320435
            ],
            [
              -77.16238665685793,
              57.96303610084974
            ],
            [
              -77.08998186122105,
              57.92984932352752
            ],
            [
              -77.0928249224536,
              57.92021178538329
            ],
            [
              -77.08500235824968,
              57.914818386270085
            ],
            [
              -77.08212196188111,
              57.903618994285786
            ],
            [
              -77.07393009123646,
              57.896729291039215
            ],
            [
              -77.04891583244746,
              57.8928699000432
            ],
            [
              -77.04702187426267,
              57.88563609940812
            ],
            [
              -77.05578754925776,
              57.87792991612849
            ],
            [
              -77.05037624799763,
              57.86730568734179
            ],
            [
              -77.0353942246679,
              57.85546928296441
            ],
            [
              -77.01185390561699,
              57.84721298243045
            ],
            [
              -76.99591620524299,
              57.81662768017514
            ],
            [
              -76.98521450633746,
              57.81345100444432
            ],
            [
              -76.97632242245477,
              57.801559411715196
            ],
            [
              -76.97939722329204,
              57.79954419433654
            ],
            [
              -76.96694514369199,
              57.79125961017588
            ],
            [
              -76.95549386798011,
              57.775197770156744
            ],
            [
              -76.94597112646343,
              57.771565790311186
            ],
            [
              -76.94919791679618,
              57.766640766623766
            ],
            [
              -76.92256690700562,
              57.755638591966424
            ],
            [
              -76.9217842766959,
              57.74535010094702
            ],
            [
              -76.9083562665621,
              57.73624999275092
            ],
            [
              -76.91098399571304,
              57.73160638012511
            ],
            [
              -76.89380020880066,
              57.71588289145029
            ],
            [
              -76.89605067309947,
              57.70760297546837
            ],
            [
              -76.89132924800671,
              57.70653736661945
            ],
            [
              -76.89250704657358,
              57.70185907406965
            ],
            [
              -76.86564163747701,
              57.684428377749065
            ],
            [
              -76.85970663648608,
              57.660426894586045
            ],
            [
              -76.85381265451265,
              57.65199926703615
            ],
            [
              -76.8437248151509,
              57.650259203412304
            ],
            [
              -76.84097385621276,
              57.64067476456786
            ],
            [
              -76.84524315025679,
              57.632022803432434
            ],
            [
              -76.86720722312172,
              57.627334385732006
            ],
            [
              -76.8269827074034,
              57.58202739123148
            ],
            [
              -76.82170667867598,
              57.573520765634555
            ],
            [
              -76.82309924262404,
              57.56509787267858
            ],
            [
              -76.81140277888781,
              57.55946127873399
            ],
            [
              -76.80415871157794,
              57.54673769080311
            ],
            [
              -76.79110019944034,
              57.53656537145767
            ],
            [
              -76.79433413170455,
              57.531177493716264
            ],
            [
              -76.77301422116176,
              57.50983116865294
            ],
            [
              -76.78035214139999,
              57.500950457319426
            ],
            [
              -76.76315704423102,
              57.47810456886739
            ],
            [
              -76.76052698987532,
              57.46059114517288
            ],
            [
              -76.71583101846798,
              57.44665598415689
            ],
            [
              -76.71064704078968,
              57.43806696653709
            ],
            [
              -76.70052081554317,
              57.43690257596842
            ],
            [
              -76.70712257613188,
              57.42606725246702
            ],
            [
              -76.69898682537531,
              57.42329104561951
            ],
            [
              -76.69782685592727,
              57.407378972006676
            ],
            [
              -76.67532690443906,
              57.39913797636673
            ],
            [
              -76.67811645178944,
              57.389748355224064
            ],
            [
              -76.68818890608925,
              57.385995481278194
            ],
            [
              -76.66313547823003,
              57.370460786005395
            ],
            [
              -76.65783120347143,
              57.361617060360274
            ],
            [
              -76.6656628858781,
              57.35248946696849
            ],
            [
              -76.65812737743444,
              57.34470817055648
            ],
            [
              -76.66823512161153,
              57.340225853531344
            ],
            [
              -76.63747870443463,
              57.31353547438097
            ],
            [
              -76.63490677506933,
              57.30629907475407
            ],
            [
              -76.63992019996743,
              57.30042583885856
            ],
            [
              -76.62598681305468,
              57.28757155325304
            ],
            [
              -76.61587189555163,
              57.23628135735265
            ],
            [
              -76.60594776218305,
              57.22850066106339
            ],
            [
              -76.59577568168163,
              57.19880784645171
            ],
            [
              -76.58671168522392,
              57.1886482608595
            ],
            [
              -76.59286982057955,
              57.177322359316996
            ],
            [
              -76.58347878003082,
              57.134626159262645
            ],
            [
              -76.56115808907691,
              57.09562594529299
            ],
            [
              -76.56639660851967,
              57.08670782605322
            ],
            [
              -76.56166261354306,
              57.06417593389048
            ],
            [
              -76.56686501152309,
              57.05827572597552
            ],
            [
              -76.57427100951438,
              57.05864394161467
            ],
            [
              -76.57539133217117,
              57.04883775550037
            ],
            [
              -76.57150623721179,
              57.03550313127667
            ],
            [
              -76.57603642490791,
              57.0239970157939
            ],
            [
              -76.56405749379438,
              57.0053354394317
            ],
            [
              -76.56768456863023,
              56.99654251028833
            ],
            [
              -76.56204783955425,
              56.99183520608528
            ],
            [
              -76.56756912828742,
              56.98938570452305
            ],
            [
              -76.56507501151091,
              56.985007824185665
            ],
            [
              -76.57061339217199,
              56.97660354698013
            ],
            [
              -76.56926578217691,
              56.92424493139635
            ],
            [
              -76.56146081547102,
              56.92073682443786
            ],
            [
              -76.5643901187978,
              56.91060503218333
            ],
            [
              -76.55225366999507,
              56.8993572216195
            ],
            [
              -76.5436478764438,
              56.85948303175898
            ],
            [
              -76.54703845726044,
              56.85660331826374
            ],
            [
              -76.5441159451327,
              56.83999070261664
            ],
            [
              -76.53493137643477,
              56.81715329962761
            ],
            [
              -76.53924607549499,
              56.76879808712809
            ],
            [
              -76.53399291781196,
              56.754086405805246
            ],
            [
              -76.53928085785243,
              56.74265851027335
            ],
            [
              -76.5377343395196,
              56.687902197368025
            ],
            [
              -76.54274012144518,
              56.66512508060337
            ],
            [
              -76.53266689224517,
              56.64106709150454
            ],
            [
              -76.54835295789218,
              56.62695470311309
            ],
            [
              -76.54982080814958,
              56.602497396346145
            ],
            [
              -76.53934689754047,
              56.599593111588526
            ],
            [
              -76.53806123527364,
              56.59525829018052
            ],
            [
              -76.54703276076543,
              56.56676549356219
            ],
            [
              -76.55997310204116,
              56.556636075751854
            ],
            [
              -76.54105298037878,
              56.53232987808514
            ],
            [
              -76.55642201994677,
              56.51845349672935
            ],
            [
              -76.54698621125358,
              56.506994084969016
            ],
            [
              -76.55276414337638,
              56.50052826894476
            ],
            [
              -76.55287253935805,
              56.477329852372975
            ],
            [
              -76.52942038045862,
              56.46731855752004
            ],
            [
              -76.52070896852716,
              56.458533894012874
            ],
            [
              -76.52060735884307,
              56.44910319197305
            ],
            [
              -76.52736027091122,
              56.44585958125241
            ],
            [
              -76.53131130814691,
              56.43263347357429
            ],
            [
              -76.52447090366695,
              56.42796365642186
            ],
            [
              -76.53201430321708,
              56.41423117549419
            ],
            [
              -76.54466086359558,
              56.411072574467106
            ],
            [
              -76.52960949821626,
              56.37933677374458
            ],
            [
              -76.54522458208585,
              56.355071155209394
            ],
            [
              -76.5594738956814,
              56.34959343683748
            ],
            [
              -76.54948355224604,
              56.34066456837688
            ],
            [
              -76.54915628430255,
              56.30127377400056
            ],
            [
              -76.56699051452591,
              56.29138333394307
            ],
            [
              -76.56217979198024,
              56.28747152876321
            ],
            [
              -76.56668607006343,
              56.277813949443185
            ],
            [
              -76.59806042137811,
              56.25538674725777
            ],
            [
              -76.61370595885677,
              56.25193384203422
            ],
            [
              -76.62659737452164,
              56.23838866082812
            ],
            [
              -76.62671137206476,
              56.2238978631993
            ],
            [
              -76.6196922241153,
              56.2167879437784
            ],
            [
              -76.62242962683757,
              56.20901455576062
            ],
            [
              -76.61759178746047,
              56.200302129042555
            ],
            [
              -76.62616958674238,
              56.19423443190292
            ],
            [
              -76.64147725797135,
              56.1959365252743
            ],
            [
              -76.66570122123909,
              56.19521342389511
            ],
            [
              -76.6707018829372,
              56.1938186344706
            ],
            [
              -76.6508907685367,
              56.189642334064
            ],
            [
              -76.65070797166887,
              56.17340102225091
            ],
            [
              -76.66047516865909,
              56.16297251155649
            ],
            [
              -76.64424760559262,
              56.14680382260838
            ],
            [
              -76.65077196060027,
              56.12630404595322
            ],
            [
              -76.67434908832723,
              56.10648703745964
            ],
            [
              -76.67928975471045,
              56.09174032253342
            ],
            [
              -76.68657341179473,
              56.08746171566093
            ],
            [
              -76.69187302184042,
              56.05239871342108
            ],
            [
              -76.70908622737463,
              56.03416610843923
            ],
            [
              -76.7334442240355,
              56.01809282531639
            ],
            [
              -76.77644307058632,
              56.01194679231303
            ],
            [
              -76.80033441291404,
              56.00088848677802
            ],
            [
              -76.7970805286752,
              55.98930430964225
            ],
            [
              -76.807414094423,
              55.9820653282671
            ],
            [
              -76.80906044518416,
              55.9594113906124
            ],
            [
              -76.82282192873656,
              55.94915258370935
            ],
            [
              -76.8301909062825,
              55.92986500612502
            ],
            [
              -76.87580337575997,
              55.9234643079425
            ],
            [
              -76.88619195092559,
              55.90102476783468
            ],
            [
              -76.8958773240287,
              55.891509796231404
            ],
            [
              -76.94020532388069,
              55.86690680804199
            ],
            [
              -76.94007283195614,
              55.86179157246725
            ],
            [
              -76.96128405369642,
              55.847650560712104
            ],
            [
              -76.95846644736517,
              55.84033756903175
            ],
            [
              -76.99391273606096,
              55.82320776916409
            ],
            [
              -76.99392456375001,
              55.8155004562851
            ],
            [
              -77.00240495098981,
              55.803678096478464
            ],
            [
              -77.09275315662116,
              55.744874384869206
            ],
            [
              -77.13338568326063,
              55.71010696268626
            ],
            [
              -77.1639493094768,
              55.69552663935543
            ],
            [
              -77.17418622652438,
              55.684556846542115
            ],
            [
              -77.19299601401629,
              55.68041934704414
            ],
            [
              -77.18842304968268,
              55.67699516290085
            ],
            [
              -77.19790153160503,
              55.67286753291169
            ],
            [
              -77.19585264452529,
              55.6652653621519
            ],
            [
              -77.20274294029588,
              55.66019174019497
            ],
            [
              -77.19054991049367,
              55.65937606476532
            ],
            [
              -77.17643783250927,
              55.644171223788774
            ],
            [
              -77.2022024219407,
              55.62407004707892
            ],
            [
              -77.20454980858914,
              55.616724445107266
            ],
            [
              -77.2250062094182,
              55.610919829326335
            ],
            [
              -77.23933905074563,
              55.592406441417076
            ],
            [
              -77.25428829085442,
              55.58299713651993
            ],
            [
              -77.2716079669236,
              55.57980772920833
            ],
            [
              -77.27729441287096,
              55.57261443307034
            ],
            [
              -77.30526702503344,
              55.563729308520536
            ],
            [
              -77.335696763745,
              55.54671450689828
            ],
            [
              -77.33780074191412,
              55.537112236677
            ],
            [
              -77.35247205658553,
              55.53169534525033
            ],
            [
              -77.36072753286284,
              55.52070462053168
            ],
            [
              -77.41102354244019,
              55.49964659734822
            ],
            [
              -77.48535282148607,
              55.4453469089975
            ],
            [
              -77.54603696948834,
              55.40972378753861
            ],
            [
              -77.55675741866234,
              55.39856868165673
            ],
            [
              -77.58420338883506,
              55.38535851461423
            ],
            [
              -77.62382750507554,
              55.38654670456549
            ],
            [
              -77.67389962134675,
              55.35884010058763
            ],
            [
              -77.68220172979787,
              55.348886763974264
            ],
            [
              -77.69595788037314,
              55.34513808977822
            ],
            [
              -77.69912205836582,
              55.338059169781914
            ],
            [
              -77.71334807373606,
              55.33207247829958
            ],
            [
              -77.72685977503124,
              55.33310517167078
            ],
            [
              -77.7299694800186,
              55.32612266468825
            ],
            [
              -77.73704713545317,
              55.32467788512826
            ],
            [
              -77.73492412543419,
              55.3175518724188
            ],
            [
              -77.74741199216656,
              55.31170417004757
            ],
            [
              -77.75047584264934,
              55.30186209373463
            ],
            [
              -77.76026667776473,
              55.29839355878866
            ],
            [
              -77.77515693994356,
              55.27810348560438
            ],
            [
              -77.79078685626064,
              55.26873245464716
            ],
            [
              -77.83572865496475,
              55.25528806258611
            ],
            [
              -77.84864168321033,
              55.25742226911615
            ],
            [
              -77.85106030130132,
              55.25259534542004
            ],
            [
              -77.8681885972326,
              55.249414452096524
            ],
            [
              -77.86801263132965,
              55.24451118153576
            ],
            [
              -77.88338461373246,
              55.236271741720735
            ],
            [
              -77.89990687467085,
              55.23449364559311
            ],
            [
              -77.90229761220955,
              55.226498636529065
            ],
            [
              -77.91541204578466,
              55.21842456485759
            ],
            [
              -77.9718970579128,
              55.205572447207324
            ],
            [
              -78.0340151210057,
              55.18018974477409
            ],
            [
              -78.03024276834765,
              55.17881163482471
            ],
            [
              -78.03395683326768,
              55.17600243828914
            ],
            [
              -78.12861555139591,
              55.149470733884314
            ],
            [
              -78.19796710258748,
              55.12080214463618
            ],
            [
              -78.20596934413462,
              55.10643564450743
            ],
            [
              -78.27418891524975,
              55.08000623257053
            ],
            [
              -78.28214264437769,
              55.063329596170924
            ],
            [
              -78.29598576018117,
              55.055187290436194
            ],
            [
              -78.30803433751562,
              55.054077993625455
            ],
            [
              -78.31659104578394,
              55.04273942181452
            ],
            [
              -78.36745702398511,
              55.031723307646
            ],
            [
              -78.36543357872492,
              55.028805515419
            ],
            [
              -78.39153463525741,
              55.02146992608081
            ],
            [
              -78.41868879012353,
              55.01961718932351
            ],
            [
              -78.42901763695548,
              55.02518928938958
            ],
            [
              -78.42555348906946,
              55.02177778818681
            ],
            [
              -78.42946329688733,
              55.018008110523425
            ],
            [
              -78.44413157024628,
              55.011375095913536
            ],
            [
              -78.49080068756795,
              55.00457100546305
            ],
            [
              -78.5367435342912,
              54.99012860915458
            ],
            [
              -78.55258884446678,
              54.9915262754148
            ],
            [
              -78.58985355409969,
              54.96649687135486
            ],
            [
              -78.63201417664582,
              54.95358509943163
            ],
            [
              -78.63057394537161,
              54.949324604014244
            ],
            [
              -78.6528327796817,
              54.94923887673083
            ],
            [
              -78.6786058648615,
              54.93501856458711
            ],
            [
              -78.71176886724703,
              54.93496016067947
            ],
            [
              -78.73876604515696,
              54.92237298165364
            ],
            [
              -78.73058486400035,
              54.921793876055276
            ],
            [
              -78.73940477693907,
              54.91973455630736
            ],
            [
              -78.74114228842922,
              54.92459456277789
            ],
            [
              -78.75306176070931,
              54.92359679797636
            ],
            [
              -78.76438172265635,
              54.916197189457776
            ],
            [
              -78.78356320814716,
              54.91231456789959
            ],
            [
              -78.78459646864054,
              54.90716267123555
            ],
            [
              -78.80856258161465,
              54.90731535387481
            ],
            [
              -78.83296136887061,
              54.91393065024597
            ],
            [
              -78.8757914955162,
              54.900463367196565
            ],
            [
              -78.87859232178938,
              54.8960210615137
            ],
            [
              -78.89196973703152,
              54.897468782911396
            ],
            [
              -78.89601373103513,
              54.89456397533706
            ],
            [
              -78.89054100681687,
              54.8877907738581
            ],
            [
              -78.8937545153432,
              54.88392076421826
            ],
            [
              -78.90741663759681,
              54.88483286153645
            ],
            [
              -78.94324077586671,
              54.8728287470567
            ],
            [
              -78.94543642929112,
              54.87631267233876
            ],
            [
              -78.95351545796561,
              54.874375449644
            ],
            [
              -78.94063594058932,
              54.86531366532475
            ],
            [
              -78.94289200345855,
              54.853965745861096
            ],
            [
              -78.95554461662965,
              54.85083825576191
            ],
            [
              -78.98193183346028,
              54.83357932820618
            ],
            [
              -79.01038442786142,
              54.838216730103504
            ],
            [
              -79.04293542946895,
              54.82379003352008
            ],
            [
              -79.10230552267319,
              54.818699654473455
            ],
            [
              -79.1811844918048,
              54.800371657725805
            ],
            [
              -79.22770423573066,
              54.79830214076757
            ],
            [
              -79.34676417006641,
              54.764794806858895
            ],
            [
              -79.44803660887408,
              54.7605035304029
            ],
            [
              -79.47816333861145,
              54.74102481733806
            ],
            [
              -79.50184095279577,
              54.73200548788127
            ],
            [
              -79.52689241779215,
              54.72472641854691
            ],
            [
              -79.54825846016828,
              54.72735960159496
            ],
            [
              -79.566601305233,
              54.723239594026396
            ],
            [
              -79.59993476760411,
              54.70076218341017
            ],
            [
              -79.61329098012234,
              54.69836478233752
            ],
            [
              -79.6172180874427,
              54.70327980968347
            ],
            [
              -79.64422645101526,
              54.69525181813881
            ],
            [
              -79.66402003993852,
              54.67602537170179
            ],
            [
              -79.6865012960428,
              54.669202508564744
            ],
            [
              -79.69758087244368,
              54.65961557677775
            ],
            [
              -79.70998470817304,
              54.66044637713931
            ],
            [
              -79.75136548645499,
              54.64912066434594
            ],
            [
              -79.75330023128168,
              54.638442063972285
            ],
            [
              -79.76330129692433,
              54.63250459867753
            ],
            [
              -79.76484923974931,
              54.6226194894196
            ],
            [
              -79.74090289117183,
              54.62976158968548
            ],
            [
              -79.68561559676229,
              54.61842420062883
            ],
            [
              -79.6679675846631,
              54.60373338893924
            ],
            [
              -79.67152185058825,
              54.601531469468554
            ],
            [
              -79.66721731030013,
              54.60324388092583
            ],
            [
              -79.62494353846314,
              54.56769487622161
            ],
            [
              -79.62585605608913,
              54.56363348668673
            ],
            [
              -79.61271025715594,
              54.55744398473015
            ],
            [
              -79.63724176009299,
              54.55107739552653
            ],
            [
              -79.63020453337849,
              54.55039917286203
            ],
            [
              -79.63235907166556,
              54.54749557239061
            ],
            [
              -79.61235940593059,
              54.55689525068585
            ],
            [
              -79.58351990286448,
              54.53727429206167
            ],
            [
              -79.57270609308343,
              54.53847030184108
            ],
            [
              -79.55935685495633,
              54.531572269809246
            ],
            [
              -79.59684975130008,
              54.528779583267756
            ],
            [
              -79.5738704291779,
              54.525070489182525
            ],
            [
              -79.55605744154151,
              54.53043780486902
            ],
            [
              -79.53388576438606,
              54.519082294826035
            ],
            [
              -79.55082803741239,
              54.51204699799336
            ],
            [
              -79.54522873461885,
              54.507856984825146
            ],
            [
              -79.53620584605636,
              54.51226145087939
            ],
            [
              -79.5381438307808,
              54.506561935088214
            ],
            [
              -79.55153799888386,
              54.50174747172788
            ],
            [
              -79.53844592273788,
              54.505673390964816
            ],
            [
              -79.54461002597874,
              54.49973066989589
            ],
            [
              -79.53735610201053,
              54.48075430406613
            ],
            [
              -79.55775322241335,
              54.47432305710106
            ],
            [
              -79.53676236942863,
              54.47289286116558
            ],
            [
              -79.53631946324883,
              54.46702718349348
            ],
            [
              -79.56546882176481,
              54.46572296962357
            ],
            [
              -79.56872438294648,
              54.47138306210553
            ],
            [
              -79.56428662541643,
              54.47775225412449
            ],
            [
              -79.59646232122003,
              54.46592955082296
            ],
            [
              -79.57613151430819,
              54.46350125173147
            ],
            [
              -79.57629106958171,
              54.45897435918322
            ],
            [
              -79.53533271422714,
              54.46322898109926
            ],
            [
              -79.53974000137411,
              54.46047397651215
            ],
            [
              -79.53558590900697,
              54.46141896086887
            ],
            [
              -79.53068714730789,
              54.45047916685384
            ],
            [
              -79.53655025675396,
              54.44635225601756
            ],
            [
              -79.52780006266767,
              54.43558106424789
            ],
            [
              -79.53387551247933,
              54.433115276597064
            ],
            [
              -79.52519323520418,
              54.432669552053895
            ],
            [
              -79.50623784192364,
              54.413559392886725
            ],
            [
              -79.51696825621792,
              54.403950349109955
            ],
            [
              -79.50533439274767,
              54.402867051663165
            ],
            [
              -79.50424398824035,
              54.39644864796052
            ],
            [
              -79.51066312412203,
              54.39365335125004
            ],
            [
              -79.50595857710553,
              54.39200077732855
            ],
            [
              -79.50818147538396,
              54.3888656638236
            ],
            [
              -79.51090586065602,
              54.3904289738506
            ],
            [
              -79.51514825959835,
              54.38683297917204
            ],
            [
              -79.50137907917859,
              54.39060097942988
            ],
            [
              -79.49054045890837,
              54.37734604548074
            ],
            [
              -79.49694765022089,
              54.37707996707347
            ],
            [
              -79.49736376532015,
              54.37095087031615
            ],
            [
              -79.51216019751273,
              54.36366835957772
            ],
            [
              -79.48568002626365,
              54.34907397738263
            ],
            [
              -79.48584018389494,
              54.33491935367799
            ],
            [
              -79.47133892715236,
              54.326695173541076
            ],
            [
              -79.4744177800118,
              54.313417776768986
            ],
            [
              -79.48815083860714,
              54.304922968946556
            ],
            [
              -79.48197900444342,
              54.29384195397789
            ],
            [
              -79.48630486147921,
              54.29060043133574
            ],
            [
              -79.48544130823218,
              54.279306855030114
            ],
            [
              -79.49113117081535,
              54.276336145340515
            ],
            [
              -79.48522611166607,
              54.27645501670017
            ],
            [
              -79.48418371292402,
              54.262633692100316
            ],
            [
              -79.48761424865255,
              54.2653785392296
            ],
            [
              -79.49610342268278,
              54.26486287067113
            ],
            [
              -79.48402917251745,
              54.260583081862826
            ],
            [
              -79.48204915741734,
              54.22905065318528
            ],
            [
              -79.47369049049092,
              54.22400912906651
            ],
            [
              -79.47818956273318,
              54.22160296251402
            ],
            [
              -79.47238625087833,
              54.223222349047944
            ],
            [
              -79.39487400048587,
              54.17638266191769
            ],
            [
              -79.38547931534747,
              54.16637466425527
            ],
            [
              -79.39565657947325,
              54.16277284822821
            ],
            [
              -79.3833971712088,
              54.164155850108294
            ],
            [
              -79.31252266548428,
              54.08846611205653
            ],
            [
              -79.3208617308853,
              54.084551564098696
            ],
            [
              -79.30903805558209,
              54.08473655980582
            ],
            [
              -79.29376912539503,
              54.06925843181057
            ],
            [
              -79.30558430872736,
              54.06927034612843
            ],
            [
              -79.29669620135043,
              54.06855614655596
            ],
            [
              -79.29350000713276,
              54.062297728980695
            ],
            [
              -79.28748085016595,
              54.06372855450259
            ],
            [
              -79.2584109562435,
              54.03814158607198
            ],
            [
              -79.2629027937837,
              54.037507949735506
            ],
            [
              -79.2564336792288,
              54.03639983397426
            ],
            [
              -79.20491434781844,
              53.99104140241947
            ],
            [
              -79.211823216989,
              53.9888725287572
            ],
            [
              -79.20283500175329,
              53.989209389315754
            ],
            [
              -79.11051122841178,
              53.907118638582716
            ],
            [
              -79.12458945866868,
              53.90776257385511
            ],
            [
              -79.12217243991716,
              53.902484950347116
            ],
            [
              -79.14278438122005,
              53.901040644988775
            ],
            [
              -79.11564420125049,
              53.9007906135135
            ],
            [
              -79.11506059617497,
              53.89554073590361
            ],
            [
              -79.10628286825875,
              53.90342942037292
            ],
            [
              -79.09947602686636,
              53.87964194484648
            ],
            [
              -79.08091894966134,
              53.87098593184585
            ],
            [
              -79.092558078763,
              53.86393048631437
            ],
            [
              -79.0897508999857,
              53.83487580190611
            ],
            [
              -79.11608542411028,
              53.83182025202469
            ],
            [
              -79.10325154851729,
              53.82629236007918
            ],
            [
              -79.08958430590853,
              53.82865344415074
            ],
            [
              -79.09586239896706,
              53.81495866010781
            ],
            [
              -79.08816761987023,
              53.81320860833222
            ],
            [
              -79.08661228083388,
              53.79806939655784
            ],
            [
              -79.08170552041614,
              53.79422952336527
            ],
            [
              -79.08351147811747,
              53.75760599574888
            ],
            [
              -79.08721604075211,
              53.75319021699281
            ],
            [
              -79.100639337115,
              53.756044006578556
            ],
            [
              -79.0911434335784,
              53.749453893307766
            ],
            [
              -79.11822128492584,
              53.727710801078416
            ],
            [
              -79.11547857969396,
              53.726285288059096
            ],
            [
              -79.13082111554698,
              53.72171292961814
            ],
            [
              -79.11850571432977,
              53.72340109153008
            ],
            [
              -79.12982308270573,
              53.71261408655138
            ],
            [
              -79.15560579184898,
              53.70487721912222
            ],
            [
              -79.1501962177439,
              53.69173279880695
            ],
            [
              -79.11585037851046,
              53.6811419444585
            ],
            [
              -79.0981812142926,
              53.670148180105706
            ],
            [
              -79.07477911287218,
              53.63362877691403
            ],
            [
              -79.07757428467954,
              53.63232090059272
            ],
            [
              -79.055374970391,
              53.60619719161371
            ],
            [
              -79.0712256674167,
              53.59533949736385
            ],
            [
              -79.08655794311403,
              53.54623617038605
            ],
            [
              -79.11164768316142,
              53.50832014423637
            ],
            [
              -79.12069775359488,
              53.50297909105572
            ],
            [
              -79.13621836228097,
              53.50327558120936
            ],
            [
              -79.1431421918452,
              53.49109216029613
            ],
            [
              -79.11767187392775,
              53.48066978144511
            ],
            [
              -79.11242215155593,
              53.46523316681643
            ],
            [
              -79.1037786697406,
              53.4672587745606
            ],
            [
              -79.09128572322166,
              53.461099967500964
            ],
            [
              -79.09660389598827,
              53.45379606928638
            ],
            [
              -79.09398763368532,
              53.45158036215807
            ],
            [
              -79.10439236598866,
              53.44233165441115
            ],
            [
              -79.08829451497273,
              53.44752788397477
            ],
            [
              -79.0778958162094,
              53.441321357788944
            ],
            [
              -79.0654215713502,
              53.407775777298305
            ],
            [
              -79.01797612715153,
              53.40790005400034
            ],
            [
              -79.00572032115613,
              53.40444699226077
            ],
            [
              -79.00778283445847,
              53.40162815679093
            ],
            [
              -78.986795610922,
              53.40214246704152
            ],
            [
              -78.98569288230496,
              53.38812156434578
            ],
            [
              -78.96672813317376,
              53.386549977219296
            ],
            [
              -78.94991190890352,
              53.3791563712402
            ],
            [
              -78.95937629485154,
              53.369729183523056
            ],
            [
              -78.95906490787891,
              53.364276071855876
            ],
            [
              -78.98303031165511,
              53.3521111719759
            ],
            [
              -78.9844016679229,
              53.34430997991835
            ],
            [
              -78.97189906960361,
              53.339324358997054
            ],
            [
              -78.97341180608612,
              53.33255248106039
            ],
            [
              -79.00470760815045,
              53.311708157672896
            ],
            [
              -79.01031368575833,
              53.29630245841751
            ],
            [
              -79.03356309135863,
              53.29743207724688
            ],
            [
              -79.03775398924826,
              53.30614186910609
            ],
            [
              -79.04665804042395,
              53.30582397756285
            ],
            [
              -79.04941128795107,
              53.30283946103168
            ],
            [
              -79.04137110010056,
              53.30323367653581
            ],
            [
              -79.03715011478323,
              53.298227738144355
            ],
            [
              -79.04735123155163,
              53.29869285062634
            ],
            [
              -79.04641249215751,
              53.29199844683681
            ],
            [
              -79.05455385916204,
              53.29235387342135
            ],
            [
              -79.03844844434309,
              53.286088476542744
            ],
            [
              -79.03191931280811,
              53.29136295557568
            ],
            [
              -79.01313270162575,
              53.28896345033432
            ],
            [
              -79.01729118408282,
              53.26955553965453
            ],
            [
              -78.94935298608337,
              53.23507994713256
            ],
            [
              -78.9389685906256,
              53.21138569872248
            ],
            [
              -78.97922255039693,
              53.16139184313315
            ],
            [
              -78.97129730577139,
              53.16293255177394
            ],
            [
              -78.96521607285233,
              53.151874532714885
            ],
            [
              -78.94850194172446,
              53.14488994376851
            ],
            [
              -78.94740671825716,
              53.13799113195531
            ],
            [
              -78.95337868834676,
              53.13110603674677
            ],
            [
              -78.97615135530187,
              53.12289976042653
            ],
            [
              -78.97441349219784,
              53.10049677268063
            ],
            [
              -78.99956599002056,
              53.09236961623514
            ],
            [
              -78.98817837255687,
              53.07073722912618
            ],
            [
              -78.99304018938685,
              53.06476383909357
            ],
            [
              -78.99334984718104,
              53.023900931875446
            ],
            [
              -78.98966612830542,
              53.02035730763079
            ],
            [
              -78.99517574613367,
              53.0128494063649
            ],
            [
              -78.96669424590449,
              53.000141726342264
            ],
            [
              -78.95978774974346,
              52.96326692802253
            ],
            [
              -78.96883835706242,
              52.95713121573177
            ],
            [
              -78.95676291187887,
              52.94519123088187
            ],
            [
              -78.98289881145159,
              52.920146435215436
            ],
            [
              -79.00207476148304,
              52.914456408413066
            ],
            [
              -79.0128316248808,
              52.904843409579826
            ],
            [
              -78.97545453523047,
              52.916618595180836
            ],
            [
              -78.97361384066674,
              52.923789920201536
            ],
            [
              -78.96387104023131,
              52.924267536808046
            ],
            [
              -78.96645499130557,
              52.91867889794829
            ],
            [
              -78.95406281871705,
              52.92438603837201
            ],
            [
              -78.9495110416893,
              52.928379609137615
            ],
            [
              -78.9612156186757,
              52.92688253329119
            ],
            [
              -78.95616121068159,
              52.932274714263855
            ],
            [
              -78.9607403670128,
              52.9367216325763
            ],
            [
              -78.95367510199266,
              52.94014574040961
            ],
            [
              -78.92796297897837,
              52.915641713712105
            ],
            [
              -78.89988080636198,
              52.89926080218204
            ],
            [
              -78.89440393186763,
              52.88272301336754
            ],
            [
              -78.87669390764923,
              52.870626821803086
            ],
            [
              -78.88252097401235,
              52.859227027015244
            ],
            [
              -78.87481659062503,
              52.85518769192584
            ],
            [
              -78.87387237082534,
              52.81923107735775
            ],
            [
              -78.87582767178922,
              52.82094852646976
            ],
            [
              -78.8808247911578,
              52.81812102282793
            ],
            [
              -78.87386501378022,
              52.818951109322164
            ],
            [
              -78.87264647930132,
              52.77245811440488
            ],
            [
              -78.87673397550316,
              52.770690085949695
            ],
            [
              -78.87250011840354,
              52.76686748269252
            ],
            [
              -78.87747319013944,
              52.76652728137213
            ],
            [
              -78.87262474841914,
              52.7600570928077
            ],
            [
              -78.8793651456064,
              52.75850218623243
            ],
            [
              -78.87230113371552,
              52.756169395324456
            ],
            [
              -78.8728750935219,
              52.740273183242145
            ],
            [
              -78.86038225835775,
              52.72915760850168
            ],
            [
              -78.86527695709326,
              52.729006701210274
            ],
            [
              -78.8660520741363,
              52.72744539596565
            ],
            [
              -78.85827053730902,
              52.727231915370325
            ],
            [
              -78.82757821511841,
              52.69953569449503
            ],
            [
              -78.82428645930365,
              52.675334006546755
            ],
            [
              -78.82835097833329,
              52.672471391950964
            ],
            [
              -78.8237080637608,
              52.67309909628952
            ],
            [
              -78.81568049323013,
              52.642056569713255
            ],
            [
              -78.82214635736048,
              52.64078960119107
            ],
            [
              -78.80376953644735,
              52.63865260393122
            ],
            [
              -78.80345933660195,
              52.63374189231169
            ],
            [
              -78.77886139505017,
              52.6221789061719
            ],
            [
              -78.7674222950988,
              52.58292316570555
            ],
            [
              -78.77467182962917,
              52.57573797637126
            ],
            [
              -78.76612371296966,
              52.578462260197306
            ],
            [
              -78.76383351097859,
              52.570592674300435
            ],
            [
              -78.76878826727615,
              52.56064227173272
            ],
            [
              -78.76867791342806,
              52.54172587427687
            ],
            [
              -78.72623804939231,
              52.52938957700865
            ],
            [
              -78.71550027129776,
              52.52096170050119
            ],
            [
              -78.67438166945173,
              52.51343710178035
            ],
            [
              -78.64972964502844,
              52.51623046949815
            ],
            [
              -78.62514907759174,
              52.511984267292256
            ],
            [
              -78.5902108188311,
              52.51718497188494
            ],
            [
              -78.58019532653933,
              52.50561786892305
            ],
            [
              -78.56914262498461,
              52.50158768200128
            ],
            [
              -78.56601342897926,
              52.49556949138619
            ],
            [
              -78.57152615347337,
              52.48546947576498
            ],
            [
              -78.55638272039486,
              52.453718681439675
            ],
            [
              -78.57643373346637,
              52.43928928545539
            ],
            [
              -78.57698920847206,
              52.42429079146048
            ],
            [
              -78.58895888768991,
              52.416985888849304
            ],
            [
              -78.58408088987404,
              52.39596717736005
            ],
            [
              -78.54432007303997,
              52.37122357728154
            ],
            [
              -78.53795365292805,
              52.35172774606673
            ],
            [
              -78.52253626137988,
              52.35150335387675
            ],
            [
              -78.51693378156389,
              52.33211968663222
            ],
            [
              -78.52337830738875,
              52.30810007411971
            ],
            [
              -78.56677572202152,
              52.28822627613952
            ],
            [
              -78.5595498234048,
              52.28798596550137
            ],
            [
              -78.55785826810181,
              52.28316047895756
            ],
            [
              -78.5632256805711,
              52.280062674257024
            ],
            [
              -78.55811439147944,
              52.27822775329342
            ],
            [
              -78.55843420539055,
              52.26991093917943
            ],
            [
              -78.56963766852769,
              52.263932950781125
            ],
            [
              -78.57014044877687,
              52.25749883290505
            ],
            [
              -78.58298096378485,
              52.253506470679056
            ],
            [
              -78.58186880922953,
              52.24549536568251
            ],
            [
              -78.58883169934434,
              52.24292832796447
            ],
            [
              -78.58109648752239,
              52.24251015433056
            ],
            [
              -78.57637447695195,
              52.208664426116925
            ],
            [
              -78.5573541671491,
              52.2085566561372
            ],
            [
              -78.55057354841468,
              52.19942615029842
            ],
            [
              -78.55051486884355,
              52.188652421876434
            ],
            [
              -78.56136619416326,
              52.15698941809487
            ],
            [
              -78.59620664163309,
              52.10857362878238
            ],
            [
              -78.66108502432422,
              52.077828820171206
            ],
            [
              -78.65206492530255,
              52.07216943791069
            ],
            [
              -78.66632712377506,
              52.05401111572132
            ],
            [
              -78.7095703152638,
              52.047788213537814
            ],
            [
              -78.7149052150244,
              52.05380493904646
            ],
            [
              -78.72184484636051,
              52.052886818545815
            ],
            [
              -78.7261732154041,
              52.04943450485089
            ],
            [
              -78.7004216708818,
              52.032938022062154
            ],
            [
              -78.70260647408091,
              52.028905737406795
            ],
            [
              -78.72827942445065,
              52.01664751237623
            ],
            [
              -78.7796564020045,
              51.969890401346255
            ],
            [
              -78.79467465289054,
              51.96677928511143
            ],
            [
              -78.80105531697872,
              51.95856152166754
            ],
            [
              -78.81101821147386,
              51.95827708608512
            ],
            [
              -78.82171786126575,
              51.9512598875648
            ],
            [
              -78.83268527237853,
              51.95280518417102
            ],
            [
              -78.84654047401268,
              51.94386287022089
            ],
            [
              -78.84503955136002,
              51.950002315121466
            ],
            [
              -78.85629155094276,
              51.95412398205486
            ],
            [
              -78.84099882285939,
              51.96348509813935
            ],
            [
              -78.84569510751032,
              51.97034668379633
            ],
            [
              -78.8575185412372,
              51.967081005713936
            ],
            [
              -78.85545698418596,
              51.9578840146016
            ],
            [
              -78.86344682733466,
              51.95310331152702
            ],
            [
              -78.88755814248061,
              51.95723490575631
            ],
            [
              -78.89395946504584,
              51.945359684823075
            ],
            [
              -78.88530304020789,
              51.940006776584035
            ],
            [
              -78.89348884219359,
              51.933615003283265
            ],
            [
              -78.88980638697738,
              51.913308392776315
            ],
            [
              -78.90185465219636,
              51.9059692991367
            ],
            [
              -78.89944506347997,
              51.89994676346477
            ],
            [
              -78.96965735901345,
              51.799729568212996
            ],
            [
              -79.024359352441,
              51.77932926647712
            ],
            [
              -79.03539460571044,
              51.767909941340136
            ],
            [
              -79.05119725976405,
              51.76420095697434
            ],
            [
              -79.0299493064763,
              51.744695533525274
            ],
            [
              -79.01193319313602,
              51.74486134653638
            ],
            [
              -78.99865555469616,
              51.73959517155777
            ],
            [
              -78.9976150881717,
              51.724426646577605
            ],
            [
              -78.99158426673984,
              51.72230174562266
            ],
            [
              -78.99624969352156,
              51.71620626554787
            ],
            [
              -78.9898956854458,
              51.71034693810849
            ],
            [
              -78.9923118924134,
              51.704108252137324
            ],
            [
              -78.96681916393901,
              51.7007723620846
            ],
            [
              -78.96785431036785,
              51.69416284613886
            ],
            [
              -78.95077414383483,
              51.69767847554626
            ],
            [
              -78.94109754875232,
              51.692978649442935
            ],
            [
              -78.93671844867579,
              51.67508887127395
            ],
            [
              -78.94533884470134,
              51.660812744879806
            ],
            [
              -78.92797856139298,
              51.645356957744696
            ],
            [
              -78.89174942019895,
              51.642463448330695
            ],
            [
              -78.85005070881562,
              51.6163836480809
            ],
            [
              -78.82616186014903,
              51.5718536923584
            ],
            [
              -78.815613191732,
              51.53821905537569
            ],
            [
              -78.81614045231473,
              51.5267209537884
            ],
            [
              -78.82817325564156,
              51.51298515427296
            ],
            [
              -78.80120503153718,
              51.47269627026439
            ],
            [
              -78.81237220599517,
              51.45486273523555
            ],
            [
              -78.81967809497408,
              51.45058485425817
            ],
            [
              -78.97985260287187,
              51.46155761904627
            ],
            [
              -79.04429875797376,
              51.50744779875073
            ],
            [
              -79.09791078213235,
              51.53794846094291
            ],
            [
              -79.15394175417622,
              51.526114979267106
            ],
            [
              -79.20636141536072,
              51.53847630505489
            ],
            [
              -79.2377801854316,
              51.559782034200666
            ],
            [
              -79.23322486318601,
              51.56933776674149
            ],
            [
              -79.24289223151835,
              51.575893382092524
            ],
            [
              -79.24008678311857,
              51.59408795870064
            ],
            [
              -79.21961360361271,
              51.620088212333485
            ],
            [
              -79.21722215150547,
              51.63928331704957
            ],
            [
              -79.22784502144354,
              51.64767211359175
            ],
            [
              -79.25379273006017,
              51.64401562866627
            ],
            [
              -79.29114856458541,
              51.65360623688935
            ],
            [
              -79.30487528785781,
              51.66365532347953
            ],
            [
              -79.30197036454365,
              51.67558023524224
            ],
            [
              -79.30552278858853,
              51.68111484078849
            ],
            [
              -79.3354782671512,
              51.667265147267855
            ],
            [
              -79.39341496940254,
              51.659306734981904
            ],
            [
              -79.40567331050804,
              51.643939707236456
            ],
            [
              -79.4309045955902,
              51.638418325091294
            ],
            [
              -79.47552199574805,
              51.599939612434824
            ],
            [
              -79.51789964551051,
              51.58514320408252
            ],
            [
              -79.50685605007071,
              51.57427369623545
            ],
            [
              -79.51851587826565,
              51.568006560741765
            ],
            [
              -79.51780276369172,
              49.00912919095614
            ],
            [
              -79.05353111834137,
              49.00952567938296
            ],
            [
              -79.0534748781767,
              48.99999570996907
            ],
            [
              -78.94993997298539,
              48.999732209305755
            ],
            [
              -74.67627847309011,
              49.0001102868384
            ],
            [
              -74.6284317422247,
              48.96787218997782
            ],
            [
              -74.61288838795986,
              48.969292312867026
            ],
            [
              -74.60794699053712,
              48.96222742499869
            ],
            [
              -74.59217246670526,
              48.9688080226875
            ],
            [
              -74.59596094641738,
              48.97276505112979
            ],
            [
              -74.58677576971142,
              48.97768131527887
            ],
            [
              -74.58758626263366,
              48.99414014276258
            ],
            [
              -74.56901644723571,
              48.994790329663466
            ],
            [
              -74.56229237157102,
              49.001572311990984
            ],
            [
              -74.55426225665289,
              49.00033809014844
            ],
            [
              -74.55385800620022,
              48.98715841314915
            ],
            [
              -74.54728183192887,
              48.98733325145932
            ],
            [
              -74.54115631685414,
              48.977850245271505
            ],
            [
              -74.53263815777845,
              48.976730716466854
            ],
            [
              -74.53364782613305,
              48.966694318886276
            ],
            [
              -74.53947999886786,
              48.963728097180876
            ],
            [
              -74.51924232374147,
              48.95279313137609
            ],
            [
              -74.52317444845072,
              48.94614831518854
            ],
            [
              -74.50477845806122,
              48.92604834289666
            ],
            [
              -74.481070482888,
              48.93690942958056
            ],
            [
              -74.4673636317734,
              48.95364460173483
            ],
            [
              -74.45920914419918,
              48.95631169849349
            ],
            [
              -74.45348153372068,
              48.9716295840866
            ],
            [
              -74.44260397227801,
              48.97510934608612
            ],
            [
              -74.4369846280024,
              48.971881647832426
            ],
            [
              -74.4401879580402,
              48.9609828760249
            ],
            [
              -74.43599250165039,
              48.9515742017622
            ],
            [
              -74.44626054007911,
              48.95010548809706
            ],
            [
              -74.45002669865211,
              48.94263714879033
            ],
            [
              -74.44102172747301,
              48.93204505355124
            ],
            [
              -74.41780932770472,
              48.935181892026186
            ],
            [
              -74.4148445280225,
              48.92858115614009
            ],
            [
              -74.40238171605996,
              48.922227539697765
            ],
            [
              -74.39145533675185,
              48.92724978293563
            ],
            [
              -74.39016309016435,
              48.93601009433535
            ],
            [
              -74.36930112418989,
              48.9389301306745
            ],
            [
              -74.35445577664031,
              48.935048099712155
            ],
            [
              -74.36230439968773,
              48.917902677745005
            ],
            [
              -74.34230663340408,
              48.92479535165619
            ],
            [
              -74.33286458875965,
              48.9211497064987
            ],
            [
              -74.3305537320987,
              48.9328035433866
            ],
            [
              -74.33596633077232,
              48.940840262389585
            ],
            [
              -74.32977626426269,
              48.9474139956622
            ],
            [
              -74.33607912990898,
              48.9520089390985
            ],
            [
              -74.33494801794399,
              48.96654101237561
            ],
            [
              -74.32436825076613,
              48.971698193617435
            ],
            [
              -74.31463033426138,
              48.970553324856844
            ],
            [
              -74.31141978068713,
              48.97608869984228
            ],
            [
              -74.30010272964347,
              48.97506158216684
            ],
            [
              -74.29459453907184,
              48.978597980943526
            ],
            [
              -74.29367508062172,
              48.98745346834008
            ],
            [
              -74.2852347019893,
              48.99059585218096
            ],
            [
              -74.28273535699664,
              48.99953197265657
            ],
            [
              -74.2884318121514,
              49.00125411167788
            ],
            [
              -74.28814121685265,
              49.009412107939774
            ],
            [
              -74.30325933457475,
              49.014006975999386
            ],
            [
              -74.29772474389395,
              49.02668018017522
            ],
            [
              -74.30285605685768,
              49.02845302322785
            ],
            [
              -74.30685560950232,
              49.041128723996685
            ],
            [
              -74.29198959641438,
              49.04210138377922
            ],
            [
              -74.28823119770253,
              49.06844094196674
            ],
            [
              -74.27815241836015,
              49.07020066366522
            ],
            [
              -74.27936721161133,
              49.07857993189387
            ],
            [
              -74.27330312854838,
              49.089241079780834
            ],
            [
              -74.28004875197503,
              49.10009156215022
            ],
            [
              -74.26702916983291,
              49.10415902932612
            ],
            [
              -74.27074682997461,
              49.11269373647034
            ],
            [
              -74.2643268464481,
              49.11991889584654
            ],
            [
              -74.26442339021055,
              49.137384326506385
            ],
            [
              -74.24421581604022,
              49.13623934619294
            ],
            [
              -74.25047540653352,
              49.159538095477856
            ],
            [
              -74.2442506858265,
              49.164256731462125
            ],
            [
              -74.25300749254646,
              49.1709193511038
            ],
            [
              -74.24150900822269,
              49.1879986411947
            ],
            [
              -74.24447873274676,
              49.1928974268138
            ],
            [
              -74.23931924919165,
              49.19539843441441
            ],
            [
              -74.24397203868295,
              49.20410963454158
            ],
            [
              -74.22721973411977,
              49.21713203023674
            ],
            [
              -74.22791493325406,
              49.236161519100236
            ],
            [
              -74.23223820811097,
              49.23962893044285
            ],
            [
              -74.22760835759186,
              49.250687277320445
            ],
            [
              -74.23244865402158,
              49.26812262076168
            ],
            [
              -74.22944874431475,
              49.28159480193441
            ],
            [
              -74.24955798619092,
              49.29000084735105
            ],
            [
              -74.25007977243627,
              49.280613119904565
            ],
            [
              -74.26605152629439,
              49.273298887112155
            ],
            [
              -74.27070217116747,
              49.27576264828722
            ],
            [
              -74.27042063117615,
              49.286844716980546
            ],
            [
              -74.28337448381035,
              49.28786132158062
            ],
            [
              -74.28907492501905,
              49.28000402514483
            ],
            [
              -74.29456755385073,
              49.28910126228956
            ],
            [
              -74.30340284937735,
              49.2834603820557
            ],
            [
              -74.30184605664779,
              49.27161579332551
            ],
            [
              -74.30567116785042,
              49.26026019743831
            ],
            [
              -74.31070459739361,
              49.25808872389312
            ],
            [
              -74.31547952953656,
              49.27281597992366
            ],
            [
              -74.33613564470402,
              49.27224691095187
            ],
            [
              -74.33015077271047,
              49.28322345687342
            ],
            [
              -74.33513542095719,
              49.28824326242082
            ],
            [
              -74.34883748197575,
              49.290491996173756
            ],
            [
              -74.36129650533046,
              49.30041695014308
            ],
            [
              -74.38123247342982,
              49.30166645747554
            ],
            [
              -74.37484492468148,
              49.31644312498855
            ],
            [
              -74.39765901775512,
              49.31735542414513
            ],
            [
              -74.3991280656793,
              49.32142760669846
            ],
            [
              -74.40945853956654,
              49.31421549316157
            ],
            [
              -74.43285578772348,
              49.32385653961279
            ],
            [
              -74.40963103382369,
              49.35581345044854
            ],
            [
              -74.3933976055743,
              49.37000088629281
            ],
            [
              -74.41287611791714,
              49.375179544235806
            ],
            [
              -74.41570388859954,
              49.38202275614769
            ],
            [
              -74.40572346210767,
              49.3919320250748
            ],
            [
              -74.40543010268374,
              49.428240449567014
            ],
            [
              -74.39597077996629,
              49.434126269862716
            ],
            [
              -74.38375267460557,
              49.43334363127162
            ],
            [
              -74.37493773147577,
              49.442808771078816
            ],
            [
              -74.37939742830982,
              49.44548133228949
            ],
            [
              -74.37423909964271,
              49.45673098320739
            ],
            [
              -74.38720747735218,
              49.45834167189086
            ],
            [
              -74.39370891230257,
              49.47479234208822
            ],
            [
              -74.38530630606262,
              49.48174012049695
            ],
            [
              -74.36947258477214,
              49.48431730256797
            ],
            [
              -74.36264982933322,
              49.493706561275495
            ],
            [
              -74.3408980778645,
              49.505139611933444
            ],
            [
              -74.321528661787,
              49.49250621386604
            ],
            [
              -74.33511931662747,
              49.483367834905195
            ],
            [
              -74.33581217114894,
              49.47625223880377
            ],
            [
              -74.29731817146076,
              49.484286015669404
            ],
            [
              -74.2888809556279,
              49.49541910670836
            ],
            [
              -74.25452918924869,
              49.51197811967579
            ],
            [
              -74.24790129955238,
              49.518206402897356
            ],
            [
              -74.26843119632832,
              49.52382274886109
            ],
            [
              -74.25210862080857,
              49.545638177842214
            ],
            [
              -74.25265276517851,
              49.56711231004546
            ],
            [
              -74.22822156177386,
              49.56886967835806
            ],
            [
              -74.22498400834485,
              49.585709295025644
            ],
            [
              -74.19850846552357,
              49.61018810883451
            ],
            [
              -74.19909141449553,
              49.617741325942426
            ],
            [
              -74.18439640017769,
              49.64579102577705
            ],
            [
              -74.19133065762654,
              49.655714529966225
            ],
            [
              -74.18093439031557,
              49.66894999539394
            ],
            [
              -74.18149972855747,
              49.67919241890277
            ],
            [
              -74.1560689880068,
              49.68312618558149
            ],
            [
              -74.15188235504394,
              49.67831760604115
            ],
            [
              -74.1416276615593,
              49.679547742664354
            ],
            [
              -74.11023541021282,
              49.70617396099129
            ],
            [
              -74.1065271008532,
              49.71548199654179
            ],
            [
              -74.1112238479293,
              49.71962645196054
            ],
            [
              -74.09842034702383,
              49.735401190865666
            ],
            [
              -74.01662152618898,
              49.7353373273469
            ],
            [
              -74.01659158793845,
              49.80188234528333
            ],
            [
              -74.0002735508067,
              49.808035370896405
            ],
            [
              -73.98306127630956,
              49.83336623340502
            ],
            [
              -73.9552386175612,
              49.843932970163486
            ],
            [
              -73.94555464877524,
              49.859992565966735
            ],
            [
              -73.92337748103772,
              49.880600344976564
            ],
            [
              -73.92008028208743,
              49.89253139889131
            ],
            [
              -73.91221586332146,
              49.89266567424552
            ],
            [
              -73.9042127482757,
              49.91017454618864
            ],
            [
              -73.90851632104963,
              49.912651793373925
            ],
            [
              -73.90895156791754,
              49.92946029285255
            ],
            [
              -73.89007641640796,
              49.96048938226089
            ],
            [
              -73.86610962039552,
              49.96507704395947
            ],
            [
              -73.85721676202232,
              49.99225589736732
            ],
            [
              -73.84736560329875,
              49.99973880689442
            ],
            [
              -73.85279983167996,
              50.00421182432656
            ],
            [
              -73.85172652201487,
              50.01120677040839
            ],
            [
              -73.83535767805655,
              50.00962825086923
            ],
            [
              -73.82232786587495,
              50.01387106505031
            ],
            [
              -73.81563998604159,
              50.02890884256081
            ],
            [
              -73.80469441619101,
              50.02917707606441
            ],
            [
              -73.80121938223799,
              50.04169333706439
            ],
            [
              -73.78717309877305,
              50.05650550485109
            ],
            [
              -73.78385636486392,
              50.07867622326988
            ],
            [
              -73.77706412587139,
              50.08274279215868
            ],
            [
              -73.7899050133382,
              50.10142515137465
            ],
            [
              -73.77863382820145,
              50.10983245809383
            ],
            [
              -73.78058250147684,
              50.115531134852546
            ],
            [
              -73.77463124882728,
              50.12003738976988
            ],
            [
              -73.78298031117878,
              50.12383216997605
            ],
            [
              -73.78171562051087,
              50.13144348615266
            ],
            [
              -73.7922915897279,
              50.13596385337092
            ],
            [
              -73.7852506542757,
              50.14615397717239
            ],
            [
              -73.76999221977515,
              50.155069565133815
            ],
            [
              -73.77566967299269,
              50.166767235617016
            ],
            [
              -73.78396861027706,
              50.17005291974904
            ],
            [
              -73.78017750244086,
              50.18472791807123
            ],
            [
              -73.78506915049672,
              50.18782341831934
            ],
            [
              -73.77033920209867,
              50.21533635899318
            ],
            [
              -73.74534466790833,
              50.23175446946763
            ],
            [
              -73.73285808788641,
              50.21636859073408
            ],
            [
              -73.68449956121951,
              50.21169363909207
            ],
            [
              -73.67228921437153,
              50.22623792174784
            ],
            [
              -73.67843091475311,
              50.237903830204
            ],
            [
              -73.66993098110362,
              50.241534751097
            ],
            [
              -73.67275842653684,
              50.24569886258965
            ],
            [
              -73.65547652354617,
              50.25694823397292
            ],
            [
              -73.63212124326414,
              50.286412125286276
            ],
            [
              -73.6270845578854,
              50.300163759517076
            ],
            [
              -73.61882667850232,
              50.305576463659634
            ],
            [
              -73.61577936223824,
              50.32327466238387
            ],
            [
              -73.60945264681021,
              50.331290231825854
            ],
            [
              -73.61219927457455,
              50.338922603828536
            ],
            [
              -73.59499915454646,
              50.34959519111769
            ],
            [
              -73.6097671525139,
              50.35644442849788
            ],
            [
              -73.61169677309867,
              50.36514399569018
            ],
            [
              -73.60980163757891,
              50.38602548682597
            ],
            [
              -73.5934312785454,
              50.40347498306877
            ],
            [
              -73.5804821533854,
              50.40790380726255
            ],
            [
              -73.58182525108992,
              50.40040369210938
            ],
            [
              -73.5740472239271,
              50.39662955988543
            ],
            [
              -73.58395559388389,
              50.37165455181352
            ],
            [
              -73.57361721796254,
              50.35964649149102
            ],
            [
              -73.56097230046343,
              50.36943473045688
            ],
            [
              -73.54855669965639,
              50.36572533143635
            ],
            [
              -73.52813201775646,
              50.37915679726192
            ],
            [
              -73.51484008604469,
              50.37942425585974
            ],
            [
              -73.50784670314137,
              50.38517025199458
            ],
            [
              -73.49431604394475,
              50.38155277703325
            ],
            [
              -73.49416928416468,
              50.39394064285246
            ],
            [
              -73.48603680994704,
              50.40059036416672
            ],
            [
              -73.4799526127845,
              50.39092784700819
            ],
            [
              -73.48228529861005,
              50.38112063347482
            ],
            [
              -73.47758622266532,
              50.36874596185983
            ],
            [
              -73.45972899424399,
              50.36822074653136
            ],
            [
              -73.45363860107548,
              50.387778406650376
            ],
            [
              -73.45974921570955,
              50.39221019404307
            ],
            [
              -73.45725884215669,
              50.40522951105239
            ],
            [
              -73.4145619897881,
              50.46242599420015
            ],
            [
              -73.39983259010725,
              50.468074429641284
            ],
            [
              -73.40154779503615,
              50.480884101439095
            ],
            [
              -73.39475002101162,
              50.48481656429735
            ],
            [
              -73.3854910258349,
              50.51527328412602
            ],
            [
              -73.37120072342333,
              50.5220498387113
            ],
            [
              -73.37363404316781,
              50.53054594384738
            ],
            [
              -73.35681167393865,
              50.528468816248086
            ],
            [
              -73.35307360708128,
              50.53312953308325
            ],
            [
              -73.35503472880336,
              50.54305004344614
            ],
            [
              -73.34768540265922,
              50.54775889243891
            ],
            [
              -73.34519759238387,
              50.56344114982548
            ],
            [
              -73.33546014443792,
              50.57837485240486
            ],
            [
              -73.31013908825877,
              50.57724262829735
            ],
            [
              -73.30695336126445,
              50.607792068871625
            ],
            [
              -73.29462186689672,
              50.61796468486405
            ],
            [
              -73.2953615222716,
              50.62873029539657
            ],
            [
              -73.28366821221039,
              50.63966605647197
            ],
            [
              -73.25701898995005,
              50.65217019839745
            ],
            [
              -73.26930244090754,
              50.657552040666324
            ],
            [
              -73.25675643410669,
              50.673991304573285
            ],
            [
              -73.25406373666944,
              50.67910779442721
            ],
            [
              -73.25786055036725,
              50.68236635474125
            ],
            [
              -73.25041683273781,
              50.69243438851043
            ],
            [
              -73.23525292343233,
              50.693721534328645
            ],
            [
              -73.2243053103926,
              50.702315494029435
            ],
            [
              -73.20438351061038,
              50.70584937537014
            ],
            [
              -73.18370121474122,
              50.70149374859882
            ],
            [
              -73.17223299749708,
              50.72935771711008
            ],
            [
              -73.14707438564983,
              50.75055224222117
            ],
            [
              -73.1300441148354,
              50.743768118946036
            ],
            [
              -73.12122527132824,
              50.75017618123863
            ],
            [
              -73.10782610367613,
              50.75173272701889
            ],
            [
              -73.10483006023216,
              50.73843216221836
            ],
            [
              -73.0882730234038,
              50.73957581006904
            ],
            [
              -73.074589055088,
              50.72591820465741
            ],
            [
              -73.07971650474524,
              50.71437431577336
            ],
            [
              -73.07463692490666,
              50.70446906454784
            ],
            [
              -73.0586136796301,
              50.7091135808826
            ],
            [
              -73.04783360387755,
              50.7004890080773
            ],
            [
              -73.03886309000043,
              50.70384685593406
            ],
            [
              -73.0330816283102,
              50.69783307830045
            ],
            [
              -73.02314338475139,
              50.69792178972279
            ],
            [
              -73.0398753918373,
              50.66932005988387
            ],
            [
              -73.04818110058733,
              50.66706411021405
            ],
            [
              -73.0516905247742,
              50.6565562065438
            ],
            [
              -73.04462784702766,
              50.6544697165319
            ],
            [
              -73.0145868041631,
              50.67325186449605
            ],
            [
              -72.99694302650482,
              50.67005248175748
            ],
            [
              -72.99010714655506,
              50.67500099575687
            ],
            [
              -72.98753162576394,
              50.686131034477995
            ],
            [
              -72.96817366482271,
              50.69604082871116
            ],
            [
              -72.95084691684944,
              50.718132894626
            ],
            [
              -72.94096593582005,
              50.71341945934826
            ],
            [
              -72.92766719990618,
              50.751363469391265
            ],
            [
              -72.92819800680905,
              50.758346975380455
            ],
            [
              -72.93431420847764,
              50.762953447796185
            ],
            [
              -72.92567397585759,
              50.767718861840336
            ],
            [
              -72.90320869382897,
              50.768198266830986
            ],
            [
              -72.89481042461881,
              50.77614525632496
            ],
            [
              -72.89107032948878,
              50.788065532202374
            ],
            [
              -72.88022121017572,
              50.79384881148299
            ],
            [
              -72.87814597665356,
              50.80585697430385
            ],
            [
              -72.86492867999554,
              50.80681705098369
            ],
            [
              -72.85790254404179,
              50.81245453408589
            ],
            [
              -72.85292622996234,
              50.809622782880304
            ],
            [
              -72.84031899794753,
              50.814751530137
            ],
            [
              -72.79154346483759,
              50.81915301976446
            ],
            [
              -72.7822607141428,
              50.825523931063465
            ],
            [
              -72.75200695878179,
              50.82092056763043
            ],
            [
              -72.75320883858066,
              50.81466921967792
            ],
            [
              -72.74465640404999,
              50.81021537038197
            ],
            [
              -72.7512891796909,
              50.802842180045964
            ],
            [
              -72.74220506126674,
              50.801322384195636
            ],
            [
              -72.74357745512735,
              50.79506481123462
            ],
            [
              -72.7221645337896,
              50.79872862063479
            ],
            [
              -72.72789955515624,
              50.79182672040326
            ],
            [
              -72.72225064341339,
              50.78480724961685
            ],
            [
              -72.73336239347991,
              50.775576507829314
            ],
            [
              -72.73135216036452,
              50.761794272914976
            ],
            [
              -72.72097371497419,
              50.7652027968301
            ],
            [
              -72.70372835941404,
              50.781516492892216
            ],
            [
              -72.68312887935373,
              50.76518952936274
            ],
            [
              -72.6849977489258,
              50.75425942870324
            ],
            [
              -72.67551248947532,
              50.74394652759237
            ],
            [
              -72.67002019330553,
              50.7420193495352
            ],
            [
              -72.65842785120675,
              50.75269024755129
            ],
            [
              -72.65568581164227,
              50.746940478828634
            ],
            [
              -72.64828851805244,
              50.74765826723176
            ],
            [
              -72.64950691530137,
              50.75572641235211
            ],
            [
              -72.6407370977896,
              50.77209288807823
            ],
            [
              -72.62658251510015,
              50.776137269236024
            ],
            [
              -72.62506677715051,
              50.7920163375967
            ],
            [
              -72.60842868858309,
              50.80618978632
            ],
            [
              -72.60192051416483,
              50.82534064435294
            ],
            [
              -72.60936702943668,
              50.83118600889734
            ],
            [
              -72.60046824133943,
              50.832275146414176
            ],
            [
              -72.60785854641745,
              50.836392365710886
            ],
            [
              -72.59867863618054,
              50.837102978184284
            ],
            [
              -72.60134153846484,
              50.84032561554255
            ],
            [
              -72.59615791417748,
              50.84609418958545
            ],
            [
              -72.57745581181203,
              50.85976483531506
            ],
            [
              -72.57512605880058,
              50.86799093359698
            ],
            [
              -72.56797547361748,
              50.871917873452375
            ],
            [
              -72.57625136146181,
              50.8804468433496
            ],
            [
              -72.56719260369765,
              50.8854392774355
            ],
            [
              -72.55841860407557,
              50.880902309134626
            ],
            [
              -72.55561172709591,
              50.86135945942614
            ],
            [
              -72.54936268154934,
              50.85844513725697
            ],
            [
              -72.56773268552989,
              50.83216119971824
            ],
            [
              -72.56174177320656,
              50.820570813283425
            ],
            [
              -72.56328932153119,
              50.80828476844353
            ],
            [
              -72.55452156979291,
              50.80250911196061
            ],
            [
              -72.56243670025542,
              50.7886512006355
            ],
            [
              -72.5630628731913,
              50.76578731829764
            ],
            [
              -72.57337758533805,
              50.7501274226119
            ],
            [
              -72.55617808945024,
              50.753168212745095
            ],
            [
              -72.53259159837677,
              50.76737161175276
            ],
            [
              -72.52950327515768,
              50.75628900526997
            ],
            [
              -72.53568532034082,
              50.74584335350652
            ],
            [
              -72.5306450692416,
              50.74299131929522
            ],
            [
              -72.52057412519069,
              50.74875450553575
            ],
            [
              -72.52156106520287,
              50.75533765745098
            ],
            [
              -72.5093243872267,
              50.75965129256778
            ],
            [
              -72.51043152650622,
              50.748428563895544
            ],
            [
              -72.50216959027438,
              50.75588409030851
            ],
            [
              -72.48071328704985,
              50.75088916444409
            ],
            [
              -72.47961686849939,
              50.769407539173805
            ],
            [
              -72.47028173661887,
              50.7842838487041
            ],
            [
              -72.45822204672659,
              50.78883213184612
            ],
            [
              -72.4498867960164,
              50.781738996151894
            ],
            [
              -72.43648467231634,
              50.78303892187645
            ],
            [
              -72.43650612715761,
              50.79141460708933
            ],
            [
              -72.39751150828147,
              50.813335322822624
            ],
            [
              -72.39700321417348,
              50.82414298440754
            ],
            [
              -72.3867439791313,
              50.83075498477399
            ],
            [
              -72.37628874687402,
              50.856013256844726
            ],
            [
              -72.38302953665878,
              50.86958073653666
            ],
            [
              -72.37822832677526,
              50.88812012940643
            ],
            [
              -72.33974086663642,
              50.88567928158915
            ],
            [
              -72.32194521770755,
              50.90071699146949
            ],
            [
              -72.3207616549407,
              50.90735087647423
            ],
            [
              -72.3022091661271,
              50.91627243350021
            ],
            [
              -72.30198042598602,
              50.925727295873386
            ],
            [
              -72.2943563770328,
              50.933776293337615
            ],
            [
              -72.29942502477112,
              50.94287162344732
            ],
            [
              -72.29351749259753,
              50.952517062072616
            ],
            [
              -72.2831845541691,
              50.95559635392738
            ],
            [
              -72.27534383854119,
              50.94763386009149
            ],
            [
              -72.26959699780751,
              50.95108632281751
            ],
            [
              -72.26003458948843,
              50.97255238829015
            ],
            [
              -72.26378016091606,
              50.98331378569086
            ],
            [
              -72.26049796766539,
              50.99270212017262
            ],
            [
              -72.26717893466574,
              50.998546547748006
            ],
            [
              -72.261558597137,
              51.003600794698535
            ],
            [
              -72.23256662197161,
              51.00686131331915
            ],
            [
              -72.2228192902743,
              51.02521488034528
            ],
            [
              -72.2116493549945,
              51.022845707447786
            ],
            [
              -72.2030151384952,
              51.02912982669353
            ],
            [
              -72.1916688354145,
              51.02940395018256
            ],
            [
              -72.18782377773871,
              51.02655594492545
            ],
            [
              -72.19253712521261,
              51.02422063540295
            ],
            [
              -72.19136983115636,
              51.01785686453414
            ],
            [
              -72.18649594301165,
              51.0140353431775
            ],
            [
              -72.19797763381892,
              50.99042791932567
            ],
            [
              -72.15602912646622,
              50.978602791282086
            ],
            [
              -72.15362558714136,
              50.9840988331687
            ],
            [
              -72.16106757748132,
              50.990619739813646
            ],
            [
              -72.15238528980387,
              51.00538144728167
            ],
            [
              -72.15985503904591,
              51.01079878676596
            ],
            [
              -72.15251498687468,
              51.02575692520759
            ],
            [
              -72.15580656769966,
              51.03212439999298
            ],
            [
              -72.13789095231148,
              51.05324816173676
            ],
            [
              -72.14471565739471,
              51.069428958790795
            ],
            [
              -72.1309278769008,
              51.07447442106006
            ],
            [
              -72.11631566843968,
              51.10294521072207
            ],
            [
              -72.1074303434396,
              51.10516989939196
            ],
            [
              -72.10588743018221,
              51.1182380393263
            ],
            [
              -72.0952664907196,
              51.12214712130578
            ],
            [
              -72.07414217990106,
              51.15069777622864
            ],
            [
              -72.01868412458417,
              51.13873294069852
            ],
            [
              -72.02438795412131,
              51.14343438414773
            ],
            [
              -72.02570873782463,
              51.15574553385882
            ],
            [
              -72.0215600637382,
              51.17001645706459
            ],
            [
              -72.02941853621348,
              51.17626228664899
            ],
            [
              -72.02206244683019,
              51.179153190352
            ],
            [
              -72.00180204501399,
              51.17454242348888
            ],
            [
              -72.00257785528606,
              51.18449867588268
            ],
            [
              -71.99730023826926,
              51.19354468938367
            ],
            [
              -72.01307389635845,
              51.197153857279595
            ],
            [
              -72.00967455455769,
              51.20151042303597
            ],
            [
              -72.01373857835605,
              51.20474161133796
            ],
            [
              -72.00648509878336,
              51.20536809071275
            ],
            [
              -72.00503402013256,
              51.214162313026335
            ],
            [
              -72.01299514962837,
              51.22020889757697
            ],
            [
              -72.00143462973479,
              51.223291157471884
            ],
            [
              -71.99609892907827,
              51.21609298765348
            ],
            [
              -71.97786776400986,
              51.21163890773327
            ],
            [
              -71.99124505276556,
              51.230652840923675
            ],
            [
              -71.98084384422187,
              51.23302991967176
            ],
            [
              -71.98082211733168,
              51.24424153727297
            ],
            [
              -71.9735124899485,
              51.246993277952804
            ],
            [
              -71.9582798190304,
              51.24318266000696
            ],
            [
              -71.95166147716414,
              51.258644426472905
            ],
            [
              -71.94096061913076,
              51.25722261868974
            ],
            [
              -71.93911771263399,
              51.2690037044424
            ],
            [
              -71.93186812163607,
              51.275420562641635
            ],
            [
              -71.9037043846493,
              51.27803263311719
            ],
            [
              -71.88490921711431,
              51.27102910485368
            ],
            [
              -71.87012186241493,
              51.277889106409916
            ],
            [
              -71.87415688687162,
              51.2878361396704
            ],
            [
              -71.87104909340856,
              51.294556930749685
            ],
            [
              -71.88237426527559,
              51.30204214837347
            ],
            [
              -71.86435338197582,
              51.32476378231357
            ],
            [
              -71.87467760963717,
              51.333812283197666
            ],
            [
              -71.86862059244575,
              51.343993445882944
            ],
            [
              -71.84368624151146,
              51.35553402849859
            ],
            [
              -71.83621540954806,
              51.353112155445906
            ],
            [
              -71.83403694714231,
              51.3670489125123
            ],
            [
              -71.82128169312537,
              51.37339483091201
            ],
            [
              -71.81627688415729,
              51.37195151990213
            ],
            [
              -71.81524820940024,
              51.358063614968025
            ],
            [
              -71.80968086957428,
              51.36010466847527
            ],
            [
              -71.80376221261797,
              51.35206414056252
            ],
            [
              -71.79151203935544,
              51.35409606132872
            ],
            [
              -71.78952394427665,
              51.36059745133069
            ],
            [
              -71.77464144670532,
              51.36919204713191
            ],
            [
              -71.76122434272658,
              51.35823170409531
            ],
            [
              -71.76870832763508,
              51.33988269019382
            ],
            [
              -71.7563018850461,
              51.339196863578366
            ],
            [
              -71.75142148021203,
              51.348733349125084
            ],
            [
              -71.74172406195069,
              51.35149263789429
            ],
            [
              -71.73748853806568,
              51.358146193005254
            ],
            [
              -71.72428286032383,
              51.35887774162178
            ],
            [
              -71.70014963022064,
              51.39622788686686
            ],
            [
              -71.68793339428278,
              51.40146918008471
            ],
            [
              -71.68996074380135,
              51.4093331591229
            ],
            [
              -71.68592999984479,
              51.41452450701611
            ],
            [
              -71.71195633069603,
              51.42816116094219
            ],
            [
              -71.70602830869103,
              51.43982809282711
            ],
            [
              -71.68608816276209,
              51.44336088110135
            ],
            [
              -71.66001053658839,
              51.47710856789426
            ],
            [
              -71.64522469210262,
              51.47626263234676
            ],
            [
              -71.62630704503405,
              51.50492731513659
            ],
            [
              -71.61250086823762,
              51.50745107102733
            ],
            [
              -71.5960764167672,
              51.50274997799623
            ],
            [
              -71.58068155673415,
              51.50875829044049
            ],
            [
              -71.57125782578665,
              51.52388688894406
            ],
            [
              -71.5762877640569,
              51.5383173667904
            ],
            [
              -71.57346077744639,
              51.54258824950309
            ],
            [
              -71.58674148732426,
              51.5427853700185
            ],
            [
              -71.59080257226891,
              51.54740811251499
            ],
            [
              -71.58373638167859,
              51.55742449220271
            ],
            [
              -71.58655070375951,
              51.56800158358767
            ],
            [
              -71.57651952011456,
              51.58837991685086
            ],
            [
              -71.58064967293654,
              51.59149562713091
            ],
            [
              -71.59137444252211,
              51.588074650234134
            ],
            [
              -71.59767217326458,
              51.592463254609775
            ],
            [
              -71.59674552279205,
              51.611190705285956
            ],
            [
              -71.60158097414487,
              51.61702553892129
            ],
            [
              -71.59123937408125,
              51.63429973575437
            ],
            [
              -71.59432192160764,
              51.64828593860405
            ],
            [
              -71.59980032394708,
              51.651608758859794
            ],
            [
              -71.59697421961701,
              51.658663285961666
            ],
            [
              -71.60833270645277,
              51.665391469468425
            ],
            [
              -71.60735319976516,
              51.67209621044912
            ],
            [
              -71.59697998979496,
              51.68040490701868
            ],
            [
              -71.60229992019124,
              51.68485753543857
            ],
            [
              -71.60182187380312,
              51.692711798560715
            ],
            [
              -71.61066894405106,
              51.69275439622406
            ],
            [
              -71.60240730276976,
              51.71017967599121
            ],
            [
              -71.57780636677668,
              51.740385715181965
            ],
            [
              -71.58342747072047,
              51.75910728258898
            ],
            [
              -71.57284211075867,
              51.778243146679415
            ],
            [
              -71.56421775762823,
              51.778604002063666
            ],
            [
              -71.56566638059581,
              51.78293640361426
            ],
            [
              -71.55163869807203,
              51.789180103030915
            ],
            [
              -71.57450345690295,
              51.79348776074928
            ],
            [
              -71.57418509187337,
              51.814206720660096
            ],
            [
              -71.54360848933828,
              51.821151575814326
            ],
            [
              -71.5315407523441,
              51.83546351728135
            ],
            [
              -71.50209432973558,
              51.827660228327524
            ],
            [
              -71.48457220647617,
              51.83942636264781
            ],
            [
              -71.45945225856578,
              51.832701526675216
            ],
            [
              -71.44044073048917,
              51.841820434681175
            ],
            [
              -71.4178756064217,
              51.84412845587067
            ],
            [
              -71.40316733125402,
              51.8365454333751
            ],
            [
              -71.39636343953062,
              51.84433922872557
            ],
            [
              -71.38525361523163,
              51.842211517854025
            ],
            [
              -71.37747587499658,
              51.84847844302799
            ],
            [
              -71.35149210448468,
              51.909012079473875
            ],
            [
              -71.33093364374149,
              51.91729273541504
            ],
            [
              -71.31281341744392,
              51.94106948342105
            ],
            [
              -71.30889024572744,
              51.94835873758618
            ],
            [
              -71.31117478326762,
              51.96531976285999
            ],
            [
              -71.3066223822206,
              51.971620896910714
            ],
            [
              -71.29304666766207,
              51.976083551050216
            ],
            [
              -71.28785941962369,
              51.98481615346291
            ],
            [
              -71.27204023157753,
              51.99268907916138
            ],
            [
              -71.251592219552,
              52.01784614243724
            ],
            [
              -71.22884869919386,
              52.018200202352766
            ],
            [
              -71.20660075411068,
              52.03949629315653
            ],
            [
              -71.24051362815018,
              52.034692683198784
            ],
            [
              -71.26535176562847,
              52.03777897768001
            ],
            [
              -71.25026444889234,
              52.06601778617278
            ],
            [
              -71.24294037397087,
              52.07382220453394
            ],
            [
              -71.22030424916393,
              52.07935326516312
            ],
            [
              -71.200973206222,
              52.0913257555578
            ],
            [
              -71.18985444747575,
              52.114886531243144
            ],
            [
              -71.16438459749372,
              52.119223464811405
            ],
            [
              -71.14718429759708,
              52.14381121186571
            ],
            [
              -71.15846731939054,
              52.14998539629094
            ],
            [
              -71.14799301690631,
              52.15388149222721
            ],
            [
              -71.14034819836462,
              52.16670788528971
            ],
            [
              -71.12355218450975,
              52.170309857424435
            ],
            [
              -71.11094594079432,
              52.17979213221189
            ],
            [
              -71.0933412193174,
              52.180196346934395
            ],
            [
              -71.09532601931187,
              52.19276599859471
            ],
            [
              -71.0770230023974,
              52.211362751853436
            ],
            [
              -71.04699589499432,
              52.20857007260315
            ],
            [
              -71.02957478578644,
              52.21103219460032
            ],
            [
              -71.01516786639226,
              52.22047761344654
            ],
            [
              -70.99023460203504,
              52.21930326522375
            ],
            [
              -70.97270732487317,
              52.23268115472815
            ],
            [
              -70.96006790419119,
              52.23271766420832
            ],
            [
              -70.94272807256054,
              52.240728421964
            ],
            [
              -70.93383397818945,
              52.23999371819658
            ],
            [
              -70.94452848722145,
              52.230621524502965
            ],
            [
              -70.92901906810225,
              52.22690937857296
            ],
            [
              -70.91453844383497,
              52.24804230302964
            ],
            [
              -70.88101997547852,
              52.27898830954768
            ],
            [
              -70.86896484626682,
              52.27156442397643
            ],
            [
              -70.86010707218422,
              52.273622286590985
            ],
            [
              -70.85426367140273,
              52.267447807958945
            ],
            [
              -70.83445394787144,
              52.27571690883743
            ],
            [
              -70.80685252141554,
              52.273585647573036
            ],
            [
              -70.80541149239339,
              52.258554371555704
            ],
            [
              -70.82555965479654,
              52.24771159731031
            ],
            [
              -70.8127326935871,
              52.243154206159936
            ],
            [
              -70.8064531863807,
              52.23427939516968
            ],
            [
              -70.79227681406365,
              52.23368903161582
            ],
            [
              -70.78357232905749,
              52.24608378164921
            ],
            [
              -70.77230730150862,
              52.24234286455204
            ],
            [
              -70.72842576574686,
              52.257804994312764
            ],
            [
              -70.69878528102171,
              52.280970786603106
            ],
            [
              -70.6353988270061,
              52.286346459685205
            ],
            [
              -70.62595238514501,
              52.29296154194458
            ],
            [
              -70.60489409055833,
              52.29538839405438
            ],
            [
              -70.59575112695465,
              52.303498538507604
            ],
            [
              -70.58207523897704,
              52.30457312515849
            ],
            [
              -70.55985221794438,
              52.31713160870359
            ],
            [
              -70.54613559977919,
              52.31646096611471
            ],
            [
              -70.53834116534924,
              52.300760766238874
            ],
            [
              -70.52227728141341,
              52.3011239788775
            ],
            [
              -70.49439047335356,
              52.314555469747475
            ],
            [
              -70.48201481972086,
              52.30395565274018
            ],
            [
              -70.46537080092747,
              52.308023145908116
            ],
            [
              -70.45166474898961,
              52.319958687051574
            ],
            [
              -70.41580138348012,
              52.328524916537276
            ],
            [
              -70.41271791374264,
              52.33275073423106
            ],
            [
              -70.40363777015385,
              52.3305805332627
            ],
            [
              -70.39175946940345,
              52.337490519645414
            ],
            [
              -70.31369420091661,
              52.343372457285064
            ],
            [
              -70.29787549946236,
              52.347883995477666
            ],
            [
              -70.28673940929518,
              52.35804898927825
            ],
            [
              -70.2786877658185,
              52.353080730885594
            ],
            [
              -70.26115583732299,
              52.37421029042362
            ],
            [
              -70.26783707797279,
              52.386260066838574
            ],
            [
              -70.2607561124941,
              52.38791616532156
            ],
            [
              -70.25150447645522,
              52.40253545266306
            ],
            [
              -70.23157421260969,
              52.408588979212304
            ],
            [
              -70.23500070853056,
              52.41527032300602
            ],
            [
              -70.23203099472599,
              52.418411135544055
            ],
            [
              -70.26909372394202,
              52.41218646335331
            ],
            [
              -70.27326248968335,
              52.4141281364693
            ],
            [
              -70.2730912073532,
              52.42172353951766
            ],
            [
              -70.28485512511475,
              52.415270396207276
            ],
            [
              -70.2898233252758,
              52.418468396466515
            ],
            [
              -70.28217088859441,
              52.42023852598596
            ],
            [
              -70.2798294896381,
              52.42971843837088
            ],
            [
              -70.27194888465026,
              52.429204416585044
            ],
            [
              -70.26132717872727,
              52.43994046544073
            ],
            [
              -70.25898559822323,
              52.45410311346634
            ],
            [
              -70.22369340290706,
              52.46289753994383
            ],
            [
              -70.2189536012897,
              52.485169398164174
            ],
            [
              -70.19805228289854,
              52.510125192330655
            ],
            [
              -70.190171595088,
              52.51149574580161
            ],
            [
              -70.18257622908448,
              52.520118941253656
            ],
            [
              -70.18474660268453,
              52.52828525829166
            ],
            [
              -70.17298241469177,
              52.54279044769614
            ],
            [
              -70.2042198690039,
              52.53907861006535
            ],
            [
              -70.20673265113072,
              52.54101992924002
            ],
            [
              -70.2015930187693,
              52.546787826212714
            ],
            [
              -70.20707530457626,
              52.55461160908324
            ],
            [
              -70.21872517198508,
              52.55518293874136
            ],
            [
              -70.22980377152601,
              52.549015179499946
            ],
            [
              -70.23682806861639,
              52.55381208190123
            ],
            [
              -70.23414400417383,
              52.559579772785206
            ],
            [
              -70.24271006240264,
              52.55986561151493
            ],
            [
              -70.23728482437463,
              52.57014469311308
            ],
            [
              -70.22426441540175,
              52.57933883383676
            ],
            [
              -70.20119328920386,
              52.58373618426805
            ],
            [
              -70.20170722633347,
              52.59338718656502
            ],
            [
              -70.19068561503279,
              52.60183907411366
            ],
            [
              -70.17880707693051,
              52.59504343361529
            ],
            [
              -70.16967010737757,
              52.60395196515786
            ],
            [
              -70.17892142058527,
              52.62194088427476
            ],
            [
              -70.1923416705007,
              52.62085572564379
            ],
            [
              -70.20096476545496,
              52.6283369013513
            ],
            [
              -70.21324303358155,
              52.623539771255615
            ],
            [
              -70.22831932328543,
              52.63444727319567
            ],
            [
              -70.22420730692066,
              52.65671901237262
            ],
            [
              -70.20661849592756,
              52.66277240583021
            ],
            [
              -70.20718944322752,
              52.653406681536666
            ],
            [
              -70.19908014359655,
              52.64729650999832
            ],
            [
              -70.18080597827499,
              52.66288663577623
            ],
            [
              -70.18394683607436,
              52.66928256153221
            ],
            [
              -70.19730999452369,
              52.67385116867117
            ],
            [
              -70.20176435708207,
              52.70343260652621
            ],
            [
              -70.2245500226066,
              52.70331828568789
            ],
            [
              -70.2203241348122,
              52.71137043493275
            ],
            [
              -70.2074180401222,
              52.71285539360029
            ],
            [
              -70.1898861869666,
              52.72730346519184
            ],
            [
              -70.1730965938813,
              52.71919404369768
            ],
            [
              -70.17058391465395,
              52.72650400077928
            ],
            [
              -70.15202398999679,
              52.73980989925081
            ],
            [
              -70.12301383428976,
              52.75180222891855
            ],
            [
              -70.13780461373621,
              52.75077446624766
            ],
            [
              -70.14437156089086,
              52.75785575997037
            ],
            [
              -70.15802018371899,
              52.75488619107704
            ],
            [
              -70.15596425032923,
              52.77921376244354
            ],
            [
              -70.11353398367099,
              52.80234212509729
            ],
            [
              -70.1136484540938,
              52.806225202618
            ],
            [
              -70.1270111339868,
              52.80496902396789
            ],
            [
              -70.12735382765794,
              52.81050843070407
            ],
            [
              -70.10011374521936,
              52.818560526770774
            ],
            [
              -70.09103384080417,
              52.828725484469594
            ],
            [
              -70.06042437475618,
              52.82307188580351
            ],
            [
              -70.0532858882257,
              52.82461396326743
            ],
            [
              -70.0564266496003,
              52.82661265842495
            ],
            [
              -70.05116329203798,
              52.83086085218711
            ],
            [
              -70.02989063216792,
              52.83209822811519
            ],
            [
              -70.0298838359016,
              55.000146672819945
            ],
            [
              -67.41724407850083,
              55.00014651044632
            ],
            [
              -67.413493586667,
              55.007146341427365
            ],
            [
              -67.42813360685388,
              55.01175743855435
            ],
            [
              -67.43741181925603,
              55.009035166935355
            ],
            [
              -67.44027298772484,
              55.012757778309464
            ],
            [
              -67.43574495527189,
              55.01634075889076
            ],
            [
              -67.43946748945346,
              55.02411885774054
            ],
            [
              -67.42085497099045,
              55.03353523047113
            ],
            [
              -67.43380012702737,
              55.032868554995545
            ],
            [
              -67.46463527552011,
              55.04747996086477
            ],
            [
              -67.46127386522524,
              55.05861885434397
            ],
            [
              -67.45227334115638,
              55.0637855552564
            ],
            [
              -67.43321641623444,
              55.05931295828324
            ],
            [
              -67.44013322629843,
              55.07381299386435
            ],
            [
              -67.42077114425886,
              55.08022962324499
            ],
            [
              -67.41285379038034,
              55.09370214014818
            ],
            [
              -67.3892140197112,
              55.079063017057784
            ],
            [
              -67.36896328576144,
              55.09031304005937
            ],
            [
              -67.34540659383259,
              55.08334054591021
            ],
            [
              -67.32921134893004,
              55.08861825305019
            ],
            [
              -67.27323577547425,
              55.07347968486357
            ],
            [
              -67.2518179964484,
              55.05609048235607
            ],
            [
              -67.25973522121326,
              55.05217384363464
            ],
            [
              -67.25637417040147,
              55.04681271407221
            ],
            [
              -67.27034691535545,
              55.051729443261664
            ],
            [
              -67.26748595161193,
              55.03395159714793
            ],
            [
              -67.28693161774284,
              55.02811828884266
            ],
            [
              -67.25045768531314,
              55.01642361548755
            ],
            [
              -67.24715210449529,
              55.010729079880896
            ],
            [
              -67.2188176173766,
              55.00011772341226
            ],
            [
              -66.75004806366046,
              55.0001144171282
            ],
            [
              -66.74560351462401,
              55.00836443027932
            ],
            [
              -66.72438110254984,
              55.000224991877296
            ],
            [
              -66.69574194868655,
              55.00519688231286
            ],
            [
              -66.6876582770621,
              55.000141211916166
            ],
            [
              -66.64324070454327,
              55.000113021177306
            ],
            [
              -66.6550190668915,
              55.00827966785592
            ],
            [
              -66.66524273929907,
              55.02422465654256
            ],
            [
              -66.68440966263908,
              55.03322520711199
            ],
            [
              -66.69285412289662,
              55.032364189764266
            ],
            [
              -66.69315941163252,
              55.02791965920467
            ],
            [
              -66.70010373149256,
              55.029308575178526
            ],
            [
              -66.72654861319424,
              55.043920500232694
            ],
            [
              -66.72829911537929,
              55.061115514311474
            ],
            [
              -66.75007671316976,
              55.08628328380001
            ],
            [
              -66.74707631040158,
              55.09106107747662
            ],
            [
              -66.72102175948436,
              55.07236581391186
            ],
            [
              -66.71246633118587,
              55.07328224027005
            ],
            [
              -66.69366055665918,
              55.06058725923675
            ],
            [
              -66.68927190803973,
              55.06189247552359
            ],
            [
              -66.72874367822608,
              55.09181082409494
            ],
            [
              -66.75249157238703,
              55.12364439634506
            ],
            [
              -66.7667158766093,
              55.1305061027829
            ],
            [
              -66.7624650414692,
              55.1366724526657
            ],
            [
              -66.77310555591879,
              55.13945055570223
            ],
            [
              -66.76704889225508,
              55.147783806903846
            ],
            [
              -66.73954578513295,
              55.144949967344566
            ],
            [
              -66.74996173598808,
              55.15336688408305
            ],
            [
              -66.75546305879273,
              55.17195049521418
            ],
            [
              -66.75043409379373,
              55.171839419345
            ],
            [
              -66.75132474075754,
              55.178811923177804
            ],
            [
              -66.75777132182736,
              55.18472882872076
            ],
            [
              -66.7311038948794,
              55.19161746533406
            ],
            [
              -66.74635553752206,
              55.198534708747175
            ],
            [
              -66.75183050477014,
              55.21084084810286
            ],
            [
              -66.7164932335447,
              55.20814583178555
            ],
            [
              -66.68760279405001,
              55.1845891567146
            ],
            [
              -66.66796486459623,
              55.176755573310864
            ],
            [
              -66.67893582224045,
              55.191700241837175
            ],
            [
              -66.67132458280662,
              55.18686662145965
            ],
            [
              -66.68215695296568,
              55.20831190978827
            ],
            [
              -66.69657463790605,
              55.22239579810702
            ],
            [
              -66.79211126772742,
              55.278870605291026
            ],
            [
              -66.79691528738964,
              55.28742607820035
            ],
            [
              -66.82119109664167,
              55.305759683743
            ],
            [
              -66.81657895423761,
              55.310537551460946
            ],
            [
              -66.82555028043805,
              55.31775998708472
            ],
            [
              -66.8231053146909,
              55.320260040461214
            ],
            [
              -66.82829890432477,
              55.326704432098715
            ],
            [
              -66.81496604530199,
              55.31845417347586
            ],
            [
              -66.80688143945093,
              55.32245419519874
            ],
            [
              -66.79288137129339,
              55.31564829777087
            ],
            [
              -66.79982331950046,
              55.332009496570734
            ],
            [
              -66.81510472461436,
              55.34381527557136
            ],
            [
              -66.81116095429923,
              55.34662055502804
            ],
            [
              -66.81624611586923,
              55.35281498863736
            ],
            [
              -66.80666323043452,
              55.35695393441985
            ],
            [
              -66.79682759606075,
              55.35167584805967
            ],
            [
              -66.79199462443164,
              55.35492581659609
            ],
            [
              -66.7782706166337,
              55.350981148510456
            ],
            [
              -66.76343199353452,
              55.33734194627204
            ],
            [
              -66.74079099688647,
              55.32984168200677
            ],
            [
              -66.73493237047707,
              55.317564189673824
            ],
            [
              -66.72995851893562,
              55.322452746414555
            ],
            [
              -66.72034690506595,
              55.32181388161231
            ],
            [
              -66.70437473594599,
              55.31292500598287
            ],
            [
              -66.69470830209737,
              55.30139692484886
            ],
            [
              -66.70343191408062,
              55.29598025393597
            ],
            [
              -66.69807099704391,
              55.28561887382046
            ],
            [
              -66.67206750056015,
              55.272229393923105
            ],
            [
              -66.65692801583158,
              55.252478864932876
            ],
            [
              -66.64573332384171,
              55.25759031287903
            ],
            [
              -66.64095553880681,
              55.26742390422117
            ],
            [
              -66.61867763379398,
              55.26534053259947
            ],
            [
              -66.6253997114183,
              55.27634054975702
            ],
            [
              -66.61562189158512,
              55.2768408460963
            ],
            [
              -66.58551100295087,
              55.25734087755946
            ],
            [
              -66.56812266223316,
              55.236284471467044
            ],
            [
              -66.54662150956212,
              55.23453415685974
            ],
            [
              -66.514121327795,
              55.189365530222005
            ],
            [
              -66.50614817489831,
              55.192393276818954
            ],
            [
              -66.5097870411035,
              55.20128281381047
            ],
            [
              -66.49367571584459,
              55.20269943743774
            ],
            [
              -66.49064786271784,
              55.191893323193085
            ],
            [
              -66.47064671747951,
              55.16480860441853
            ],
            [
              -66.44956323539293,
              55.1443913584914
            ],
            [
              -66.42636797648058,
              55.135752238073586
            ],
            [
              -66.41461768363136,
              55.12161304165583
            ],
            [
              -66.33305653368913,
              55.065973848040514
            ],
            [
              -66.31036347363192,
              55.04102942257694
            ],
            [
              -66.28630755128304,
              55.03089030098288
            ],
            [
              -66.26019580987344,
              55.00569472657408
            ],
            [
              -66.25961285017914,
              55.00011140489662
            ],
            [
              -63.554295683353914,
              55.00012409611889
            ],
            [
              -63.58521353795487,
              55.005429774137525
            ],
            [
              -63.598408245704114,
              55.013568912876366
            ],
            [
              -63.597463369809766,
              55.021180052843725
            ],
            [
              -63.566684184411734,
              55.03418003810211
            ],
            [
              -63.57649009198093,
              55.04490256823205
            ],
            [
              -63.5732675642164,
              55.0530691963144
            ],
            [
              -63.61062985586623,
              55.065875327127266
            ],
            [
              -63.605824009932874,
              55.0812644861388
            ],
            [
              -63.620879775328255,
              55.08776451163105
            ],
            [
              -63.62190793711482,
              55.09370921534725
            ],
            [
              -63.592101042550034,
              55.098153414520915
            ],
            [
              -63.58151737482681,
              55.10579256868886
            ],
            [
              -63.58151732620681,
              55.111792577432816
            ],
            [
              -63.597462655468874,
              55.12632063390107
            ],
            [
              -63.56690701212042,
              55.1390150611095
            ],
            [
              -63.57596229157007,
              55.15237674257519
            ],
            [
              -63.52577257458689,
              55.168043130554246
            ],
            [
              -63.53004959167526,
              55.17415422122135
            ],
            [
              -63.55015897759453,
              55.17279336463652
            ],
            [
              -63.55518618987731,
              55.17723784408167
            ],
            [
              -63.553991757144765,
              55.188960375555055
            ],
            [
              -63.50905088473401,
              55.196654501435525
            ],
            [
              -63.50057954871888,
              55.20234893431344
            ],
            [
              -63.4915234461133,
              55.20237670350346
            ],
            [
              -63.49027348438278,
              55.198682008073014
            ],
            [
              -63.45326951888013,
              55.20246010729983
            ],
            [
              -63.42276480762676,
              55.2168492797001
            ],
            [
              -63.42537589884091,
              55.21962731898948
            ],
            [
              -63.420958048293805,
              55.22304396950124
            ],
            [
              -63.42665281772841,
              55.225682870710415
            ],
            [
              -63.41606754680285,
              55.230377517505595
            ],
            [
              -63.413288348160144,
              55.237821967480144
            ],
            [
              -63.42287265617906,
              55.24098896667484
            ],
            [
              -63.39725804053541,
              55.25010008731999
            ],
            [
              -63.40850842536876,
              55.255655929775145
            ],
            [
              -63.46268368987487,
              55.25410009347518
            ],
            [
              -63.46782343656758,
              55.248433159671535
            ],
            [
              -63.4957451334315,
              55.24418289857335
            ],
            [
              -63.505550605752404,
              55.23487729122417
            ],
            [
              -63.54101970831659,
              55.22584982237759
            ],
            [
              -63.566378476560196,
              55.243739241056716
            ],
            [
              -63.58348847890009,
              55.236211448772856
            ],
            [
              -63.59707228644869,
              55.23832282674996
            ],
            [
              -63.61457311381365,
              55.22879476720979
            ],
            [
              -63.6249621657706,
              55.24154505156425
            ],
            [
              -63.605711570359254,
              55.245628386469974
            ],
            [
              -63.59676683728215,
              55.253267253597734
            ],
            [
              -63.64990762334883,
              55.25143426125976
            ],
            [
              -63.6836902108132,
              55.26687922245079
            ],
            [
              -63.67588400014224,
              55.27371256045628
            ],
            [
              -63.64121601969615,
              55.27960150790959
            ],
            [
              -63.644189055311315,
              55.286268186667215
            ],
            [
              -63.6176054812835,
              55.29524040532741
            ],
            [
              -63.58260490773816,
              55.3017956438638
            ],
            [
              -63.56141033914024,
              55.299600876034994
            ],
            [
              -63.54127203164187,
              55.30804538649068
            ],
            [
              -63.51988308723381,
              55.31007313618256
            ],
            [
              -63.52807791084938,
              55.31548977367845
            ],
            [
              -63.52566120526461,
              55.321462323461915
            ],
            [
              -63.53063364245319,
              55.32465677975124
            ],
            [
              -63.58899592547408,
              55.320295897003355
            ],
            [
              -63.59721961745236,
              55.331129502161765
            ],
            [
              -63.5821637526493,
              55.33437958487459
            ],
            [
              -63.58160729874948,
              55.339407304503084
            ],
            [
              -63.49029764594592,
              55.349851223675735
            ],
            [
              -63.4431514806753,
              55.34293481379593
            ],
            [
              -63.37034198579383,
              55.36218477064111
            ],
            [
              -63.348451643783754,
              55.35799008557068
            ],
            [
              -63.32242423480741,
              55.36482343293439
            ],
            [
              -63.329675104369755,
              55.37549005709497
            ],
            [
              -63.33201010324176,
              55.39054565789144
            ],
            [
              -63.31939976736363,
              55.409240320433526
            ],
            [
              -63.33395683114874,
              55.40862928406482
            ],
            [
              -63.34726373199653,
              55.41701817782151
            ],
            [
              -63.42882120268346,
              55.40212980934108
            ],
            [
              -63.43484975732612,
              55.405796504666355
            ],
            [
              -63.432766757735344,
              55.409629810177826
            ],
            [
              -63.449239750510515,
              55.41257423320049
            ],
            [
              -63.44971231019944,
              55.420463422155294
            ],
            [
              -63.48313015597275,
              55.42682479524617
            ],
            [
              -63.526573521880124,
              55.41943620544639
            ],
            [
              -63.534239174455216,
              55.427380951258584
            ],
            [
              -63.54712765930292,
              55.42257561540416
            ],
            [
              -63.56223767864515,
              55.427214802657225
            ],
            [
              -63.57523688853764,
              55.42243704580297
            ],
            [
              -63.6060149063383,
              55.430021037087684
            ],
            [
              -63.63329380526846,
              55.4302986895506
            ],
            [
              -63.651378016000606,
              55.422576443227406
            ],
            [
              -63.67332400684282,
              55.423576776887934
            ],
            [
              -63.714635566322926,
              55.4382156388037
            ],
            [
              -63.733721506072634,
              55.43996570661282
            ],
            [
              -63.74563988082519,
              55.45493817418733
            ],
            [
              -63.75914074315047,
              55.45377146675782
            ],
            [
              -63.77864125579003,
              55.466438459887485
            ],
            [
              -63.79172516189755,
              55.464493983370964
            ],
            [
              -63.79780863295423,
              55.47388310538575
            ],
            [
              -63.78025240491244,
              55.47366060673373
            ],
            [
              -63.77364079480047,
              55.48174425186004
            ],
            [
              -63.75575122076507,
              55.483660655474736
            ],
            [
              -63.723079834543014,
              55.496716510759114
            ],
            [
              -63.71580065122316,
              55.505772350015995
            ],
            [
              -63.70588284215383,
              55.504300152046724
            ],
            [
              -63.69126965073029,
              55.51085593515365
            ],
            [
              -63.69668647236707,
              55.51796708890454
            ],
            [
              -63.688352096388535,
              55.52346706074968
            ],
            [
              -63.69707514844416,
              55.53199512260252
            ],
            [
              -63.69335269439565,
              55.53874508650178
            ],
            [
              -63.6677109321175,
              55.53874510004266
            ],
            [
              -63.65337706949298,
              55.55588430142683
            ],
            [
              -63.669155634918276,
              55.55738432127691
            ],
            [
              -63.67237820474639,
              55.56555121320062
            ],
            [
              -63.6635723713586,
              55.56774566365256
            ],
            [
              -63.68085092577774,
              55.5751901291919
            ],
            [
              -63.67179499587499,
              55.58630155173084
            ],
            [
              -63.670044601056176,
              55.59974622639779
            ],
            [
              -63.65462707732255,
              55.60666288956056
            ],
            [
              -63.65784940787685,
              55.61063541897408
            ],
            [
              -63.67654451823862,
              55.608468710317766
            ],
            [
              -63.686406052726035,
              55.61649682008215
            ],
            [
              -63.67854430017382,
              55.625663470358
            ],
            [
              -63.68262766250585,
              55.63616369054266
            ],
            [
              -63.654181804383015,
              55.64074707069657
            ],
            [
              -63.648876226938036,
              55.63596924123009
            ],
            [
              -63.64209803670089,
              55.64335818526642
            ],
            [
              -63.71385080658714,
              55.6594420896975
            ],
            [
              -63.7315182831428,
              55.65127510633547
            ],
            [
              -63.749769119366654,
              55.64966402175277
            ],
            [
              -63.766741892489705,
              55.654247612945454
            ],
            [
              -63.74746331832234,
              55.662914237403484
            ],
            [
              -63.75321322679537,
              55.66535872557654
            ],
            [
              -63.74979653780744,
              55.6711367513473
            ],
            [
              -63.73815706815613,
              55.671525652641805
            ],
            [
              -63.724878837359114,
              55.67963675290335
            ],
            [
              -63.730295383020234,
              55.68691453766702
            ],
            [
              -63.721767330887566,
              55.69135929938445
            ],
            [
              -63.7251286005252,
              55.695664842832684
            ],
            [
              -63.72082265247559,
              55.70591483616049
            ],
            [
              -63.72668419508424,
              55.70969293849168
            ],
            [
              -63.70251603526121,
              55.72319288763121
            ],
            [
              -63.73076747674078,
              55.724915150239866
            ],
            [
              -63.69793270470149,
              55.727470624243594
            ],
            [
              -63.69493243385593,
              55.7329150999629
            ],
            [
              -63.7235723916904,
              55.73758206891837
            ],
            [
              -63.70071022894523,
              55.744415431225505
            ],
            [
              -63.713988534603686,
              55.74913791151276
            ],
            [
              -63.70954383614775,
              55.7541379232087
            ],
            [
              -63.67637572306182,
              55.75813764339114
            ],
            [
              -63.67212547484461,
              55.7655823223763
            ],
            [
              -63.6822365196836,
              55.77713793655227
            ],
            [
              -63.66373577019488,
              55.79163821368482
            ],
            [
              -63.70490418971614,
              55.79069402870186
            ],
            [
              -63.713626758530665,
              55.78022154625878
            ],
            [
              -63.727849735180605,
              55.77905483381685
            ],
            [
              -63.743711411098545,
              55.78697183843112
            ],
            [
              -63.76962916773502,
              55.78991623523258
            ],
            [
              -63.75787822449628,
              55.79727765736725
            ],
            [
              -63.77093442562872,
              55.79538875586202
            ],
            [
              -63.77215628708346,
              55.809694300553275
            ],
            [
              -63.83199253584008,
              55.80450012564809
            ],
            [
              -63.82824216067742,
              55.8096389943454
            ],
            [
              -63.83560360303705,
              55.81544486488378
            ],
            [
              -63.827380725991155,
              55.81938930553373
            ],
            [
              -63.826574935314355,
              55.82894514469699
            ],
            [
              -63.81601918314637,
              55.83022261907681
            ],
            [
              -63.82229725222684,
              55.838333996914315
            ],
            [
              -63.78721250805842,
              55.8379726306229
            ],
            [
              -63.7642395613507,
              55.84619490109877
            ],
            [
              -63.7755180392134,
              55.85086177841712
            ],
            [
              -63.775546064567855,
              55.85594517102531
            ],
            [
              -63.812047794514584,
              55.85927878564309
            ],
            [
              -63.825187784780354,
              55.87350120906316
            ],
            [
              -63.84046633840923,
              55.880334867552016
            ],
            [
              -63.84460582361718,
              55.88822402240625
            ],
            [
              -63.826938767117745,
              55.89747402289205
            ],
            [
              -63.82924491583946,
              55.909085137229674
            ],
            [
              -63.81691137511567,
              55.912835147942495
            ],
            [
              -63.81407779748396,
              55.92036318090213
            ],
            [
              -63.79690944220438,
              55.92997431041732
            ],
            [
              -63.758825325254755,
              55.936362953993395
            ],
            [
              -63.72537720036827,
              55.93080678204226
            ],
            [
              -63.71184712952728,
              55.94008431843618
            ],
            [
              -63.71729248722886,
              55.947529080208454
            ],
            [
              -63.71476418236815,
              55.9499179005469
            ],
            [
              -63.681703488968935,
              55.94933370917711
            ],
            [
              -63.6847592899854,
              55.96097293249977
            ],
            [
              -63.66433935938305,
              55.970694844088975
            ],
            [
              -63.625115758280046,
              55.96702796347727
            ],
            [
              -63.60080879400394,
              55.990333816761336
            ],
            [
              -63.57855761804203,
              55.99091680329562
            ],
            [
              -63.563973588531226,
              55.99677796329702
            ],
            [
              -63.56119594788643,
              56.004000499213895
            ],
            [
              -63.508859758679534,
              56.003555377247274
            ],
            [
              -63.48627537555511,
              55.98855491692928
            ],
            [
              -63.47333041939471,
              55.989721274334926
            ],
            [
              -63.46757981365431,
              55.99866569251754
            ],
            [
              -63.491887112014126,
              56.00663850796468
            ],
            [
              -63.481498245194864,
              56.012499659875864
            ],
            [
              -63.461079783879455,
              56.01172158320391
            ],
            [
              -63.45830226437783,
              56.02122187139015
            ],
            [
              -63.44588479554169,
              56.024138177991745
            ],
            [
              -63.45027405150978,
              56.0270551552482
            ],
            [
              -63.44549590893532,
              56.032555159999625
            ],
            [
              -63.469609893017186,
              56.03738931107783
            ],
            [
              -63.483416827474876,
              56.03536156455256
            ],
            [
              -63.504419400599026,
              56.044751344233525
            ],
            [
              -63.530948014960195,
              56.03897349299814
            ],
            [
              -63.53305844945977,
              56.03361237031777
            ],
            [
              -63.5635040556721,
              56.03189045148029
            ],
            [
              -63.57586521108698,
              56.02302905916997
            ],
            [
              -63.58375472166334,
              56.028779278688425
            ],
            [
              -63.60925577881009,
              56.02614046584159
            ],
            [
              -63.616422998988,
              56.03027964218306
            ],
            [
              -63.61508988072883,
              56.034474040709085
            ],
            [
              -63.63397849964779,
              56.02361265202268
            ],
            [
              -63.64106265092859,
              56.02977959860632
            ],
            [
              -63.68845508582716,
              56.025557968105396
            ],
            [
              -63.69292803175178,
              56.02725241121206
            ],
            [
              -63.67142545120395,
              56.02955768094027
            ],
            [
              -63.67012012309636,
              56.03580796471007
            ],
            [
              -63.68356637753399,
              56.03572494441619
            ],
            [
              -63.66959264813717,
              56.03958568516965
            ],
            [
              -63.68156745109468,
              56.0560309518682
            ],
            [
              -63.69156856447907,
              56.06097574724314
            ],
            [
              -63.70301360799974,
              56.05928122379987
            ],
            [
              -63.70934745872671,
              56.06167017894893
            ],
            [
              -63.70693079899067,
              56.065253756425044
            ],
            [
              -63.73059909076582,
              56.06803184125191
            ],
            [
              -63.797984515862424,
              56.05055958174151
            ],
            [
              -63.83948145053439,
              56.04869847762917
            ],
            [
              -63.8271760479191,
              56.054031845526715
            ],
            [
              -63.83264771031005,
              56.056587410712126
            ],
            [
              -63.82017647338018,
              56.07289324891342
            ],
            [
              -63.826203661060084,
              56.076365746195336
            ],
            [
              -63.826258893512296,
              56.082615717934566
            ],
            [
              -63.84767551424366,
              56.083421293568826
            ],
            [
              -63.871593324110606,
              56.071532416643834
            ],
            [
              -63.880176863827025,
              56.07500491086964
            ],
            [
              -63.889065811545485,
              56.091144023588775
            ],
            [
              -63.90714982804555,
              56.09364410149255
            ],
            [
              -63.91795643509523,
              56.08892184469861
            ],
            [
              -63.91545608349722,
              56.08050511175614
            ],
            [
              -63.930070125362136,
              56.07972741734614
            ],
            [
              -63.93462638564452,
              56.07164409528919
            ],
            [
              -63.931181468013676,
              56.06825484096251
            ],
            [
              -63.93851612112099,
              56.070227340036496
            ],
            [
              -63.93973868884227,
              56.059116018692656
            ],
            [
              -63.94687919950461,
              56.055838241148294
            ],
            [
              -63.9543524825163,
              56.055644070962195
            ],
            [
              -63.963798307999426,
              56.06508877487568
            ],
            [
              -64.00947202926335,
              56.07608933217844
            ],
            [
              -64.01602750573818,
              56.073533818731555
            ],
            [
              -64.01038866211348,
              56.06867239027941
            ],
            [
              -64.01275013091153,
              56.06642241096084
            ],
            [
              -64.03541788975586,
              56.06170014990214
            ],
            [
              -64.03141731359598,
              56.06822826476409
            ],
            [
              -64.03819513100754,
              56.07770069073711
            ],
            [
              -64.05050114430432,
              56.082145153992016
            ],
            [
              -64.05947365977087,
              56.07978408851417
            ],
            [
              -64.0601959833304,
              56.083561820945626
            ],
            [
              -64.01777690681251,
              56.09295073099266
            ],
            [
              -64.01458228283123,
              56.097395131588975
            ],
            [
              -64.01849868278947,
              56.10267323912743
            ],
            [
              -64.00922060244686,
              56.10858985203142
            ],
            [
              -64.00585914473967,
              56.11789575420584
            ],
            [
              -64.01674733486912,
              56.1280626861683
            ],
            [
              -64.00249790136286,
              56.1318957479344
            ],
            [
              -64.01094151819905,
              56.137757117441346
            ],
            [
              -64.03263400719021,
              56.14053515629203
            ],
            [
              -64.02438431221236,
              56.14572960508716
            ],
            [
              -64.02718927859323,
              56.149174339432065
            ],
            [
              -64.04260458785025,
              56.14925767910207
            ],
            [
              -64.03113278143992,
              56.152674308758385
            ],
            [
              -64.01477219704496,
              56.17023019618998
            ],
            [
              -63.87761585335652,
              56.19842327050581
            ],
            [
              -63.859420376816466,
              56.21061795333531
            ],
            [
              -63.85828139874224,
              56.216201256017094
            ],
            [
              -63.87069839731608,
              56.22381267064433
            ],
            [
              -63.86083673558648,
              56.2277849533248
            ],
            [
              -63.86683711754892,
              56.2353129970804
            ],
            [
              -63.8711705538855,
              56.2292293172713
            ],
            [
              -63.915089239202715,
              56.22172960943649
            ],
            [
              -63.90625530196245,
              56.22670182921344
            ],
            [
              -63.909588614915826,
              56.23525740514717
            ],
            [
              -63.93481392026696,
              56.26514744310995
            ],
            [
              -63.94156455516201,
              56.26728661921389
            ],
            [
              -63.9730917322388,
              56.25681488929519
            ],
            [
              -64.01628901558098,
              56.267871315645074
            ],
            [
              -64.09048427287402,
              56.25578820158643
            ],
            [
              -64.12262546132199,
              56.26117743650448
            ],
            [
              -64.0927067696991,
              56.26864962804711
            ],
            [
              -64.07501120904799,
              56.29017769996513
            ],
            [
              -64.12718430015477,
              56.302539087254296
            ],
            [
              -64.14996536729748,
              56.30084465754715
            ],
            [
              -64.14610457630577,
              56.308844634570725
            ],
            [
              -64.09062284041092,
              56.332122929531884
            ],
            [
              -64.1058498565775,
              56.34556743376608
            ],
            [
              -64.09512683179268,
              56.3536232749463
            ],
            [
              -64.09709960383827,
              56.35698431329526
            ],
            [
              -64.12482743684417,
              56.366873232833505
            ],
            [
              -64.12282699932501,
              56.37095656935496
            ],
            [
              -64.12843961992485,
              56.37528989573588
            ],
            [
              -64.14752507443454,
              56.37165132488479
            ],
            [
              -64.14363564711651,
              56.37531797539988
            ],
            [
              -64.14827541925041,
              56.378679087688575
            ],
            [
              -64.11324346718104,
              56.38145684279446
            ],
            [
              -64.09718759152689,
              56.39373465558444
            ],
            [
              -64.10824419514297,
              56.39526237051669
            ],
            [
              -64.10385575469421,
              56.39995686316189
            ],
            [
              -64.12257952665121,
              56.4044571742697
            ],
            [
              -64.14599780406235,
              56.40262378953314
            ],
            [
              -64.1430253523578,
              56.40959602741245
            ],
            [
              -64.14810821620785,
              56.42029073354509
            ],
            [
              -64.17674755805798,
              56.42267990018193
            ],
            [
              -64.1833577312667,
              56.429707668852075
            ],
            [
              -64.1631064449039,
              56.42826327213804
            ],
            [
              -64.1595201451143,
              56.43748548029215
            ],
            [
              -64.16307471986607,
              56.44162468869428
            ],
            [
              -64.15637874339045,
              56.44512435125149
            ],
            [
              -64.12943736343357,
              56.43181852430482
            ],
            [
              -64.10418217606885,
              56.444707429367874
            ],
            [
              -64.09896092565914,
              56.440846332034674
            ],
            [
              -64.1021296055751,
              56.43565191535956
            ],
            [
              -64.09721437015999,
              56.42998491680904
            ],
            [
              -63.98898918465372,
              56.41084521996983
            ],
            [
              -63.93841706700844,
              56.424565995675614
            ],
            [
              -63.9072992574873,
              56.426982151634874
            ],
            [
              -63.9095769889359,
              56.434315813439476
            ],
            [
              -63.90043746947862,
              56.43814905708442
            ],
            [
              -63.8886040232971,
              56.43314882575912
            ],
            [
              -63.87518660792895,
              56.43464881522467
            ],
            [
              -63.879631184409334,
              56.4440935452279
            ],
            [
              -63.86971389255643,
              56.446843575762784
            ],
            [
              -63.882797531891526,
              56.46092711111771
            ],
            [
              -63.88593620199467,
              56.47253857039961
            ],
            [
              -63.914854265255094,
              56.46484405887683
            ],
            [
              -63.93224476310757,
              56.475427954728175
            ],
            [
              -63.9368550939918,
              56.489483791260454
            ],
            [
              -63.94413257439023,
              56.49545634279505
            ],
            [
              -63.94082591186056,
              56.506956637202
            ],
            [
              -63.94363091283828,
              56.51859571749082
            ],
            [
              -63.93796368512174,
              56.526984679587144
            ],
            [
              -63.946046689021735,
              56.53531828837638
            ],
            [
              -63.94354643332366,
              56.53984600495554
            ],
            [
              -63.986158661317724,
              56.561708606553495
            ],
            [
              -63.98657515034858,
              56.57365300692606
            ],
            [
              -63.999714516281266,
              56.58137578153021
            ],
            [
              -64.005381211429,
              56.59284804473133
            ],
            [
              -64.01802115881497,
              56.595792725793146
            ],
            [
              -64.02832726269844,
              56.591181601033114
            ],
            [
              -64.0279944352169,
              56.60020936408326
            ],
            [
              -64.0386061442777,
              56.59632048439977
            ],
            [
              -64.0427749409446,
              56.60954294083448
            ],
            [
              -64.05808354455515,
              56.61426548704081
            ],
            [
              -64.04185936033122,
              56.620015488063316
            ],
            [
              -64.03380320081197,
              56.63073771547806
            ],
            [
              -64.03794430944791,
              56.64365465487559
            ],
            [
              -64.02785874484559,
              56.65093241193688
            ],
            [
              -64.01910587020082,
              56.650126610037134
            ],
            [
              -64.02460789592774,
              56.65662685866452
            ],
            [
              -64.01293769744832,
              56.66079357440168
            ],
            [
              -64.1017386774644,
              56.655711365849534
            ],
            [
              -64.09046181436136,
              56.66276720291291
            ],
            [
              -64.09929565000161,
              56.663044978748374
            ],
            [
              -64.095990606057,
              56.66862850746463
            ],
            [
              -64.1177693486979,
              56.67835103209811
            ],
            [
              -64.1139076607182,
              56.686545458126695
            ],
            [
              -64.12885296913407,
              56.690462473243514
            ],
            [
              -64.13146374198975,
              56.70110165040797
            ],
            [
              -64.14315881796225,
              56.70349052142094
            ],
            [
              -64.1298521184387,
              56.7161293901701
            ],
            [
              -64.11715708255292,
              56.72049082895426
            ],
            [
              -64.1214070681807,
              56.732462961233324
            ],
            [
              -64.10687878507555,
              56.730518583334316
            ],
            [
              -64.10582288631845,
              56.739685547409394
            ],
            [
              -64.09918356206867,
              56.746129975296256
            ],
            [
              -64.08818325927083,
              56.74229633410145
            ],
            [
              -64.08398877983582,
              56.732601948082745
            ],
            [
              -64.07623650389534,
              56.73587941963094
            ],
            [
              -64.07731994381126,
              56.75587997790004
            ],
            [
              -64.08712700919817,
              56.76076915224226
            ],
            [
              -64.08757154587634,
              56.767491384002426
            ],
            [
              -64.00804462999989,
              56.77823994699349
            ],
            [
              -64.00301486004615,
              56.79346249684621
            ],
            [
              -64.00993313275893,
              56.81899109661211
            ],
            [
              -64.00851595459972,
              56.82476889130336
            ],
            [
              -64.00017985428556,
              56.82632439866461
            ],
            [
              -64.01076673197954,
              56.83096358596112
            ],
            [
              -64.0064036457371,
              56.83849132791659
            ],
            [
              -64.01540674305242,
              56.846824994669035
            ],
            [
              -64.0082654570322,
              56.85932522725211
            ],
            [
              -63.999011752574624,
              56.8641027810006
            ],
            [
              -63.964038180306005,
              56.865824977965296
            ],
            [
              -63.959232343841336,
              56.87285275887151
            ],
            [
              -63.947537510741064,
              56.86893611468134
            ],
            [
              -63.93098117044756,
              56.8761027858599
            ],
            [
              -63.91478596581995,
              56.87665801227647
            ],
            [
              -63.910119544320594,
              56.882463836039484
            ],
            [
              -63.87056447418983,
              56.89846415872086
            ],
            [
              -63.88547859036591,
              56.91268637001501
            ],
            [
              -63.91050669365849,
              56.926131328998885
            ],
            [
              -63.9105897649668,
              56.943603909981725
            ],
            [
              -63.90161670366659,
              56.962798917355556
            ],
            [
              -63.91508920799749,
              56.97338244826218
            ],
            [
              -63.91206124556672,
              56.98457692859693
            ],
            [
              -63.90553286717511,
              56.98871604920813
            ],
            [
              -63.8810601562771,
              56.97777108450026
            ],
            [
              -63.87308704003658,
              56.992188044306836
            ],
            [
              -63.861642039698346,
              56.99749360715585
            ],
            [
              -63.88908730221082,
              57.01368866539321
            ],
            [
              -63.884586790210655,
              57.025438890820105
            ],
            [
              -63.89130900972695,
              57.035550261816994
            ],
            [
              -63.88891950903484,
              57.053244985867835
            ],
            [
              -63.9036141941782,
              57.067828551194104
            ],
            [
              -63.902253249317255,
              57.07738448930164
            ],
            [
              -63.887641143633616,
              57.08227337417097
            ],
            [
              -63.88567097740143,
              57.09021773210931
            ],
            [
              -63.86197341108134,
              57.08313414182529
            ],
            [
              -63.84714082031389,
              57.088161967713354
            ],
            [
              -63.84586204948085,
              57.083995276271295
            ],
            [
              -63.83119528351989,
              57.08543970275115
            ],
            [
              -63.82022567064112,
              57.08074497445858
            ],
            [
              -63.79109895109966,
              57.11527366197594
            ],
            [
              -63.77473951737024,
              57.10205115983832
            ],
            [
              -63.77190695277344,
              57.10999579879377
            ],
            [
              -63.781518079924204,
              57.12616283840718
            ],
            [
              -63.772297249445025,
              57.13082949513005
            ],
            [
              -63.766992901157046,
              57.14335750865246
            ],
            [
              -63.778854233598395,
              57.15063553621604
            ],
            [
              -63.7738546088381,
              57.15491328380389
            ],
            [
              -63.785383684590556,
              57.16833035306318
            ],
            [
              -63.78193863587066,
              57.17805279522841
            ],
            [
              -63.79188339725165,
              57.18160829241362
            ],
            [
              -63.79607789091664,
              57.194303351747195
            ],
            [
              -63.77540993718111,
              57.20574776447405
            ],
            [
              -63.76640969405631,
              57.2003586140631
            ],
            [
              -63.759659439368185,
              57.20188641337902
            ],
            [
              -63.76427031668161,
              57.22113698743663
            ],
            [
              -63.774548498951674,
              57.22122029422555
            ],
            [
              -63.786910137668464,
              57.22927611086186
            ],
            [
              -63.80993867696692,
              57.22577615597447
            ],
            [
              -63.818272328729876,
              57.22994281126112
            ],
            [
              -63.819633466765495,
              57.23635972394972
            ],
            [
              -63.8283280864571,
              57.2374986458894
            ],
            [
              -63.84018989579289,
              57.229526368741006
            ],
            [
              -63.844384884475,
              57.215137241039336
            ],
            [
              -63.841551744638586,
              57.20613692609244
            ],
            [
              -63.86296926229689,
              57.20310944828927
            ],
            [
              -63.87133098023993,
              57.19599805631076
            ],
            [
              -63.88535935410684,
              57.1966927390838
            ],
            [
              -63.865746753900076,
              57.222804222434874
            ],
            [
              -63.86660754725321,
              57.23630444292703
            ],
            [
              -63.873885706488586,
              57.23922110509521
            ],
            [
              -63.88105204843791,
              57.26591614692335
            ],
            [
              -63.879051402984096,
              57.2844999830417
            ],
            [
              -63.86571725106461,
              57.29286110626416
            ],
            [
              -63.86743916880491,
              57.30669478776934
            ],
            [
              -63.86268873717516,
              57.32483389189344
            ],
            [
              -63.84477101338204,
              57.33369506926841
            ],
            [
              -63.847602868051375,
              57.34033416694597
            ],
            [
              -63.842822835553086,
              57.34694532478504
            ],
            [
              -63.82479294426305,
              57.349778604490034
            ],
            [
              -63.81290896060244,
              57.32650033515592
            ],
            [
              -63.80743655024939,
              57.325444751156326
            ],
            [
              -63.795240338981756,
              57.33636138263439
            ],
            [
              -63.794292049489215,
              57.3486116870179
            ],
            [
              -63.78204140041963,
              57.3489728543215
            ],
            [
              -63.77376676618179,
              57.33813926029381
            ],
            [
              -63.755209300705644,
              57.341444744059594
            ],
            [
              -63.729787714393915,
              57.358722794525015
            ],
            [
              -63.70576052261018,
              57.36166698736463
            ],
            [
              -63.69803825878495,
              57.36700033012172
            ],
            [
              -63.71383917967815,
              57.385028679787965
            ],
            [
              -63.71061542222087,
              57.39714003220096
            ],
            [
              -63.72264032947095,
              57.40044593131139
            ],
            [
              -63.72894225376961,
              57.40964056319669
            ],
            [
              -63.71866702646471,
              57.40930723937901
            ],
            [
              -63.717415909472386,
              57.41652946120642
            ],
            [
              -63.710250395757264,
              57.42022397476862
            ],
            [
              -63.710831488918764,
              57.43277979714737
            ],
            [
              -63.71546862224044,
              57.43808561863608
            ],
            [
              -63.73293972090564,
              57.41605750782279
            ],
            [
              -63.74143757867467,
              57.41916898698601
            ],
            [
              -63.73627140620149,
              57.42841896112143
            ],
            [
              -63.75615765942197,
              57.4410858920986
            ],
            [
              -63.7630187082781,
              57.45458642444561
            ],
            [
              -63.765462794333416,
              57.468614483944464
            ],
            [
              -63.759490365098785,
              57.4720867104564
            ],
            [
              -63.766657374534006,
              57.47811448596883
            ],
            [
              -63.75587865674942,
              57.48775363926475
            ],
            [
              -63.7682123465703,
              57.49686506600625
            ],
            [
              -63.768267227822754,
              57.52694897232332
            ],
            [
              -63.80524029635104,
              57.55494976261158
            ],
            [
              -63.83474210449808,
              57.565894498178324
            ],
            [
              -63.8291854345081,
              57.583672519253
            ],
            [
              -63.838939029032346,
              57.589617261695
            ],
            [
              -63.834689216766186,
              57.59642279853446
            ],
            [
              -63.84905888839808,
              57.61797865658887
            ],
            [
              -63.8242759718724,
              57.61589535389695
            ],
            [
              -63.810914068721175,
              57.62175641882847
            ],
            [
              -63.82486428256885,
              57.63520113800103
            ],
            [
              -63.82464486640027,
              57.647479221350885
            ],
            [
              -63.811280168702446,
              57.646118096490554
            ],
            [
              -63.794638231411405,
              57.65514617783806
            ],
            [
              -63.77049302762386,
              57.65947985083185
            ],
            [
              -63.76562988992084,
              57.65056283896007
            ],
            [
              -63.75657236472288,
              57.65853536202723
            ],
            [
              -63.742458570766,
              57.657923952262735
            ],
            [
              -63.73701422380842,
              57.66225758785358
            ],
            [
              -63.73931903138492,
              57.68386920216807
            ],
            [
              -63.753209145572406,
              57.70214726986766
            ],
            [
              -63.75148586177302,
              57.727842250708925
            ],
            [
              -63.7610719270358,
              57.73106447685471
            ],
            [
              -63.77849455886011,
              57.72461982677752
            ],
            [
              -63.77504927863503,
              57.71423066271804
            ],
            [
              -63.78018973336085,
              57.70850843398286
            ],
            [
              -63.7746884903646,
              57.69931364709712
            ],
            [
              -63.77944015299178,
              57.69445258946391
            ],
            [
              -63.81064417065433,
              57.688924531187496
            ],
            [
              -63.81606260227748,
              57.70686921603057
            ],
            [
              -63.822703218547886,
              57.71331372559053
            ],
            [
              -63.846540044015576,
              57.719563975756365
            ],
            [
              -63.8686244895675,
              57.710230623258255
            ],
            [
              -63.88318060407756,
              57.71559178952656
            ],
            [
              -63.88348592378891,
              57.723258666356415
            ],
            [
              -63.90509653518456,
              57.75381507321534
            ],
            [
              -63.90053597201864,
              57.77667669380316
            ],
            [
              -63.90989175244712,
              57.79626062272782
            ],
            [
              -63.88869838286446,
              57.80042730464325
            ],
            [
              -63.89516631699633,
              57.81890011350796
            ],
            [
              -63.907884223050914,
              57.828150347233844
            ],
            [
              -63.8875256342625,
              57.83817818976582
            ],
            [
              -63.88949741770079,
              57.84612286258401
            ],
            [
              -63.900967063349626,
              57.8568731694984
            ],
            [
              -63.903438288349086,
              57.88234590120157
            ],
            [
              -63.89707797043721,
              57.90526287481778
            ],
            [
              -63.89974382214645,
              57.91287426058171
            ],
            [
              -63.91249153947151,
              57.91231903924308
            ],
            [
              -63.921324675166986,
              57.899068698618265
            ],
            [
              -63.93946463125894,
              57.892040924460964
            ],
            [
              -63.947325730562,
              57.904874551675306
            ],
            [
              -63.969298993732465,
              57.90384704808095
            ],
            [
              -63.97590981311403,
              57.911541501766365
            ],
            [
              -63.99099413375522,
              57.91526399983549
            ],
            [
              -64.00902496357882,
              57.90543034337481
            ],
            [
              -64.02033350576721,
              57.91090287271547
            ],
            [
              -64.03683828064368,
              57.909985982250255
            ],
            [
              -64.03644916385225,
              57.914736183771836
            ],
            [
              -64.04667441147345,
              57.918763987979446
            ],
            [
              -64.04937053758432,
              57.9311809372594
            ],
            [
              -64.05823327666135,
              57.92284731616297
            ],
            [
              -64.08707301648249,
              57.931430945445896
            ],
            [
              -64.09401802723126,
              57.91654177268396
            ],
            [
              -64.11165699127041,
              57.92429203912559
            ],
            [
              -64.12682454042546,
              57.92137541347067
            ],
            [
              -64.1417383223888,
              57.94257042742169
            ],
            [
              -64.1635988376141,
              57.9427925509534
            ],
            [
              -64.16751629796056,
              57.938987052454785
            ],
            [
              -64.15985147301994,
              57.930042274663016
            ],
            [
              -64.1611030770006,
              57.923181209894544
            ],
            [
              -64.18493657016103,
              57.924764828527465
            ],
            [
              -64.19340779038697,
              57.933014851225884
            ],
            [
              -64.19706554313781,
              57.97309923046155
            ],
            [
              -64.22561910040137,
              57.988377605457565
            ],
            [
              -64.23389420920968,
              58.01712816335858
            ],
            [
              -64.24214449585163,
              58.01912816838559
            ],
            [
              -64.23822750203448,
              58.029461799583736
            ],
            [
              -64.2199765147726,
              58.03490621958266
            ],
            [
              -64.25464566891435,
              58.041212006470126
            ],
            [
              -64.26139676274838,
              58.06565703293545
            ],
            [
              -64.28376369455373,
              58.045517837266715
            ],
            [
              -64.30190673428146,
              58.04637899994356
            ],
            [
              -64.31313122701049,
              58.058518141986774
            ],
            [
              -64.34480283883676,
              58.06407402085344
            ],
            [
              -64.34910871708797,
              58.06935200831929
            ],
            [
              -64.38483233128403,
              58.07071339963978
            ],
            [
              -64.40736111714664,
              58.06285229327597
            ],
            [
              -64.43130651474748,
              58.068797086355964
            ],
            [
              -64.43675100283642,
              58.07832482424884
            ],
            [
              -64.42108342259544,
              58.08285256209774
            ],
            [
              -64.42597239113468,
              58.08857512259611
            ],
            [
              -64.42472211516407,
              58.0952973353439
            ],
            [
              -64.432500403729,
              58.09865872752217
            ],
            [
              -64.43127764598991,
              58.10801979655083
            ],
            [
              -64.43852791951554,
              58.11357564697538
            ],
            [
              -64.4431108969789,
              58.131909583825426
            ],
            [
              -64.43797183135679,
              58.13852067765035
            ],
            [
              -64.42430463179717,
              58.14115955024995
            ],
            [
              -64.42716540947075,
              58.15874315505744
            ],
            [
              -64.42099814543987,
              58.16568762594058
            ],
            [
              -64.41819229353902,
              58.18113263764988
            ],
            [
              -64.42269205647219,
              58.19346623485708
            ],
            [
              -64.43444239089496,
              58.1988273261535
            ],
            [
              -64.42360853563224,
              58.2027162598191
            ],
            [
              -64.38663464883831,
              58.201077032503235
            ],
            [
              -64.36993920344348,
              58.20921627875458
            ],
            [
              -64.33443790002354,
              58.21668817036757
            ],
            [
              -64.25790639815767,
              58.22352123384782
            ],
            [
              -64.24487784872383,
              58.23679925455426
            ],
            [
              -64.21915451663374,
              58.24677153719744
            ],
            [
              -64.21348459963711,
              58.26399405215177
            ],
            [
              -64.2012330748595,
              58.26913289597418
            ],
            [
              -64.20503703516367,
              58.27757759278211
            ],
            [
              -64.18139584762292,
              58.283605428955816
            ],
            [
              -64.197451132814,
              58.28821679908018
            ],
            [
              -64.19253063016724,
              58.305856013057216
            ],
            [
              -64.19527915897532,
              58.31368956482279
            ],
            [
              -64.18963924894582,
              58.31816177642308
            ],
            [
              -64.17905736470682,
              58.30905040469985
            ],
            [
              -64.17908212079534,
              58.32224517309337
            ],
            [
              -64.17310878667085,
              58.32730100176238
            ],
            [
              -64.18130227191995,
              58.3366898705681
            ],
            [
              -64.16952383442107,
              58.342884533488075
            ],
            [
              -64.17105150540638,
              58.35921821317596
            ],
            [
              -64.16641204900203,
              58.36616260901263
            ],
            [
              -64.1509972528623,
              58.371245984896106
            ],
            [
              -64.1212236875098,
              58.362773465673754
            ],
            [
              -64.10436466826589,
              58.37416237025209
            ],
            [
              -64.02972688474442,
              58.364578204908895
            ],
            [
              -64.02822584204013,
              58.400995740776246
            ],
            [
              -64.01208602533528,
              58.415468226656195
            ],
            [
              -64.01119557082471,
              58.426246255808344
            ],
            [
              -63.995555248382004,
              58.42896853744084
            ],
            [
              -63.98530189916246,
              58.44324653916656
            ],
            [
              -63.964968260252576,
              58.44019073829504
            ],
            [
              -63.91240962627045,
              58.44538487199584
            ],
            [
              -63.899356073807304,
              58.43407905309506
            ],
            [
              -63.88688371045758,
              58.433634273321076
            ],
            [
              -63.88202195894632,
              58.44069015916799
            ],
            [
              -63.84985510347057,
              58.44363432917802
            ],
            [
              -63.84443799517463,
              58.45644013463921
            ],
            [
              -63.810238459784166,
              58.484218209291996
            ],
            [
              -63.81321090321974,
              58.49899656277452
            ],
            [
              -63.85329577961139,
              58.50258013527915
            ],
            [
              -63.858822426494704,
              58.52174744016276
            ],
            [
              -63.85162830713379,
              58.54324767256467
            ],
            [
              -63.85682190101209,
              58.55152568331541
            ],
            [
              -63.866542695487006,
              58.555553759523754
            ],
            [
              -63.866209119331565,
              58.567915108819875
            ],
            [
              -63.879346354764444,
              58.56563739229574
            ],
            [
              -63.89473297405542,
              58.57455435488865
            ],
            [
              -63.91548025475886,
              58.57249905021998
            ],
            [
              -63.93298133265134,
              58.55277658077952
            ],
            [
              -63.945787713983734,
              58.551054295318096
            ],
            [
              -63.952232720700195,
              58.53819326783402
            ],
            [
              -63.994179204696,
              58.52685962472393
            ],
            [
              -64.01934888596935,
              58.53335990584454
            ],
            [
              -64.03365757522462,
              58.52285985842979
            ],
            [
              -64.05999271581251,
              58.539360162565885
            ],
            [
              -64.07691176009146,
              58.540026819257385
            ],
            [
              -64.08860394264178,
              58.55902770197767
            ],
            [
              -64.1021056547038,
              58.56261093204852
            ],
            [
              -64.11418879925884,
              58.579528189539786
            ],
            [
              -64.0906274099952,
              58.58933379308945
            ],
            [
              -64.10643631530002,
              58.595972909425704
            ],
            [
              -64.13760943692344,
              58.59955622109723
            ],
            [
              -64.14583331199397,
              58.6062509676081
            ],
            [
              -64.12280028126504,
              58.61980650853605
            ],
            [
              -64.10632421774476,
              58.63830716582776
            ],
            [
              -64.08062424457917,
              58.648418252453304
            ],
            [
              -64.07965148541764,
              58.663640738053736
            ],
            [
              -64.04817714016642,
              58.69072434056242
            ],
            [
              -64.04317695993109,
              58.701752428815034
            ],
            [
              -64.03473189747572,
              58.703752404210064
            ],
            [
              -63.99698063540887,
              58.69294633693083
            ],
            [
              -63.96178468238775,
              58.69372373078975
            ],
            [
              -63.949117749603964,
              58.689362632617694
            ],
            [
              -63.93492219428459,
              58.69877936690487
            ],
            [
              -63.92656075071377,
              58.69894596610599
            ],
            [
              -63.921643754166865,
              58.70586262692952
            ],
            [
              -63.8885358073842,
              58.710973763183816
            ],
            [
              -63.864039303317604,
              58.70400101799776
            ],
            [
              -63.80720887764432,
              58.712695155131954
            ],
            [
              -63.786791551242196,
              58.70461157073751
            ],
            [
              -63.74706742722979,
              58.717500483926294
            ],
            [
              -63.71517734372284,
              58.70705570053033
            ],
            [
              -63.69895409279052,
              58.72005602822151
            ],
            [
              -63.681342407015286,
              58.71727795131016
            ],
            [
              -63.658007845675854,
              58.72583354669108
            ],
            [
              -63.6327848613555,
              58.71949990057173
            ],
            [
              -63.584310066551474,
              58.73230545191878
            ],
            [
              -63.55719812160084,
              58.72827742007247
            ],
            [
              -63.55089210664802,
              58.73799992220903
            ],
            [
              -63.50416759188048,
              58.74180518257857
            ],
            [
              -63.49791727652195,
              58.74602738114463
            ],
            [
              -63.49961145792417,
              58.754777413012384
            ],
            [
              -63.471110226010516,
              58.759055202046184
            ],
            [
              -63.466471187371894,
              58.76366658861805
            ],
            [
              -63.489583073594865,
              58.76747210353044
            ],
            [
              -63.50477735420626,
              58.79441745399008
            ],
            [
              -63.528583694078286,
              58.81550133666235
            ],
            [
              -63.54269504959991,
              58.82130711196389
            ],
            [
              -63.54827849187007,
              58.832446349991514
            ],
            [
              -63.56477832438649,
              58.83778022519306
            ],
            [
              -63.58077702542287,
              58.85247799536534
            ],
            [
              -63.65703210734889,
              58.8537810308858
            ],
            [
              -63.65992095899727,
              58.858892136348636
            ],
            [
              -63.67906068766879,
              58.86433662149939
            ],
            [
              -63.68131040395379,
              58.88089241014815
            ],
            [
              -63.71239484986909,
              58.88750412916111
            ],
            [
              -63.73100718920519,
              58.879004097891475
            ],
            [
              -63.78519915393732,
              58.88392470422849
            ],
            [
              -63.78089418674539,
              58.87972932389178
            ],
            [
              -63.78333953807549,
              58.8707565819196
            ],
            [
              -63.79917269953759,
              58.866368284127375
            ],
            [
              -63.79720173593427,
              58.857006038210045
            ],
            [
              -63.807675542762446,
              58.84858883311974
            ],
            [
              -63.83934247046839,
              58.849589637534926
            ],
            [
              -63.84367758675955,
              58.84250518671356
            ],
            [
              -63.86437489196586,
              58.83392047338112
            ],
            [
              -63.89907040832894,
              58.839337683178684
            ],
            [
              -63.948738750747545,
              58.82783765990597
            ],
            [
              -63.9679060439155,
              58.82694876839156
            ],
            [
              -63.97382394683906,
              58.83155986973439
            ],
            [
              -63.99898884125017,
              58.814476531421676
            ],
            [
              -64.04087885895417,
              58.81086569011892
            ],
            [
              -64.04493423032622,
              58.8063932295686
            ],
            [
              -64.04143193374976,
              58.79344847431495
            ],
            [
              -64.05062579718582,
              58.78725404347225
            ],
            [
              -64.07440395502178,
              58.782726254474625
            ],
            [
              -64.07095786669382,
              58.772504074498805
            ],
            [
              -64.07753990771049,
              58.76275382234662
            ],
            [
              -64.10987825323613,
              58.75850378518298
            ],
            [
              -64.1201296938808,
              58.749448242018474
            ],
            [
              -64.14649678210728,
              58.74842049431811
            ],
            [
              -64.17208384825638,
              58.77431022840851
            ],
            [
              -64.17561148192613,
              58.78806044274453
            ],
            [
              -64.20502943999291,
              58.78136599538764
            ],
            [
              -64.23158602383766,
              58.786616290323394
            ],
            [
              -64.23422477769736,
              58.79519987314652
            ],
            [
              -64.24328070907848,
              58.80100543453697
            ],
            [
              -64.22655737214532,
              58.81575576343511
            ],
            [
              -64.23658541603582,
              58.82261715191133
            ],
            [
              -64.23686284678458,
              58.830033848666766
            ],
            [
              -64.22861265252402,
              58.833394904200134
            ],
            [
              -64.23811257673066,
              58.84661771834035
            ],
            [
              -64.23972343165192,
              58.861062425784866
            ],
            [
              -64.25997398974322,
              58.877257381981124
            ],
            [
              -64.2790856502174,
              58.88020179084461
            ],
            [
              -64.2911136870568,
              58.88795214736177
            ],
            [
              -64.29011334822914,
              58.89498017810392
            ],
            [
              -64.30525283635127,
              58.902036061477475
            ],
            [
              -64.3377265711611,
              58.900091580529654
            ],
            [
              -64.35347744632544,
              58.89298041343794
            ],
            [
              -64.36211662058612,
              58.899258545880095
            ],
            [
              -64.38647847848765,
              58.90406432380615
            ],
            [
              -64.40125710759465,
              58.901147721164165
            ],
            [
              -64.40528522046341,
              58.89120298405318
            ],
            [
              -64.41667461020171,
              58.88934182059733
            ],
            [
              -64.42359164136876,
              58.8915365956605
            ],
            [
              -64.4246468969995,
              58.90503684601659
            ],
            [
              -64.46037049466561,
              58.90837052052176
            ],
            [
              -64.51751232597923,
              58.8825090275328
            ],
            [
              -64.52670682036923,
              58.88745351382178
            ],
            [
              -64.54837463052685,
              58.88562043212186
            ],
            [
              -64.56340270423948,
              58.89973183220922
            ],
            [
              -64.61248301586589,
              58.905482148629694
            ],
            [
              -64.61695451509782,
              58.92014905902154
            ],
            [
              -64.62725867580053,
              58.92314906108181
            ],
            [
              -64.62778648372034,
              58.93089903886035
            ],
            [
              -64.65097756557763,
              58.94064937730032
            ],
            [
              -64.73278366866253,
              58.95020569430565
            ],
            [
              -64.75981254021838,
              58.93828911343591
            ],
            [
              -64.74542303456624,
              58.933233279268805
            ],
            [
              -64.76231277067606,
              58.92045517655519
            ],
            [
              -64.78084150779969,
              58.92212211627546
            ],
            [
              -64.8173990598847,
              58.91506653566452
            ],
            [
              -64.83217763266579,
              58.919705756777255
            ],
            [
              -64.83378843017421,
              58.92862266764808
            ],
            [
              -64.85990055165682,
              58.93131737228361
            ],
            [
              -64.8628729087723,
              58.94042849714011
            ],
            [
              -64.88945757732614,
              58.94165097661156
            ],
            [
              -64.88806854739367,
              58.94887320838205
            ],
            [
              -64.84195510893822,
              58.95317881395253
            ],
            [
              -64.83445457415696,
              58.95806769463416
            ],
            [
              -64.84078788317875,
              58.983068251024505
            ],
            [
              -64.8509549520905,
              58.9888463313632
            ],
            [
              -64.86642758973677,
              58.98862407796108
            ],
            [
              -64.87020535676345,
              59.00379101141014
            ],
            [
              -64.86912187790406,
              59.010374634105666
            ],
            [
              -64.86114928997964,
              59.01593018786555
            ],
            [
              -64.83095352629499,
              59.019569043974776
            ],
            [
              -64.83823136247945,
              59.03093075694984
            ],
            [
              -64.82620246942355,
              59.04323626949216
            ],
            [
              -64.82814707991758,
              59.07204265536296
            ],
            [
              -64.79347852143839,
              59.066486582646675
            ],
            [
              -64.78181093205119,
              59.073569899647836
            ],
            [
              -64.742892328895,
              59.06973634920455
            ],
            [
              -64.7364471733073,
              59.07187518157719
            ],
            [
              -64.73528034543251,
              59.07876405430269
            ],
            [
              -64.72783566387749,
              59.0750418231061
            ],
            [
              -64.68427798798494,
              59.07415271606695
            ],
            [
              -64.67680634996108,
              59.043290740119744
            ],
            [
              -64.67066747790707,
              59.03881857281369
            ],
            [
              -64.60800253736197,
              59.044374079877336
            ],
            [
              -64.59933718000836,
              59.037540512390805
            ],
            [
              -64.57658674333354,
              59.03915156509569
            ],
            [
              -64.5611433505798,
              59.015762142088114
            ],
            [
              -64.54452914305878,
              59.01178962907833
            ],
            [
              -64.53961228116206,
              59.00306708530824
            ],
            [
              -64.51413351438998,
              59.00551135715879
            ],
            [
              -64.51157672209746,
              59.0146504851478
            ],
            [
              -64.51552198019887,
              59.019150473511836
            ],
            [
              -64.49293466722432,
              59.01656690978179
            ],
            [
              -64.4793791862346,
              59.00364988878798
            ],
            [
              -64.46873961053751,
              59.00242774391359
            ],
            [
              -64.4696575223799,
              58.99614969525371
            ],
            [
              -64.47726960636861,
              58.99281628873585
            ],
            [
              -64.47224361644469,
              58.984233007980585
            ],
            [
              -64.45218714481435,
              58.98442717147074
            ],
            [
              -64.43632293885933,
              58.99451048386793
            ],
            [
              -64.39954581747865,
              59.00001044628548
            ],
            [
              -64.39279662606262,
              59.005677137018715
            ],
            [
              -64.37738268013625,
              59.00251050105508
            ],
            [
              -64.37302131580961,
              59.00887186280304
            ],
            [
              -64.35430268237259,
              59.00473271881636
            ],
            [
              -64.35022117290863,
              58.996649413088875
            ],
            [
              -64.33219543070892,
              59.00328824918089
            ],
            [
              -64.2813323089093,
              59.00498239252472
            ],
            [
              -64.26538685680642,
              59.01401021580816
            ],
            [
              -64.27835786839768,
              59.0255104626789
            ],
            [
              -64.27791224911965,
              59.03609406476364
            ],
            [
              -64.30174350709181,
              59.04395546101344
            ],
            [
              -64.30582338928843,
              59.06048354859539
            ],
            [
              -64.31590396937814,
              59.068928240218646
            ],
            [
              -64.36384668108514,
              59.06881747109856
            ],
            [
              -64.35917818188173,
              59.078122983149164
            ],
            [
              -64.36845624865082,
              59.086789970811225
            ],
            [
              -64.36873602480426,
              59.098567976996165
            ],
            [
              -64.40745818771029,
              59.08906801813445
            ],
            [
              -64.41979097014037,
              59.078845764812186
            ],
            [
              -64.4216805046156,
              59.0863180415243
            ],
            [
              -64.43529249664374,
              59.08795687837195
            ],
            [
              -64.43221198262734,
              59.10284627994986
            ],
            [
              -64.43537966437768,
              59.10715187631097
            ],
            [
              -64.45240692814525,
              59.100429635232764
            ],
            [
              -64.47887964342753,
              59.09859654542596
            ],
            [
              -64.48949209043043,
              59.10326324164813
            ],
            [
              -64.49054877043606,
              59.10943020524652
            ],
            [
              -64.482522147573,
              59.11626351512577
            ],
            [
              -64.4922479783363,
              59.13373630466088
            ],
            [
              -64.48063781993393,
              59.14070882863758
            ],
            [
              -64.48294502467513,
              59.149042397423706
            ],
            [
              -64.47444723031631,
              59.16384824711569
            ],
            [
              -64.47964192517765,
              59.17070967768456
            ],
            [
              -64.4711402532812,
              59.179515180770906
            ],
            [
              -64.47575014001198,
              59.18773771948992
            ],
            [
              -64.52244200707862,
              59.208211263447424
            ],
            [
              -64.5193014524541,
              59.21640603534486
            ],
            [
              -64.53494025360612,
              59.22054525239056
            ],
            [
              -64.50615971577,
              59.22768407878751
            ],
            [
              -64.51140854972284,
              59.23521218241896
            ],
            [
              -64.49734996691076,
              59.249518293185304
            ],
            [
              -64.49882169207119,
              59.25532385673241
            ],
            [
              -64.49098921806188,
              59.259657133351226
            ],
            [
              -64.48904420922891,
              59.27090740852376
            ],
            [
              -64.5065994391445,
              59.27418548843793
            ],
            [
              -64.52048866492106,
              59.282463522938194
            ],
            [
              -64.51907159681748,
              59.28813021253857
            ],
            [
              -64.5302388234557,
              59.285796888041
            ],
            [
              -64.54240618714877,
              59.29032492320566
            ],
            [
              -64.53532194927713,
              59.303630756703605
            ],
            [
              -64.55768371717409,
              59.316659113474515
            ],
            [
              -64.52018217403483,
              59.31838108253516
            ],
            [
              -64.51470919700382,
              59.3332701861504
            ],
            [
              -64.49804285538877,
              59.340242459239334
            ],
            [
              -64.49165460446201,
              59.34965911832868
            ],
            [
              -64.534186940448,
              59.366048308956124
            ],
            [
              -64.53527142274855,
              59.37515939083731
            ],
            [
              -64.52155030880787,
              59.38649269728958
            ],
            [
              -64.53063441218657,
              59.391159402538605
            ],
            [
              -64.52507997755988,
              59.39985386053428
            ],
            [
              -64.46246784633901,
              59.41138131815606
            ],
            [
              -64.47607996864797,
              59.41557608825241
            ],
            [
              -64.47244081042254,
              59.41954827873237
            ],
            [
              -64.51430301796762,
              59.42293775108145
            ],
            [
              -64.48063239212608,
              59.44307715487339
            ],
            [
              -64.48682661501293,
              59.44513274093121
            ],
            [
              -64.46507660169037,
              59.4468824536166
            ],
            [
              -64.45685327326834,
              59.459716042081205
            ],
            [
              -64.4355480212937,
              59.46321580392757
            ],
            [
              -64.40921349528901,
              59.47963277516842
            ],
            [
              -64.39865572333169,
              59.47574385203013
            ],
            [
              -64.38126317890564,
              59.477549990614214
            ],
            [
              -64.38545853739883,
              59.484911069244596
            ],
            [
              -64.36459264949478,
              59.48716166695263
            ],
            [
              -64.36389808705523,
              59.49677301691889
            ],
            [
              -64.33378051506884,
              59.49857942879604
            ],
            [
              -64.32408602039551,
              59.50482911163784
            ],
            [
              -64.32405946596828,
              59.51135692428315
            ],
            [
              -64.34345045939455,
              59.510884637787505
            ],
            [
              -64.35045273114879,
              59.518634382390196
            ],
            [
              -64.38204163108652,
              59.52018938280932
            ],
            [
              -64.42165755180507,
              59.53580051042435
            ],
            [
              -64.44201663462698,
              59.53499553386803
            ],
            [
              -64.45634896589213,
              59.524051314452166
            ],
            [
              -64.48201323072853,
              59.51996886144554
            ],
            [
              -64.49898414743187,
              59.523163844360425
            ],
            [
              -64.51537348799127,
              59.516636021329006
            ],
            [
              -64.49651251264909,
              59.504524449578845
            ],
            [
              -64.51262410917386,
              59.49896882164946
            ],
            [
              -64.53220854375711,
              59.499358051224306
            ],
            [
              -64.55432166165508,
              59.49116329088984
            ],
            [
              -64.57852057529833,
              59.470356908256434
            ],
            [
              -64.59157687794345,
              59.46982907689295
            ],
            [
              -64.62988540784954,
              59.482801610260175
            ],
            [
              -64.6388580378536,
              59.46218997300578
            ],
            [
              -64.67541317027202,
              59.445856669509446
            ],
            [
              -64.69352595768825,
              59.462218343693166
            ],
            [
              -64.7310810475474,
              59.467441388301744
            ],
            [
              -64.73360873946348,
              59.476135764100604
            ],
            [
              -64.74902505950237,
              59.49016440811331
            ],
            [
              -64.79494381775534,
              59.49255357923105
            ],
            [
              -64.81077789517639,
              59.497998271381945
            ],
            [
              -64.81013868499393,
              59.50958189454128
            ],
            [
              -64.82555540656595,
              59.529026887081955
            ],
            [
              -64.81722140597998,
              59.540110503378465
            ],
            [
              -64.83988878445396,
              59.55666638945308
            ],
            [
              -64.83794412565288,
              59.56766667058313
            ],
            [
              -64.81208183554317,
              59.56966660441372
            ],
            [
              -64.81008128712986,
              59.58502804397286
            ],
            [
              -64.80413627901189,
              59.59008384961501
            ],
            [
              -64.8153586575565,
              59.60727861602868
            ],
            [
              -64.79894100335181,
              59.61752888143594
            ],
            [
              -64.81077423509483,
              59.64441831278163
            ],
            [
              -64.80985738165418,
              59.654474158788474
            ],
            [
              -64.79907913984717,
              59.664029962987065
            ],
            [
              -64.77277242125663,
              59.673807494585404
            ],
            [
              -64.77530129349822,
              59.68569634468553
            ],
            [
              -64.78219100206123,
              59.69139102907366
            ],
            [
              -64.74863547644058,
              59.713307503029974
            ],
            [
              -64.751303105744,
              59.725196324124234
            ],
            [
              -64.7580816942347,
              59.73061300248706
            ],
            [
              -64.7938058934401,
              59.73616887515678
            ],
            [
              -64.79630687042771,
              59.74544662999901
            ],
            [
              -64.78700092578283,
              59.76044663168589
            ],
            [
              -64.80544593371707,
              59.769141678080224
            ],
            [
              -64.8062790970109,
              59.77878053699642
            ],
            [
              -64.81241830306074,
              59.782447458202284
            ],
            [
              -64.80955662318837,
              59.79680887266658
            ],
            [
              -64.78983320554607,
              59.80744779018126
            ],
            [
              -64.80191665886201,
              59.817864679895614
            ],
            [
              -64.8201395052655,
              59.821920544842186
            ],
            [
              -64.8196116651462,
              59.83342085196905
            ],
            [
              -64.79480492732205,
              59.83430970566269
            ],
            [
              -64.7953323591736,
              59.84072635827096
            ],
            [
              -64.78533187862426,
              59.84953226036753
            ],
            [
              -64.76913656846351,
              59.84917080372793
            ],
            [
              -64.76471987294555,
              59.853587470262845
            ],
            [
              -64.72519017429042,
              59.86130967197107
            ],
            [
              -64.73455125919284,
              59.86944887053047
            ],
            [
              -64.76949720695258,
              59.873338072055425
            ],
            [
              -64.76808047887303,
              59.87897696863462
            ],
            [
              -64.75938532422646,
              59.88086585702898
            ],
            [
              -64.76249616550777,
              59.8903105158649
            ],
            [
              -64.71896678217944,
              59.88869916576783
            ],
            [
              -64.69207709082693,
              59.88339336690687
            ],
            [
              -64.68943796621538,
              59.87869886451735
            ],
            [
              -64.68013202726313,
              59.880226648889746
            ],
            [
              -64.65926927402575,
              59.890198646355714
            ],
            [
              -64.65662956599722,
              59.90208755456637
            ],
            [
              -64.64271074324988,
              59.906141953292334
            ],
            [
              -64.63568124355204,
              59.920836065877594
            ],
            [
              -64.62090121584994,
              59.92939113005649
            ],
            [
              -64.66501762623841,
              59.92869997792888
            ],
            [
              -64.65948842741679,
              59.935144484682574
            ],
            [
              -64.66090371007289,
              59.945923051685654
            ],
            [
              -64.652791488962,
              59.95081168135126
            ],
            [
              -64.68601426929258,
              59.95781308522291
            ],
            [
              -64.70982044913177,
              59.961285545980395
            ],
            [
              -64.71882211037497,
              59.9537297540358
            ],
            [
              -64.74398934359102,
              59.95489666053644
            ],
            [
              -64.74887793508658,
              59.958396665753924
            ],
            [
              -64.74101578730036,
              59.96545275362325
            ],
            [
              -64.742987418633,
              59.970230793034276
            ],
            [
              -64.77343424755335,
              59.97520278076958
            ],
            [
              -64.77512821598442,
              59.982230845402896
            ],
            [
              -64.79296444936008,
              59.97711951147626
            ],
            [
              -64.79621510822103,
              59.97123002183119
            ],
            [
              -64.82277378395763,
              59.97139638319609
            ],
            [
              -64.83796964002181,
              59.96484057119303
            ],
            [
              -64.8441916451586,
              59.96884056942413
            ],
            [
              -64.83635822639536,
              59.97592415129702
            ],
            [
              -64.85563637968552,
              59.98389661458759
            ],
            [
              -64.87296994524355,
              59.98295223606941
            ],
            [
              -64.87477582077305,
              59.990396942739
            ],
            [
              -64.85113539650932,
              60.00234172946734
            ],
            [
              -64.87416138880234,
              60.01375946399333
            ],
            [
              -64.88454653882641,
              60.02831616713021
            ],
            [
              -64.8789061378798,
              60.03384416679852
            ],
            [
              -64.88979182502561,
              60.04734534182028
            ],
            [
              -64.91929018432356,
              60.06001308129936
            ],
            [
              -64.92062242945921,
              60.06551331279151
            ],
            [
              -64.91325998729978,
              60.066485870067076
            ],
            [
              -64.90084468413681,
              60.05970751872772
            ],
            [
              -64.89298197707,
              60.06384670931771
            ],
            [
              -64.88017694600012,
              60.05973499124186
            ],
            [
              -64.87084272014413,
              60.06248525273518
            ],
            [
              -64.8248160306629,
              60.05103972977549
            ],
            [
              -64.80689941875151,
              60.0511505542258
            ],
            [
              -64.79739823116243,
              60.05740085105587
            ],
            [
              -64.77653673121301,
              60.06023421883685
            ],
            [
              -64.72206409883992,
              60.0573725118904
            ],
            [
              -64.71150757404936,
              60.06642805301158
            ],
            [
              -64.71417419486875,
              60.073011732575466
            ],
            [
              -64.70392374148646,
              60.07459502997513
            ],
            [
              -64.7093127537375,
              60.08351193869532
            ],
            [
              -64.74120102633161,
              60.09867944236667
            ],
            [
              -64.75933874460688,
              60.10117974516298
            ],
            [
              -64.76864326417027,
              60.10570803736728
            ],
            [
              -64.76844832249493,
              60.10990250977154
            ],
            [
              -64.75269965118873,
              60.10651340183301
            ],
            [
              -64.70881160004694,
              60.10954001018836
            ],
            [
              -64.67661793927029,
              60.104206095459645
            ],
            [
              -64.66581294171615,
              60.106594732948146
            ],
            [
              -64.6678132540085,
              60.11078922829938
            ],
            [
              -64.66353545634223,
              60.113150270627486
            ],
            [
              -64.63939362166332,
              60.11331640422501
            ],
            [
              -64.63908756174185,
              60.105177534457155
            ],
            [
              -64.63472585379384,
              60.10501085654615
            ],
            [
              -64.59947227236414,
              60.117343941566844
            ],
            [
              -64.586720983634,
              60.116510295792686
            ],
            [
              -64.5804141792795,
              60.13151061237109
            ],
            [
              -64.59902792690463,
              60.13539976529562
            ],
            [
              -64.60494537131747,
              60.14359415793296
            ],
            [
              -64.59210974446879,
              60.152344468071945
            ],
            [
              -64.60708450287115,
              60.16023338846253
            ],
            [
              -64.59419318770989,
              60.16601136932
            ],
            [
              -64.61069621250624,
              60.17092781839112
            ],
            [
              -64.62764398168667,
              60.16742774865195
            ],
            [
              -64.66728840456513,
              60.17042753398162
            ],
            [
              -64.67200763526971,
              60.17670501446321
            ],
            [
              -64.69289158011867,
              60.18267834152453
            ],
            [
              -64.698557556443,
              60.18073422820295
            ],
            [
              -64.70064295757885,
              60.17265148538573
            ],
            [
              -64.72636033703652,
              60.17315284880903
            ],
            [
              -64.72711158959191,
              60.16520889303694
            ],
            [
              -64.75544015076713,
              60.171432271937675
            ],
            [
              -64.74602342386002,
              60.17418166542806
            ],
            [
              -64.7421899028382,
              60.18109751317738
            ],
            [
              -64.75015989311143,
              60.18859725469417
            ],
            [
              -64.78252259333044,
              60.19729254772767
            ],
            [
              -64.79221689064362,
              60.20751473045827
            ],
            [
              -64.8218030732602,
              60.2123777751926
            ],
            [
              -64.83263690235707,
              60.225323421150726
            ],
            [
              -64.85230291920139,
              60.22643500177128
            ],
            [
              -64.85224721622939,
              60.23699086377033
            ],
            [
              -64.8471360573412,
              60.24082421225853
            ],
            [
              -64.85355246637474,
              60.242657831273526
            ],
            [
              -64.85405221746493,
              60.25135221908217
            ],
            [
              -64.84991290177247,
              60.25282418632322
            ],
            [
              -64.85891167738508,
              60.2589628346805
            ],
            [
              -64.85904944796846,
              60.26418444916971
            ],
            [
              -64.83832602756591,
              60.27229415644556
            ],
            [
              -64.8166865233993,
              60.26682081946177
            ],
            [
              -64.80298917127347,
              60.276513398711984
            ],
            [
              -64.78620968992446,
              60.27765092823052
            ],
            [
              -64.78145881134915,
              60.28306725385725
            ],
            [
              -64.7368166641035,
              60.289259158530484
            ],
            [
              -64.72481627088486,
              60.28034230798234
            ],
            [
              -64.7065657476655,
              60.2793144203288
            ],
            [
              -64.70075958989439,
              60.28756449524708
            ],
            [
              -64.6822031706395,
              60.29775893765679
            ],
            [
              -64.5989887165724,
              60.297450308632
            ],
            [
              -64.57112703952089,
              60.31136553660856
            ],
            [
              -64.53577394584403,
              60.30170367254221
            ],
            [
              -64.53063681599916,
              60.29592670812041
            ],
            [
              -64.52232458264628,
              60.29952820565719
            ],
            [
              -64.53125435753307,
              60.30896303433304
            ],
            [
              -64.62353641006631,
              60.34418474443698
            ],
            [
              -64.66165466497155,
              60.34336792644179
            ],
            [
              -64.67420836630967,
              60.35092813284806
            ],
            [
              -64.69679408657272,
              60.35293212948918
            ],
            [
              -64.73094584004018,
              60.36551325883941
            ],
            [
              -64.840647888639,
              60.37250184780703
            ],
            [
              -64.8523709755791,
              60.36966621725215
            ],
            [
              -64.85550784496549,
              60.35961404023232
            ],
            [
              -64.82898759320828,
              60.34026564707064
            ],
            [
              -64.84277679226558,
              60.32945624271576
            ],
            [
              -64.85560507220853,
              60.3018558458041
            ],
            [
              -64.86987405618297,
              60.298127230100675
            ],
            [
              -64.86270991894872,
              60.29765847723358
            ],
            [
              -64.86239988740796,
              60.29364054486295
            ],
            [
              -64.86927970190573,
              60.28803201916478
            ],
            [
              -64.91809599482498,
              60.28017801121487
            ],
            [
              -64.93033946618006,
              60.269386047893164
            ],
            [
              -64.94782233193651,
              60.26924081244398
            ],
            [
              -64.95019380617512,
              60.26117112962379
            ],
            [
              -64.95987359797854,
              60.25624364291733
            ],
            [
              -64.94804570845936,
              60.223885342156045
            ],
            [
              -64.96064199678767,
              60.20142770471701
            ],
            [
              -64.95865558958805,
              60.19826751346735
            ],
            [
              -64.96606819727364,
              60.19228090871529
            ],
            [
              -64.96215948345787,
              60.191468356735896
            ],
            [
              -64.96534202756712,
              60.17853133043038
            ],
            [
              -64.97833573269975,
              60.172284388513326
            ],
            [
              -64.99899355832011,
              60.176852722429324
            ],
            [
              -65.0057454246125,
              60.16991141360174
            ],
            [
              -65.00164444762221,
              60.1682058135428
            ],
            [
              -64.99212201238768,
              60.168076733769155
            ],
            [
              -64.99100870180703,
              60.167213011715084
            ],
            [
              -65.00914019102834,
              60.15913183349371
            ],
            [
              -65.03970396599642,
              60.12378893136751
            ],
            [
              -65.14135386588153,
              60.063815003080414
            ],
            [
              -65.13854949130307,
              60.05065720489531
            ],
            [
              -65.13291186343079,
              60.04690720868038
            ],
            [
              -65.13842368425566,
              60.040902006966355
            ],
            [
              -65.13867956414435,
              60.028851779807624
            ],
            [
              -65.19183072344619,
              59.97814669959479
            ],
            [
              -65.19917588264877,
              59.977784988372214
            ],
            [
              -65.20732393045493,
              59.97006170942244
            ],
            [
              -65.20265350851922,
              59.961456986715845
            ],
            [
              -65.21276769758794,
              59.94781288114601
            ],
            [
              -65.23065500363887,
              59.939660181903456
            ],
            [
              -65.22889996912531,
              59.932396880249954
            ],
            [
              -65.23561499842603,
              59.92595070445731
            ],
            [
              -65.24155804770716,
              59.922652610987164
            ],
            [
              -65.24377560107905,
              59.92652810630315
            ],
            [
              -65.2599974681247,
              59.925561704792806
            ],
            [
              -65.26316727682996,
              59.91880407606072
            ],
            [
              -65.25548501205186,
              59.91493103388559
            ],
            [
              -65.3113518402861,
              59.88215769528459
            ],
            [
              -65.33488895344787,
              59.880294487494794
            ],
            [
              -65.33715723638736,
              59.86024675950041
            ],
            [
              -65.38818454953244,
              59.84777445496726
            ],
            [
              -65.3896820904001,
              59.840104257186596
            ],
            [
              -65.42907921680887,
              59.821733393378864
            ],
            [
              -65.4610179774388,
              59.817930084172424
            ],
            [
              -65.47618632519207,
              59.79955905699356
            ],
            [
              -65.4927420247463,
              59.792715149893795
            ],
            [
              -65.51207357553186,
              59.76678054986676
            ],
            [
              -65.55780832495438,
              59.741570739205685
            ],
            [
              -65.55311469174394,
              59.7304834512516
            ],
            [
              -65.56690170395171,
              59.72250605710906
            ],
            [
              -65.5495219398543,
              59.70819985417679
            ],
            [
              -65.56252341017665,
              59.70464875348578
            ],
            [
              -65.5583756334078,
              59.69547337170136
            ],
            [
              -65.56552143801902,
              59.690508254027364
            ],
            [
              -65.53135938331303,
              59.67352725927555
            ],
            [
              -65.53661456151208,
              59.662896338098044
            ],
            [
              -65.5029788537565,
              59.64302676804413
            ],
            [
              -65.50284954810198,
              59.637214553478834
            ],
            [
              -65.49232747395261,
              59.631855565231625
            ],
            [
              -65.48087147646595,
              59.61742234011962
            ],
            [
              -65.45997066795725,
              59.61372965630709
            ],
            [
              -65.45674346159655,
              59.60442426947955
            ],
            [
              -65.44138787949323,
              59.590725064538226
            ],
            [
              -65.4373585398416,
              59.57213570381833
            ],
            [
              -65.47042875958498,
              59.5359596583929
            ],
            [
              -65.47809753201717,
              59.53682875727698
            ],
            [
              -65.47381271066402,
              59.532068352920845
            ],
            [
              -65.50064220620894,
              59.50118286417066
            ],
            [
              -65.51569440154807,
              59.49905023956336
            ],
            [
              -65.50838498067158,
              59.49225839608594
            ],
            [
              -65.52081131326551,
              59.48424543696702
            ],
            [
              -65.52992765252938,
              59.46753686307552
            ],
            [
              -65.56000704501065,
              59.45179813672323
            ],
            [
              -65.5738503283519,
              59.45491404766433
            ],
            [
              -65.56457798975437,
              59.44940465236529
            ],
            [
              -65.57015008888513,
              59.44653939593399
            ],
            [
              -65.60091719520446,
              59.44592485105573
            ],
            [
              -65.60142729782704,
              59.44008471746416
            ],
            [
              -65.58953306235469,
              59.43715862749078
            ],
            [
              -65.63347377692679,
              59.41250542987782
            ],
            [
              -65.64655652440287,
              59.4104737433269
            ],
            [
              -65.852915329663,
              59.28247732701898
            ],
            [
              -65.84955736407771,
              59.271606577024684
            ],
            [
              -65.86232916483665,
              59.264217224937816
            ],
            [
              -65.85899120412918,
              59.25207922581515
            ],
            [
              -65.86578469106013,
              59.242387207660045
            ],
            [
              -65.84059369022783,
              59.223720647477506
            ],
            [
              -65.79985015489959,
              59.207138384922104
            ],
            [
              -65.80710046852069,
              59.20216597722669
            ],
            [
              -65.81346426766096,
              59.1865548954871
            ],
            [
              -65.84118676734303,
              59.16434167550163
            ],
            [
              -65.83086966793142,
              59.155059577848775
            ],
            [
              -65.8363018235858,
              59.148360222027044
            ],
            [
              -65.84819102947955,
              59.13636022649547
            ],
            [
              -65.84966362921816,
              59.147054711531965
            ],
            [
              -65.8632473661309,
              59.13786026923618
            ],
            [
              -65.85324684153208,
              59.13511017423189
            ],
            [
              -65.85374676325215,
              59.13030465473426
            ],
            [
              -65.92499787843359,
              59.057386813426525
            ],
            [
              -65.91705472820153,
              59.04952579084904
            ],
            [
              -65.92415962585527,
              59.035917293276746
            ],
            [
              -65.91764419258784,
              59.0217243950175
            ],
            [
              -65.92319618912897,
              59.013501473031766
            ],
            [
              -65.93029568909827,
              59.01268128375397
            ],
            [
              -65.93135160259357,
              59.00338028978163
            ],
            [
              -65.92311272362775,
              58.99927517259105
            ],
            [
              -65.9231782370165,
              58.993062978958726
            ],
            [
              -65.93733988233612,
              58.98559838181245
            ],
            [
              -65.93299520080805,
              58.97918306928008
            ],
            [
              -65.94291669796618,
              58.96844270791637
            ],
            [
              -65.94979881659461,
              58.97495809038945
            ],
            [
              -65.96510155220749,
              58.97531485200494
            ],
            [
              -65.97506578049793,
              58.985073783721866
            ],
            [
              -65.99082025301882,
              58.982653795041806
            ],
            [
              -65.99516676638274,
              58.977786090427465
            ],
            [
              -66.02547255053095,
              58.978995066712585
            ],
            [
              -66.03128270388362,
              58.97760947841101
            ],
            [
              -66.02993092092586,
              58.97398126607983
            ],
            [
              -66.03846524397177,
              58.9776282652139
            ],
            [
              -66.05663821271875,
              58.96743508767408
            ],
            [
              -66.03926234509115,
              58.9562342720173
            ],
            [
              -66.0317607997459,
              58.94540218912314
            ],
            [
              -65.97761085547481,
              58.93551107761175
            ],
            [
              -65.96182397869072,
              58.95486877701645
            ],
            [
              -65.95253100902421,
              58.95802628959314
            ],
            [
              -65.99010514586539,
              58.916379145318125
            ],
            [
              -66.05721780659695,
              58.88681156844518
            ],
            [
              -66.05874973997075,
              58.88407857112361
            ],
            [
              -66.05401342199693,
              58.88462644731099
            ],
            [
              -66.0950878661861,
              58.86132541278863
            ],
            [
              -66.12560778424145,
              58.86112914591744
            ],
            [
              -66.13716486793676,
              58.86826987432429
            ],
            [
              -66.14728034651439,
              58.86101695730004
            ],
            [
              -66.3538316907494,
              58.858866360242075
            ],
            [
              -66.3711693080443,
              58.86704815058281
            ],
            [
              -66.45890308154026,
              58.85708805704661
            ],
            [
              -66.4731272366188,
              58.86629425757682
            ],
            [
              -66.48561578696375,
              58.856993947266005
            ],
            [
              -66.48315364943758,
              58.85260444488858
            ],
            [
              -66.49382914843565,
              58.83801396608815
            ],
            [
              -66.49655155946257,
              58.81813792397517
            ],
            [
              -66.50270675798454,
              58.81711485269234
            ],
            [
              -66.50037166336924,
              58.81137645617218
            ],
            [
              -66.52081500323398,
              58.80324563874716
            ],
            [
              -66.49482007868397,
              58.78051473416836
            ],
            [
              -66.49634501070597,
              58.765309218563196
            ],
            [
              -66.51598191887649,
              58.75397483083062
            ],
            [
              -66.5199796530464,
              58.739640454241155
            ],
            [
              -66.52697215282424,
              58.73771433884045
            ],
            [
              -66.52822492466761,
              58.731266744140804
            ],
            [
              -66.53781351657041,
              58.72950812268179
            ],
            [
              -66.54247879534418,
              58.71816572637888
            ],
            [
              -66.55106745872206,
              58.71550312085535
            ],
            [
              -66.54792631315671,
              58.704074433769236
            ],
            [
              -66.57452826891385,
              58.67999052051266
            ],
            [
              -66.57299156683412,
              58.676028930148526
            ],
            [
              -66.58252394579138,
              58.67505481877056
            ],
            [
              -66.57966487543949,
              58.66448681376278
            ],
            [
              -66.65717593204552,
              58.642155149191346
            ],
            [
              -66.68632940243609,
              58.64197623331725
            ],
            [
              -66.66589001240543,
              58.601800924759374
            ],
            [
              -66.6795039726724,
              58.59694993385728
            ],
            [
              -66.69034068811597,
              58.576868055456636
            ],
            [
              -66.70445843253893,
              58.58078822644822
            ],
            [
              -66.69606923962588,
              58.5682840333975
            ],
            [
              -66.70254499656215,
              58.56071560442135
            ],
            [
              -66.70021690104991,
              58.55585692198519
            ],
            [
              -66.73685232030472,
              58.51593004375477
            ],
            [
              -66.78685372458179,
              58.49798790940844
            ],
            [
              -66.7982869173064,
              58.50607551491194
            ],
            [
              -66.93480505628003,
              58.515851489856
            ],
            [
              -66.98117213237907,
              58.5016185769798
            ],
            [
              -67.01460419005505,
              58.506172864444686
            ],
            [
              -67.0129606112538,
              58.49616211245219
            ],
            [
              -67.02159857791712,
              58.48711628824877
            ],
            [
              -67.01809491022556,
              58.47616820621376
            ],
            [
              -67.02793873328578,
              58.46609696986581
            ],
            [
              -67.04676898677428,
              58.46168337483514
            ],
            [
              -67.05103463558963,
              58.45270337676879
            ],
            [
              -67.08520815207238,
              58.45282907074436
            ],
            [
              -67.10220892907412,
              58.44203610410029
            ],
            [
              -67.11816548817839,
              58.41813196911635
            ],
            [
              -67.1978246509136,
              58.40056958484255
            ],
            [
              -67.20001328785514,
              58.38275287991016
            ],
            [
              -67.22622115272425,
              58.36296768303147
            ],
            [
              -67.25296648025233,
              58.35609216448685
            ],
            [
              -67.27810149440596,
              58.36092587121805
            ],
            [
              -67.30448369307311,
              58.35670737295967
            ],
            [
              -67.34057595108176,
              58.33687235675939
            ],
            [
              -67.36416844050355,
              58.31434164265962
            ],
            [
              -67.38819166042325,
              58.312465780714334
            ],
            [
              -67.40984944712308,
              58.3263582494979
            ],
            [
              -67.44023542563473,
              58.33250481419279
            ],
            [
              -67.42207351046063,
              58.34565356014095
            ],
            [
              -67.43496567771942,
              58.352882363495624
            ],
            [
              -67.43370885260197,
              58.356526457916985
            ],
            [
              -67.39991804962175,
              58.35017004730694
            ],
            [
              -67.40232904916232,
              58.35479937071708
            ],
            [
              -67.39790070133088,
              58.35513245089026
            ],
            [
              -67.40236248746201,
              58.35732608098096
            ],
            [
              -67.39759711899197,
              58.362117089631916
            ],
            [
              -67.40828538880636,
              58.36479047757833
            ],
            [
              -67.41720270993365,
              58.376821055559816
            ],
            [
              -67.43354730971382,
              58.3669351610129
            ],
            [
              -67.43910333607464,
              58.35825456892926
            ],
            [
              -67.44982662130869,
              58.355683445323685
            ],
            [
              -67.43034086295143,
              58.389773950504654
            ],
            [
              -67.44440881830373,
              58.39338445444169
            ],
            [
              -67.45034427471539,
              58.401333783087026
            ],
            [
              -67.46006489970785,
              58.40033237867734
            ],
            [
              -67.45412422432908,
              58.41026176190183
            ],
            [
              -67.46459068719741,
              58.41417127798181
            ],
            [
              -67.45744523307772,
              58.42206289203063
            ],
            [
              -67.466560174236,
              58.442252656851934
            ],
            [
              -67.4818372371953,
              58.455352986737914
            ],
            [
              -67.50327173311213,
              58.46277147583606
            ],
            [
              -67.51961268380728,
              58.46088537812406
            ],
            [
              -67.53022454896127,
              58.44928239157949
            ],
            [
              -67.53333231275796,
              58.436080373104204
            ],
            [
              -67.52939112809021,
              58.42735475731797
            ],
            [
              -67.53397762087572,
              58.417311772124336
            ],
            [
              -67.54529003177515,
              58.40964634696598
            ],
            [
              -67.54925981384798,
              58.39567137137956
            ],
            [
              -67.54350574314219,
              58.393265375309866
            ],
            [
              -67.55103403283142,
              58.38899601762527
            ],
            [
              -67.56820733014527,
              58.40694587395845
            ],
            [
              -67.54953830538828,
              58.40806575266643
            ],
            [
              -67.54056025930349,
              58.42294147750426
            ],
            [
              -67.55201123576394,
              58.43704127861383
            ],
            [
              -67.57126763798868,
              58.437783387081396
            ],
            [
              -67.56547880146628,
              58.43712708719641
            ],
            [
              -67.57418864371752,
              58.433395570531005
            ],
            [
              -67.56804940484705,
              58.431001054475665
            ],
            [
              -67.59569076498876,
              58.43499027501513
            ],
            [
              -67.61623287107184,
              58.4298185748225
            ],
            [
              -67.6203236112139,
              58.4247481311631
            ],
            [
              -67.66027941949532,
              58.445432622047264
            ],
            [
              -67.66247492321288,
              58.46082586358136
            ],
            [
              -67.70266027344951,
              58.4715132474084
            ],
            [
              -67.70182679974147,
              58.47702995900928
            ],
            [
              -67.728641136556,
              58.48962478745896
            ],
            [
              -67.76098077145542,
              58.50001114949822
            ],
            [
              -67.91874489692121,
              58.531369605636925
            ],
            [
              -67.95249496944088,
              58.55006298347084
            ],
            [
              -67.95598851210052,
              58.55991107737613
            ],
            [
              -67.95303125812366,
              58.56220638471057
            ],
            [
              -67.96514220349601,
              58.57256877338604
            ],
            [
              -67.98783301874471,
              58.57788018119085
            ],
            [
              -68.00000084641495,
              58.59046118909149
            ],
            [
              -68.02478132557287,
              58.5876506649855
            ],
            [
              -68.04154358391241,
              58.57309454792818
            ],
            [
              -68.06555348141418,
              58.57586835942225
            ],
            [
              -68.09373758776849,
              58.57110056599677
            ],
            [
              -68.18346296401421,
              58.57328570624002
            ],
            [
              -68.20740303105767,
              58.58072388120928
            ],
            [
              -68.2210600383592,
              58.57681826334897
            ],
            [
              -68.24323342153171,
              58.58323347226914
            ],
            [
              -68.24239716928861,
              58.59226795223017
            ],
            [
              -68.26104504774958,
              58.613090274753056
            ],
            [
              -68.26894622640187,
              58.61556894574325
            ],
            [
              -68.27392206201102,
              58.62772415182883
            ],
            [
              -68.27421489007344,
              58.63531445160083
            ],
            [
              -68.26646970088919,
              58.63610478194259
            ],
            [
              -68.27035142419776,
              58.641472148364784
            ],
            [
              -68.26117988499918,
              58.65512817207845
            ],
            [
              -68.26945480453095,
              58.663396759650865
            ],
            [
              -68.27130680407893,
              58.669553190221535
            ],
            [
              -68.26701709672525,
              58.67331058875195
            ],
            [
              -68.27808383902747,
              58.6782185848841
            ],
            [
              -68.2723755555924,
              58.69422796372024
            ],
            [
              -68.27722851613643,
              58.70618115378357
            ],
            [
              -68.27179813421571,
              58.71731895710848
            ],
            [
              -68.27597086384763,
              58.724236496677165
            ],
            [
              -68.26193957539144,
              58.736315482386544
            ],
            [
              -68.27915591964911,
              58.75192776840551
            ],
            [
              -68.2593737436121,
              58.819002490921584
            ],
            [
              -68.31388090968048,
              58.857765789030665
            ],
            [
              -68.34854325450067,
              58.87406700551451
            ],
            [
              -68.41190644003424,
              58.88621670359526
            ],
            [
              -68.43656566920217,
              58.9071076778735
            ],
            [
              -68.54807024005818,
              58.940801392461616
            ],
            [
              -68.74952030710199,
              58.934484577829146
            ],
            [
              -68.89201605040397,
              58.92392561574937
            ],
            [
              -68.96712656870993,
              58.99391534314838
            ],
            [
              -68.96042209736812,
              59.00526758852979
            ],
            [
              -68.97547099432477,
              59.024227303901235
            ],
            [
              -68.985096351759,
              59.02667027180386
            ],
            [
              -68.98784977564885,
              59.032000167241335
            ],
            [
              -69.00375692807287,
              59.02929266440176
            ],
            [
              -69.04841131467172,
              59.0704000929306
            ],
            [
              -69.04520508558484,
              59.08728258173699
            ],
            [
              -69.06306754641665,
              59.0961484969842
            ],
            [
              -69.06558738049337,
              59.110896499369225
            ],
            [
              -69.07334164977947,
              59.110689581070154
            ],
            [
              -69.07005331826056,
              59.10248368736742
            ],
            [
              -69.07812217990401,
              59.1039241952218
            ],
            [
              -69.08339623821979,
              59.119100789549854
            ],
            [
              -69.09246409337591,
              59.12850687616369
            ],
            [
              -69.11712554690416,
              59.143053502728264
            ],
            [
              -69.13086959243054,
              59.16973028089284
            ],
            [
              -69.21020996851139,
              59.22868417488409
            ],
            [
              -69.21842752770752,
              59.24079207678708
            ],
            [
              -69.21758734631749,
              59.255014216227984
            ],
            [
              -69.22811005442335,
              59.26651178698455
            ],
            [
              -69.22538363485634,
              59.278050805226336
            ],
            [
              -69.20776996373608,
              59.28118071517643
            ],
            [
              -69.2184105912578,
              59.288075680471984
            ],
            [
              -69.21399831212148,
              59.29352281117121
            ],
            [
              -69.2164153656815,
              59.29728639945554
            ],
            [
              -69.23242769499971,
              59.307686501901
            ],
            [
              -69.23295264692696,
              59.3270775087969
            ],
            [
              -69.2374139042603,
              59.33007280292999
            ],
            [
              -69.23310543447322,
              59.330524389131526
            ],
            [
              -69.23242059937725,
              59.34627732671025
            ],
            [
              -69.31776140516591,
              59.361457223088
            ],
            [
              -69.33614055133306,
              59.35628379490436
            ],
            [
              -69.39065546275921,
              59.363446602604895
            ],
            [
              -69.40182581014199,
              59.367579290599814
            ],
            [
              -69.40245768189433,
              59.37803621160527
            ],
            [
              -69.56779373484127,
              59.4540633999259
            ],
            [
              -69.57118204713933,
              59.45989169636951
            ],
            [
              -69.60196015853228,
              59.46093731832031
            ],
            [
              -69.62880897188847,
              59.47340008753209
            ],
            [
              -69.62673905761031,
              59.49141399736909
            ],
            [
              -69.6359940617409,
              59.49930601079182
            ],
            [
              -69.63117019141418,
              59.51135222314791
            ],
            [
              -69.63713530149252,
              59.51485289326513
            ],
            [
              -69.63424487022833,
              59.521595087030775
            ],
            [
              -69.63939126483608,
              59.52427912109897
            ],
            [
              -69.63741812864038,
              59.528774003610906
            ],
            [
              -69.59238935748705,
              59.55802611914718
            ],
            [
              -69.54309060080553,
              59.56892642305066
            ],
            [
              -69.54047857039788,
              59.58766803796894
            ],
            [
              -69.49705072578585,
              59.6093075196878
            ],
            [
              -69.49644529812777,
              59.62036573478249
            ],
            [
              -69.48338561405104,
              59.631165716314925
            ],
            [
              -69.4899122843408,
              59.66193414204968
            ],
            [
              -69.48511101884652,
              59.67281554928014
            ],
            [
              -69.51099646523711,
              59.69470611442949
            ],
            [
              -69.54008848305806,
              59.744053341097384
            ],
            [
              -69.53248108572805,
              59.75063832001511
            ],
            [
              -69.53175616649335,
              59.757991955749205
            ],
            [
              -69.47752377954858,
              59.78916585576625
            ],
            [
              -69.47005313286039,
              59.799763324060955
            ],
            [
              -69.50152370307481,
              59.79675183759945
            ],
            [
              -69.50423615615469,
              59.802896040087454
            ],
            [
              -69.5178189945627,
              59.806386746914924
            ],
            [
              -69.52870762681945,
              59.816779939503874
            ],
            [
              -69.527342786884,
              59.82801832263097
            ],
            [
              -69.51199315907778,
              59.8406278384111
            ],
            [
              -69.50690038539143,
              59.8577514542383
            ],
            [
              -69.49957262231565,
              59.8652646512296
            ],
            [
              -69.48763478550585,
              59.86783383192039
            ],
            [
              -69.48997245020512,
              59.872464126275325
            ],
            [
              -69.51059968091741,
              59.884269845632
            ],
            [
              -69.57761672536053,
              59.89305346095961
            ],
            [
              -69.62034739001972,
              59.90699323568085
            ],
            [
              -69.62588925015349,
              59.91852744257001
            ],
            [
              -69.62643490511833,
              59.92339245201236
            ],
            [
              -69.61389987153807,
              59.92923695504049
            ],
            [
              -69.61704095366065,
              59.93429086740277
            ],
            [
              -69.61086573260636,
              59.938525631037905
            ],
            [
              -69.62075969055154,
              59.94279376407084
            ],
            [
              -69.62033155236712,
              59.95616104335671
            ],
            [
              -69.5912987674022,
              59.960691849879815
            ],
            [
              -69.55768565140822,
              60.07182278465798
            ],
            [
              -69.56085264720583,
              60.07457735179873
            ],
            [
              -69.54786969618158,
              60.0855307843187
            ],
            [
              -69.5496855498188,
              60.09113844777882
            ],
            [
              -69.54268551118284,
              60.09395128430653
            ],
            [
              -69.56324174581528,
              60.10488955356438
            ],
            [
              -69.56597385116888,
              60.112574573184745
            ],
            [
              -69.59011814453216,
              60.117915364778504
            ],
            [
              -69.58591217082741,
              60.13202637826315
            ],
            [
              -69.5598066657386,
              60.15405757331378
            ],
            [
              -69.56809068786286,
              60.16395456093057
            ],
            [
              -69.59187525308464,
              60.16929147453543
            ],
            [
              -69.58817356804272,
              60.1796908666493
            ],
            [
              -69.59292230327394,
              60.18068956256389
            ],
            [
              -69.59043677314331,
              60.18699408024797
            ],
            [
              -69.59732946701418,
              60.1991696811277
            ],
            [
              -69.5884415875518,
              60.208580592342955
            ],
            [
              -69.59292996712328,
              60.21255127354498
            ],
            [
              -69.58381546349598,
              60.22153447372808
            ],
            [
              -69.58970107890447,
              60.22697156601411
            ],
            [
              -69.58627428556126,
              60.22801649024091
            ],
            [
              -69.61852890091566,
              60.229412354154135
            ],
            [
              -69.63884871892355,
              60.24313289666639
            ],
            [
              -69.62758266750969,
              60.24657617241371
            ],
            [
              -69.63424109182615,
              60.24916377340323
            ],
            [
              -69.63055425964168,
              60.25198989780617
            ],
            [
              -69.64395224885634,
              60.25419387050471
            ],
            [
              -69.63582136384429,
              60.257813796149854
            ],
            [
              -69.67088556196488,
              60.33402360390679
            ],
            [
              -69.66790040875172,
              60.34113758667983
            ],
            [
              -69.66262008043847,
              60.34118877888494
            ],
            [
              -69.66710277960146,
              60.34243438883027
            ],
            [
              -69.66174537339501,
              60.356340198322194
            ],
            [
              -69.67222324102762,
              60.36296386353786
            ],
            [
              -69.68981906133483,
              60.39241148859294
            ],
            [
              -69.69890210053406,
              60.39370928436733
            ],
            [
              -69.70614351542199,
              60.40464329610152
            ],
            [
              -69.71723983289839,
              60.408441111029425
            ],
            [
              -69.72476126623432,
              60.434237871121894
            ],
            [
              -69.73223315390419,
              60.43665910205989
            ],
            [
              -69.70862272674995,
              60.4510590712865
            ],
            [
              -69.71253437167584,
              60.452351491256444
            ],
            [
              -69.7086669381339,
              60.4533929154997
            ],
            [
              -69.7110275342952,
              60.460565897069834
            ],
            [
              -69.67489283931727,
              60.543409687048964
            ],
            [
              -69.65270103823278,
              60.55439760989821
            ],
            [
              -69.64903906535598,
              60.55913202547042
            ],
            [
              -69.65263504005574,
              60.56621309598129
            ],
            [
              -69.6371096814638,
              60.57433369231311
            ],
            [
              -69.63239408307436,
              60.57239340631471
            ],
            [
              -69.63663063927251,
              60.57446489834327
            ],
            [
              -69.620909911659,
              60.58301600372078
            ],
            [
              -69.62500726106042,
              60.58677360690858
            ],
            [
              -69.62190825364009,
              60.59283902657981
            ],
            [
              -69.62872723507722,
              60.595515996565524
            ],
            [
              -69.62673509972075,
              60.59886309594653
            ],
            [
              -69.6482214726517,
              60.620628097115144
            ],
            [
              -69.64317843153576,
              60.62772552195325
            ],
            [
              -69.64836745411009,
              60.629480909915934
            ],
            [
              -69.64552565544106,
              60.63322411136468
            ],
            [
              -69.6679984555755,
              60.6533784263435
            ],
            [
              -69.67466934766489,
              60.67319041588945
            ],
            [
              -69.64905352724114,
              60.69805962312075
            ],
            [
              -69.64125509813267,
              60.700279701618506
            ],
            [
              -69.64244820530867,
              60.70436630594357
            ],
            [
              -69.5604279832148,
              60.71901014337934
            ],
            [
              -69.52723217189894,
              60.753492414752536
            ],
            [
              -69.50703536348938,
              60.75074133826501
            ],
            [
              -69.49923865486366,
              60.76244281761609
            ],
            [
              -69.45267869256267,
              60.77138044617307
            ],
            [
              -69.4415580833304,
              60.782313430577155
            ],
            [
              -69.4258326060513,
              60.78051102600364
            ],
            [
              -69.41706738507831,
              60.78643095686602
            ],
            [
              -69.3710369322021,
              60.79673782151561
            ],
            [
              -69.35665573754866,
              60.81434674163907
            ],
            [
              -69.37606580303239,
              60.826093250973
            ],
            [
              -69.37953136188227,
              60.83442864659372
            ],
            [
              -69.37178675268672,
              60.85520004275036
            ],
            [
              -69.38919318448853,
              60.86818956026683
            ],
            [
              -69.38918649153257,
              60.87484804086467
            ],
            [
              -69.37593791637872,
              60.886020039361796
            ],
            [
              -69.37838004028066,
              60.89753756030297
            ],
            [
              -69.37308826603754,
              60.904646758137524
            ],
            [
              -69.37555138122723,
              60.91156755666524
            ],
            [
              -69.37006859446848,
              60.91594523926183
            ],
            [
              -69.37338809979092,
              60.92127564961485
            ],
            [
              -69.39512923988872,
              60.93006304958807
            ],
            [
              -69.42115070107032,
              60.95252567062032
            ],
            [
              -69.44602342504442,
              60.957928039169026
            ],
            [
              -69.45460126534722,
              60.986008346349976
            ],
            [
              -69.4678293531504,
              60.99156814034748
            ],
            [
              -69.46322472189699,
              60.99662323897075
            ],
            [
              -69.46668233442463,
              61.0027681413874
            ],
            [
              -69.48175290591308,
              61.013684154790596
            ],
            [
              -69.48477413721848,
              61.03837174886961
            ],
            [
              -69.50345187934654,
              61.06802196679378
            ],
            [
              -69.55138464261613,
              61.079107255962015
            ],
            [
              -69.56696528324231,
              61.07689885417576
            ],
            [
              -69.59388845710596,
              61.08182476958915
            ],
            [
              -69.61330187328456,
              61.0786090755661
            ],
            [
              -69.61053848292305,
              61.06551473851227
            ],
            [
              -69.64937928248936,
              61.054239966033435
            ],
            [
              -69.64978968271357,
              61.04216857194782
            ],
            [
              -69.68332131254675,
              61.016473123386724
            ],
            [
              -69.69720268836157,
              60.99557424099845
            ],
            [
              -69.69667182288862,
              60.98795684034121
            ],
            [
              -69.68463791343662,
              60.981328750211674
            ],
            [
              -69.67921036587163,
              60.96192152469052
            ],
            [
              -69.68505315035799,
              60.954974726848
            ],
            [
              -69.68217848613457,
              60.94296723388678
            ],
            [
              -69.76217937483614,
              60.91827325361647
            ],
            [
              -69.96424449738129,
              60.94534166821062
            ],
            [
              -69.96255179425594,
              60.949162136617055
            ],
            [
              -69.95249394481242,
              60.94942193003219
            ],
            [
              -69.95652329476972,
              60.95646112850219
            ],
            [
              -69.94201041213162,
              60.96761133606024
            ],
            [
              -69.94527471727015,
              60.977809429840384
            ],
            [
              -69.95547574571941,
              60.977176839386665
            ],
            [
              -69.91117458497365,
              61.00165134828607
            ],
            [
              -69.92542844245598,
              61.0084052503315
            ],
            [
              -69.91659798078574,
              61.01613222936071
            ],
            [
              -69.92716695858113,
              61.02262091652515
            ],
            [
              -69.9208174420584,
              61.03057931847781
            ],
            [
              -69.93472087047807,
              61.03181305504604
            ],
            [
              -69.94929304250437,
              61.04093705528665
            ],
            [
              -69.97079797563944,
              61.03201791565756
            ],
            [
              -69.98343286331733,
              61.03220005118019
            ],
            [
              -69.98255579361019,
              61.02427804051229
            ],
            [
              -69.98869101789747,
              61.02154041702984
            ],
            [
              -69.98189850557976,
              61.01380854960948
            ],
            [
              -70.02366586157638,
              60.99779153655403
            ],
            [
              -69.9980057099148,
              60.960329127227496
            ],
            [
              -69.99070172800614,
              60.95639493416264
            ],
            [
              -69.99152906614896,
              60.94897209246921
            ],
            [
              -70.06507295456497,
              60.95872839345726
            ],
            [
              -70.07523390915553,
              60.97110750615936
            ],
            [
              -70.07573222355335,
              60.96013892316398
            ],
            [
              -70.08625355847721,
              60.96153031787417
            ],
            [
              -70.11604319504085,
              60.9871635139798
            ],
            [
              -70.14629542609671,
              61.00242693914071
            ],
            [
              -70.15405563103488,
              61.0112156336135
            ],
            [
              -70.14484548383122,
              61.02854721251345
            ],
            [
              -70.1156980091007,
              61.042204550873414
            ],
            [
              -70.10580684559709,
              61.05363435227462
            ],
            [
              -70.10590755625377,
              61.069193227646
            ],
            [
              -70.1300508716892,
              61.090803921601044
            ],
            [
              -70.14318547709071,
              61.08798623883337
            ],
            [
              -70.15393370249882,
              61.091539331721684
            ],
            [
              -70.23990709015074,
              61.09267733340992
            ],
            [
              -70.25996244219884,
              61.099015846169664
            ],
            [
              -70.3027534857102,
              61.101193950653226
            ],
            [
              -70.66835152416161,
              61.055632225837854
            ],
            [
              -70.68606547248429,
              61.05803943032391
            ],
            [
              -70.68617414561358,
              61.064227094865
            ],
            [
              -70.69376559324337,
              61.0713342141798
            ],
            [
              -70.71185768893346,
              61.08056271324948
            ],
            [
              -70.73802019540685,
              61.085100029572494
            ],
            [
              -70.8808734230697,
              61.07899358212478
            ],
            [
              -70.88638687836837,
              61.08372898831214
            ],
            [
              -70.88506696656891,
              61.08818059575848
            ],
            [
              -70.91956580641362,
              61.101982585535154
            ],
            [
              -70.91909628394218,
              61.106130013918936
            ],
            [
              -70.93232902541817,
              61.11494321914074
            ],
            [
              -70.98946387528675,
              61.128173185912495
            ],
            [
              -71.01336789202662,
              61.12855841994417
            ],
            [
              -71.04306792161287,
              61.13595252134469
            ],
            [
              -71.06375317591763,
              61.1307918840224
            ],
            [
              -71.12335696726689,
              61.13494050287184
            ],
            [
              -71.2180807145626,
              61.16257601627293
            ],
            [
              -71.26172666713919,
              61.15761610998065
            ],
            [
              -71.29441027605972,
              61.15944677174512
            ],
            [
              -71.31536955425122,
              61.15311248429529
            ],
            [
              -71.325471665078,
              61.16030781149131
            ],
            [
              -71.33969762075009,
              61.15662960256054
            ],
            [
              -71.39386583816824,
              61.16885967230211
            ],
            [
              -71.398388172441,
              61.1756609937008
            ],
            [
              -71.44475905315952,
              61.18120920718591
            ],
            [
              -71.45114650167257,
              61.18478611022184
            ],
            [
              -71.44041496267518,
              61.18906180205764
            ],
            [
              -71.44454923966018,
              61.19521130641477
            ],
            [
              -71.43162917076297,
              61.210700080320436
            ],
            [
              -71.43722309410883,
              61.215268682476434
            ],
            [
              -71.43238481040822,
              61.223139071369445
            ],
            [
              -71.53007765785111,
              61.238158799445145
            ],
            [
              -71.6070447459447,
              61.26322226526735
            ],
            [
              -71.62835055788501,
              61.28134838990556
            ],
            [
              -71.63218726747348,
              61.30184836150982
            ],
            [
              -71.60389002032369,
              61.30454500197918
            ],
            [
              -71.59522916105122,
              61.31303587909042
            ],
            [
              -71.63437194765686,
              61.313509428421106
            ],
            [
              -71.63661674192886,
              61.32548301335589
            ],
            [
              -71.56358546577982,
              61.40765610061406
            ],
            [
              -71.56524655977974,
              61.54529989929676
            ],
            [
              -71.51969987258501,
              61.57832059608685
            ],
            [
              -71.51506929478882,
              61.59027631330231
            ],
            [
              -71.51986342865698,
              61.59395613740546
            ],
            [
              -71.50887006545845,
              61.60313323866159
            ],
            [
              -71.51420061031415,
              61.610689443069305
            ],
            [
              -71.54532255359042,
              61.61189940681519
            ],
            [
              -71.55206553724447,
              61.620267103228855
            ],
            [
              -71.57733119529756,
              61.633998810285696
            ],
            [
              -71.61065170955453,
              61.640279438357474
            ],
            [
              -71.61988595762921,
              61.64495393034727
            ],
            [
              -71.62398198313251,
              61.65348233888727
            ],
            [
              -71.64254574253134,
              61.65871210951347
            ],
            [
              -71.68701339648076,
              61.66317043193338
            ],
            [
              -71.70074590872926,
              61.66853770578041
            ],
            [
              -71.7127614037943,
              61.66668723509464
            ],
            [
              -71.81981313424042,
              61.697750215968036
            ],
            [
              -71.86119257364358,
              61.70134879442937
            ],
            [
              -71.89211809379324,
              61.697209699702846
            ],
            [
              -71.89517090682878,
              61.705576025269
            ],
            [
              -71.90587020531504,
              61.70887129706772
            ],
            [
              -72.02921602124404,
              61.72999452830621
            ],
            [
              -72.04531512839763,
              61.73938129736662
            ],
            [
              -72.0431216115207,
              61.7449390209304
            ],
            [
              -72.04661753967999,
              61.74782800901442
            ],
            [
              -72.07253913035294,
              61.75757170765928
            ],
            [
              -72.1122690314505,
              61.797899030226986
            ],
            [
              -72.13880190574963,
              61.809229110967685
            ],
            [
              -72.15941634084896,
              61.82287820316716
            ],
            [
              -72.16079732469808,
              61.82890192460512
            ],
            [
              -72.17600391762757,
              61.83403909834069
            ],
            [
              -72.18038880266464,
              61.853928119792094
            ],
            [
              -72.2097518672149,
              61.874718824177805
            ],
            [
              -72.2292609608041,
              61.88325122699411
            ],
            [
              -72.25938934049074,
              61.88340352763005
            ],
            [
              -72.26667804211677,
              61.88984151882915
            ],
            [
              -72.3286322620539,
              61.88915533093217
            ],
            [
              -72.3492774027773,
              61.895780292530915
            ],
            [
              -72.38700072765796,
              61.89474809270874
            ],
            [
              -72.41682221129851,
              61.90500799618009
            ],
            [
              -72.43882119951094,
              61.90617989926015
            ],
            [
              -72.57749874221707,
              61.976993203645236
            ],
            [
              -72.57454341392103,
              61.98195099918986
            ],
            [
              -72.58662946782077,
              61.99339399356391
            ],
            [
              -72.58195680896674,
              61.99939529427377
            ],
            [
              -72.59582053159042,
              62.01986368730167
            ],
            [
              -72.58878187802786,
              62.04646642280457
            ],
            [
              -72.58188652664558,
              62.050016095416495
            ],
            [
              -72.60781086811747,
              62.07206709000294
            ],
            [
              -72.60935201338022,
              62.07940731652878
            ],
            [
              -72.60040586520414,
              62.08361069328968
            ],
            [
              -72.60841374985291,
              62.08833051629925
            ],
            [
              -72.60045019263812,
              62.094950299210566
            ],
            [
              -72.61366571233492,
              62.11221240599558
            ],
            [
              -72.62728435582619,
              62.11356912846776
            ],
            [
              -72.64199755260256,
              62.123279219566456
            ],
            [
              -72.67446479937145,
              62.1325238327919
            ],
            [
              -72.7303952049613,
              62.14235199795506
            ],
            [
              -72.75337474174185,
              62.14380519598821
            ],
            [
              -72.78681987814232,
              62.13532389671988
            ],
            [
              -72.86543719397359,
              62.14473040975272
            ],
            [
              -72.90742262695773,
              62.16250240019143
            ],
            [
              -72.94796384873023,
              62.16850248274129
            ],
            [
              -72.98856448480257,
              62.18485151911828
            ],
            [
              -73.00000365903617,
              62.194063322312765
            ],
            [
              -73.0456293914452,
              62.201430406715915
            ],
            [
              -73.0553481374427,
              62.208546604821464
            ],
            [
              -73.08586421707405,
              62.21635581198044
            ],
            [
              -73.10275582853896,
              62.23336338153286
            ],
            [
              -73.1419909847624,
              62.24837808884268
            ],
            [
              -73.16220154617163,
              62.26271148501365
            ],
            [
              -73.16830354137134,
              62.29592752137593
            ],
            [
              -73.19175662735849,
              62.315031390764155
            ],
            [
              -73.2980809452273,
              62.334150611111596
            ],
            [
              -73.37075117514173,
              62.36376711190995
            ],
            [
              -73.38436218834104,
              62.37685461228089
            ],
            [
              -73.45901479061105,
              62.381876010005705
            ],
            [
              -73.46458586570844,
              62.38865151126792
            ],
            [
              -73.48559075709159,
              62.387699300155674
            ],
            [
              -73.58666003534253,
              62.413984806228996
            ],
            [
              -73.60033445136274,
              62.421632474153505
            ],
            [
              -73.59468048142655,
              62.4287615799975
            ],
            [
              -73.60104101044043,
              62.42921459271703
            ],
            [
              -73.63031124405809,
              62.45175919203783
            ],
            [
              -73.64999112755017,
              62.458154010560435
            ],
            [
              -73.64807413176787,
              62.462860593026576
            ],
            [
              -73.65811831095846,
              62.473995484401485
            ],
            [
              -73.67181710868442,
              62.480231814207805
            ],
            [
              -73.70722565766773,
              62.483536003696805
            ],
            [
              -73.71567721943404,
              62.47454368956696
            ],
            [
              -73.73301691507307,
              62.47754810793443
            ],
            [
              -73.793482254481,
              62.46364898480614
            ],
            [
              -73.82605377872196,
              62.46086019594756
            ],
            [
              -73.84555090260112,
              62.46495857128706
            ],
            [
              -73.86097300592716,
              62.457627798932705
            ],
            [
              -73.85896750045592,
              62.455271668848624
            ],
            [
              -73.86732317378413,
              62.44893500192844
            ],
            [
              -73.91134037706203,
              62.43265707042252
            ],
            [
              -73.91558434805586,
              62.42864799289205
            ],
            [
              -73.91228101194181,
              62.426076278856605
            ],
            [
              -73.93201562323301,
              62.410285280612904
            ],
            [
              -73.95443415300105,
              62.4040777619873
            ],
            [
              -73.9800935243517,
              62.38560218122719
            ],
            [
              -74.00197570407204,
              62.38027427369495
            ],
            [
              -74.01937863502495,
              62.36764207681185
            ],
            [
              -74.0590870887336,
              62.35755595299253
            ],
            [
              -74.1091888870545,
              62.355471364270755
            ],
            [
              -74.15215849325568,
              62.345520753285356
            ],
            [
              -74.18605865021662,
              62.343566573392984
            ],
            [
              -74.19987747100242,
              62.33303813685052
            ],
            [
              -74.25742233230676,
              62.3252162362724
            ],
            [
              -74.27344852050328,
              62.3164489507524
            ],
            [
              -74.27397535723193,
              62.30589883288918
            ],
            [
              -74.29629953590312,
              62.28711935524854
            ],
            [
              -74.33494923532854,
              62.27822464754674
            ],
            [
              -74.35238450116248,
              62.261107946285414
            ],
            [
              -74.37310347638135,
              62.26036473915415
            ],
            [
              -74.40405954800512,
              62.25025372074614
            ],
            [
              -74.5000043641232,
              62.24875322863859
            ],
            [
              -74.6077746835953,
              62.25979442288176
            ],
            [
              -74.65299656640991,
              62.252909304961804
            ],
            [
              -74.70670126334853,
              62.2555022383415
            ],
            [
              -74.80550539850267,
              62.24090082496341
            ],
            [
              -74.8650778813704,
              62.240623212781514
            ],
            [
              -74.9664042302691,
              62.26546691435182
            ],
            [
              -75.03839210532027,
              62.26752518866202
            ],
            [
              -75.05638894270372,
              62.272579583096125
            ],
            [
              -75.07665393817956,
              62.26981529678952
            ],
            [
              -75.10899045218534,
              62.28349891713137
            ],
            [
              -75.23044183282451,
              62.29853748775982
            ],
            [
              -75.28073485297465,
              62.30022918616548
            ],
            [
              -75.31688320067357,
              62.31363577925543
            ],
            [
              -75.34200755985457,
              62.316924102146025
            ],
            [
              -75.38962424627188,
              62.31257118320671
            ],
            [
              -75.40065450176375,
              62.30666259613971
            ],
            [
              -75.4110698991655,
              62.30942798578793
            ],
            [
              -75.55154032317216,
              62.29600118402724
            ],
            [
              -75.57348685891891,
              62.28752768315252
            ],
            [
              -75.63393247166177,
              62.289444666967746
            ],
            [
              -75.65873700184358,
              62.2972792652114
            ],
            [
              -75.69252485249329,
              62.29499897716105
            ],
            [
              -75.71424817175587,
              62.3046489777135
            ],
            [
              -75.78243961617008,
              62.30728204712925
            ],
            [
              -75.86472004517077,
              62.32248064472818
            ],
            [
              -75.87850511855613,
              62.33088045961405
            ],
            [
              -75.94721864911884,
              62.352413068443575
            ],
            [
              -75.9656182351383,
              62.3475111510273
            ],
            [
              -76.03481483832235,
              62.35516767172815
            ],
            [
              -76.11274551748825,
              62.37822674511897
            ],
            [
              -76.18099368016024,
              62.38548505581154
            ],
            [
              -76.22400517432789,
              62.399800540475994
            ],
            [
              -76.25451620929726,
              62.40062086380071
            ],
            [
              -76.2928169235729,
              62.4195016340769
            ],
            [
              -76.34910785821403,
              62.42050385493301
            ],
            [
              -76.39332749237397,
              62.43259813233128
            ],
            [
              -76.40607477912742,
              62.4288896423123
            ],
            [
              -76.41311452230723,
              62.43265354419853
            ],
            [
              -76.43305282715245,
              62.4246617204342
            ],
            [
              -76.45963775451554,
              62.44101394316649
            ],
            [
              -76.48225098306702,
              62.44607705925343
            ],
            [
              -76.50000524705868,
              62.44232412993932
            ],
            [
              -76.50687969170863,
              62.448093031987334
            ],
            [
              -76.54284749998278,
              62.45204955221314
            ],
            [
              -76.64347654344887,
              62.478352233400635
            ],
            [
              -76.65351210513458,
              62.48631142242839
            ],
            [
              -76.70343762790291,
              62.4946299351586
            ],
            [
              -76.71991988677962,
              62.50359804588465
            ],
            [
              -76.79696636366766,
              62.52242403982017
            ],
            [
              -76.86539872916946,
              62.52480633798593
            ],
            [
              -76.92809948407472,
              62.53802190630376
            ],
            [
              -77.0208283657975,
              62.53060799525862
            ],
            [
              -77.16330248446302,
              62.53608229521156
            ],
            [
              -77.1894535995481,
              62.54436131728215
            ],
            [
              -77.21857623455472,
              62.54043831524428
            ],
            [
              -77.2246728399762,
              62.54642419033538
            ],
            [
              -77.25401863205015,
              62.54595901654451
            ],
            [
              -77.31130961313414,
              62.557717200004
            ],
            [
              -77.34596454693745,
              62.554929213710516
            ],
            [
              -77.42330731103326,
              62.58073888500951
            ]
          ]
        ]
      }
    },
    {
      "type": "Feature",
      "properties": {
        "nom": "Saguenay—Lac-Saint-Jean"
      },
      "geometry": {
        "type": "Polygon",
        "coordinates": [
          [
            [
              -70.02989063216792,
              52.83209822811519
            ],
            [
              -70.05116329203798,
              52.83086085218711
            ],
            [
              -70.0564266496003,
              52.82661265842495
            ],
            [
              -70.0532858882257,
              52.82461396326743
            ],
            [
              -70.06042437475618,
              52.82307188580351
            ],
            [
              -70.09103384080417,
              52.828725484469594
            ],
            [
              -70.10011374521936,
              52.818560526770774
            ],
            [
              -70.12735382765794,
              52.81050843070407
            ],
            [
              -70.1270111339868,
              52.80496902396789
            ],
            [
              -70.1136484540938,
              52.806225202618
            ],
            [
              -70.11353398367099,
              52.80234212509729
            ],
            [
              -70.15596425032923,
              52.77921376244354
            ],
            [
              -70.15802018371899,
              52.75488619107704
            ],
            [
              -70.14437156089086,
              52.75785575997037
            ],
            [
              -70.13780461373621,
              52.75077446624766
            ],
            [
              -70.12301383428976,
              52.75180222891855
            ],
            [
              -70.15202398999679,
              52.73980989925081
            ],
            [
              -70.17058391465395,
              52.72650400077928
            ],
            [
              -70.17406733920049,
              52.71873742060079
            ],
            [
              -70.18937221978514,
              52.72741768222583
            ],
            [
              -70.2074180401222,
              52.71285539360029
            ],
            [
              -70.2206666479014,
              52.71097085086617
            ],
            [
              -70.22432163747634,
              52.70286184663423
            ],
            [
              -70.20176435708207,
              52.70343260652621
            ],
            [
              -70.19730999452369,
              52.67385116867117
            ],
            [
              -70.18394683607436,
              52.66928256153221
            ],
            [
              -70.18080597827499,
              52.66288663577623
            ],
            [
              -70.19908014359655,
              52.64729650999832
            ],
            [
              -70.20718944322752,
              52.653406681536666
            ],
            [
              -70.20661849592756,
              52.66277240583021
            ],
            [
              -70.22420730692066,
              52.65671901237262
            ],
            [
              -70.22906149270241,
              52.63587501936307
            ],
            [
              -70.21324303358155,
              52.623539771255615
            ],
            [
              -70.20096476545496,
              52.6283369013513
            ],
            [
              -70.1923416705007,
              52.62085572564379
            ],
            [
              -70.17892142058527,
              52.62194088427476
            ],
            [
              -70.16967010737757,
              52.60395196515786
            ],
            [
              -70.17880707693051,
              52.59504343361529
            ],
            [
              -70.19068561503279,
              52.60183907411366
            ],
            [
              -70.20170722633347,
              52.59338718656502
            ],
            [
              -70.20119328920386,
              52.58373618426805
            ],
            [
              -70.22426441540175,
              52.57933883383676
            ],
            [
              -70.23728482437463,
              52.57014469311308
            ],
            [
              -70.24271006240264,
              52.55986561151493
            ],
            [
              -70.23414400417383,
              52.559579772785206
            ],
            [
              -70.23682806861639,
              52.55381208190123
            ],
            [
              -70.22980377152601,
              52.549015179499946
            ],
            [
              -70.21872517198508,
              52.55518293874136
            ],
            [
              -70.20707530457626,
              52.55461160908324
            ],
            [
              -70.2015930187693,
              52.546787826212714
            ],
            [
              -70.20673265113072,
              52.54101992924002
            ],
            [
              -70.2042198690039,
              52.53907861006535
            ],
            [
              -70.17298241469177,
              52.54279044769614
            ],
            [
              -70.18474660268453,
              52.52828525829166
            ],
            [
              -70.18257622908448,
              52.520118941253656
            ],
            [
              -70.190171595088,
              52.51149574580161
            ],
            [
              -70.19805228289854,
              52.510125192330655
            ],
            [
              -70.2189536012897,
              52.485169398164174
            ],
            [
              -70.22369340290706,
              52.46289753994383
            ],
            [
              -70.25898559822323,
              52.45410311346634
            ],
            [
              -70.26132717872727,
              52.43994046544073
            ],
            [
              -70.27194888465026,
              52.429204416585044
            ],
            [
              -70.2798294896381,
              52.42971843837088
            ],
            [
              -70.28217088859441,
              52.42023852598596
            ],
            [
              -70.28970926428295,
              52.418982271541154
            ],
            [
              -70.28485512511475,
              52.415270396207276
            ],
            [
              -70.2730912073532,
              52.42172353951766
            ],
            [
              -70.27326248968335,
              52.4141281364693
            ],
            [
              -70.26909372394202,
              52.41218646335331
            ],
            [
              -70.23140296440387,
              52.41749752444126
            ],
            [
              -70.23500070853056,
              52.41527032300602
            ],
            [
              -70.23231646781484,
              52.40784635108367
            ],
            [
              -70.25150447645522,
              52.40253545266306
            ],
            [
              -70.2607561124941,
              52.38791616532156
            ],
            [
              -70.26783707797279,
              52.386260066838574
            ],
            [
              -70.26115583732299,
              52.37421029042362
            ],
            [
              -70.2786877658185,
              52.353080730885594
            ],
            [
              -70.28622563011487,
              52.35816334331252
            ],
            [
              -70.29787549946236,
              52.347883995477666
            ],
            [
              -70.32454467174082,
              52.341145346586046
            ],
            [
              -70.36971623744338,
              52.34000325879174
            ],
            [
              -70.39175946940345,
              52.337490519645414
            ],
            [
              -70.40312372596811,
              52.33063753828922
            ],
            [
              -70.41271791374264,
              52.33275073423106
            ],
            [
              -70.41580138348012,
              52.328524916537276
            ],
            [
              -70.45166474898961,
              52.319958687051574
            ],
            [
              -70.46537080092747,
              52.308023145908116
            ],
            [
              -70.48201481972086,
              52.30395565274018
            ],
            [
              -70.49439047335356,
              52.314555469747475
            ],
            [
              -70.52227728141341,
              52.3011239788775
            ],
            [
              -70.53834116534924,
              52.300760766238874
            ],
            [
              -70.54613559977919,
              52.31646096611471
            ],
            [
              -70.55985221794438,
              52.31713160870359
            ],
            [
              -70.58207523897704,
              52.30457312515849
            ],
            [
              -70.59575112695465,
              52.303498538507604
            ],
            [
              -70.60489409055833,
              52.29538839405438
            ],
            [
              -70.62595238514501,
              52.29296154194458
            ],
            [
              -70.6353988270061,
              52.286346459685205
            ],
            [
              -70.69878528102171,
              52.280970786603106
            ],
            [
              -70.72842576574686,
              52.257804994312764
            ],
            [
              -70.77230730150862,
              52.24234286455204
            ],
            [
              -70.78357232905749,
              52.24608378164921
            ],
            [
              -70.79227681406365,
              52.23368903161582
            ],
            [
              -70.8064531863807,
              52.23427939516968
            ],
            [
              -70.8127326935871,
              52.243154206159936
            ],
            [
              -70.82555965479654,
              52.24771159731031
            ],
            [
              -70.80541149239339,
              52.258554371555704
            ],
            [
              -70.80685252141554,
              52.273585647573036
            ],
            [
              -70.83445394787144,
              52.27571690883743
            ],
            [
              -70.85426367140273,
              52.267447807958945
            ],
            [
              -70.86010707218422,
              52.273622286590985
            ],
            [
              -70.86896484626682,
              52.27156442397643
            ],
            [
              -70.88101997547852,
              52.27898830954768
            ],
            [
              -70.91453844383497,
              52.24804230302964
            ],
            [
              -70.92953361227474,
              52.22672589652836
            ],
            [
              -70.94452848722145,
              52.230621524502965
            ],
            [
              -70.93383397818945,
              52.23999371819658
            ],
            [
              -70.94272807256054,
              52.240728421964
            ],
            [
              -70.96006790419119,
              52.23271766420832
            ],
            [
              -70.97270732487317,
              52.23268115472815
            ],
            [
              -70.99023460203504,
              52.21930326522375
            ],
            [
              -71.01516786639226,
              52.22047761344654
            ],
            [
              -71.02957478578644,
              52.21103219460032
            ],
            [
              -71.04699589499432,
              52.20857007260315
            ],
            [
              -71.07753762557336,
              52.21121610781377
            ],
            [
              -71.09532601931187,
              52.19276599859471
            ],
            [
              -71.09290020318721,
              52.1805271409968
            ],
            [
              -71.11094594079432,
              52.17979213221189
            ],
            [
              -71.12355218450975,
              52.170309857424435
            ],
            [
              -71.13895160693264,
              52.167553470459495
            ],
            [
              -71.14839712201896,
              52.153513810160995
            ],
            [
              -71.15809986729522,
              52.150389874360805
            ],
            [
              -71.14729440058252,
              52.14325979778531
            ],
            [
              -71.16567087485146,
              52.118047312599806
            ],
            [
              -71.18985444747575,
              52.114886531243144
            ],
            [
              -71.200973206222,
              52.0913257555578
            ],
            [
              -71.22030424916393,
              52.07935326516312
            ],
            [
              -71.24294037397087,
              52.07382220453394
            ],
            [
              -71.25026444889234,
              52.06601778617278
            ],
            [
              -71.26535176562847,
              52.03777897768001
            ],
            [
              -71.24051362815018,
              52.034692683198784
            ],
            [
              -71.20660075411068,
              52.03949629315653
            ],
            [
              -71.22884869919386,
              52.018200202352766
            ],
            [
              -71.251592219552,
              52.01784614243724
            ],
            [
              -71.27204023157753,
              51.99268907916138
            ],
            [
              -71.28785941962369,
              51.98481615346291
            ],
            [
              -71.29304666766207,
              51.976083551050216
            ],
            [
              -71.3066223822206,
              51.971620896910714
            ],
            [
              -71.31117478326762,
              51.96531976285999
            ],
            [
              -71.30889024572744,
              51.94835873758618
            ],
            [
              -71.31734194033365,
              51.93328244916316
            ],
            [
              -71.33093364374149,
              51.91729273541504
            ],
            [
              -71.35109238239463,
              51.909583018568796
            ],
            [
              -71.37552603551232,
              51.850811933428815
            ],
            [
              -71.38525361523163,
              51.842211517854025
            ],
            [
              -71.39606953543475,
              51.84446166175397
            ],
            [
              -71.40604336730733,
              51.83650185225867
            ],
            [
              -71.41733393521095,
              51.84401266887525
            ],
            [
              -71.43408174924954,
              51.84280683006343
            ],
            [
              -71.45945225856578,
              51.832701526675216
            ],
            [
              -71.48457220647617,
              51.83942636264781
            ],
            [
              -71.50209432973558,
              51.827660228327524
            ],
            [
              -71.5315407523441,
              51.83546351728135
            ],
            [
              -71.54360848933828,
              51.821151575814326
            ],
            [
              -71.57418509187337,
              51.814206720660096
            ],
            [
              -71.57450345690295,
              51.79348776074928
            ],
            [
              -71.55163869807203,
              51.789180103030915
            ],
            [
              -71.56566638059581,
              51.78293640361426
            ],
            [
              -71.56421775762823,
              51.778604002063666
            ],
            [
              -71.57284211075867,
              51.778243146679415
            ],
            [
              -71.58342747072047,
              51.75910728258898
            ],
            [
              -71.57780636677668,
              51.740385715181965
            ],
            [
              -71.60240730276976,
              51.71017967599121
            ],
            [
              -71.61066894405106,
              51.69275439622406
            ],
            [
              -71.60182187380312,
              51.692711798560715
            ],
            [
              -71.60229992019124,
              51.68485753543857
            ],
            [
              -71.59697998979496,
              51.68040490701868
            ],
            [
              -71.60735319976516,
              51.67209621044912
            ],
            [
              -71.60833270645277,
              51.665391469468425
            ],
            [
              -71.59697421961701,
              51.658663285961666
            ],
            [
              -71.59980032394708,
              51.651608758859794
            ],
            [
              -71.59432192160764,
              51.64828593860405
            ],
            [
              -71.59123937408125,
              51.63429973575437
            ],
            [
              -71.60158097414487,
              51.61702553892129
            ],
            [
              -71.59674552279205,
              51.611190705285956
            ],
            [
              -71.59767217326458,
              51.592463254609775
            ],
            [
              -71.59137444252211,
              51.588074650234134
            ],
            [
              -71.58064967293654,
              51.59149562713091
            ],
            [
              -71.57651952011456,
              51.58837991685086
            ],
            [
              -71.58655070375951,
              51.56800158358767
            ],
            [
              -71.58373638167859,
              51.55742449220271
            ],
            [
              -71.59080257226891,
              51.54740811251499
            ],
            [
              -71.58674148732426,
              51.5427853700185
            ],
            [
              -71.57346077744639,
              51.54258824950309
            ],
            [
              -71.5762877640569,
              51.5383173667904
            ],
            [
              -71.57125782578665,
              51.52388688894406
            ],
            [
              -71.58014897959845,
              51.509354353545355
            ],
            [
              -71.59532811750013,
              51.50281495303435
            ],
            [
              -71.61250086823762,
              51.50745107102733
            ],
            [
              -71.62630704503405,
              51.50492731513659
            ],
            [
              -71.64522469210262,
              51.47626263234676
            ],
            [
              -71.66001053658839,
              51.47710856789426
            ],
            [
              -71.68608816276209,
              51.44336088110135
            ],
            [
              -71.70602830869103,
              51.43982809282711
            ],
            [
              -71.71195633069603,
              51.42816116094219
            ],
            [
              -71.68592999984479,
              51.41452450701611
            ],
            [
              -71.68996074380135,
              51.4093331591229
            ],
            [
              -71.68793339428278,
              51.40146918008471
            ],
            [
              -71.70014963022064,
              51.39622788686686
            ],
            [
              -71.72428286032383,
              51.35887774162178
            ],
            [
              -71.73748853806568,
              51.358146193005254
            ],
            [
              -71.74172406195069,
              51.35149263789429
            ],
            [
              -71.75142148021203,
              51.348733349125084
            ],
            [
              -71.7563018850461,
              51.339196863578366
            ],
            [
              -71.76870832763508,
              51.33988269019382
            ],
            [
              -71.76122434272658,
              51.35823170409531
            ],
            [
              -71.77464144670532,
              51.36919204713191
            ],
            [
              -71.78952394427665,
              51.36059745133069
            ],
            [
              -71.79151203935544,
              51.35409606132872
            ],
            [
              -71.80376221261797,
              51.35206414056252
            ],
            [
              -71.80968086957428,
              51.36010466847527
            ],
            [
              -71.81524820940024,
              51.358063614968025
            ],
            [
              -71.81627688415729,
              51.37195151990213
            ],
            [
              -71.82128169312537,
              51.37339483091201
            ],
            [
              -71.83403694714231,
              51.3670489125123
            ],
            [
              -71.83621540954806,
              51.353112155445906
            ],
            [
              -71.84368624151146,
              51.35553402849859
            ],
            [
              -71.86862059244575,
              51.343993445882944
            ],
            [
              -71.87467760963717,
              51.333812283197666
            ],
            [
              -71.86435338197582,
              51.32476378231357
            ],
            [
              -71.88237426527559,
              51.30204214837347
            ],
            [
              -71.87104909340856,
              51.294556930749685
            ],
            [
              -71.87415688687162,
              51.2878361396704
            ],
            [
              -71.87012186241493,
              51.277889106409916
            ],
            [
              -71.88490921711431,
              51.27102910485368
            ],
            [
              -71.9037043846493,
              51.27803263311719
            ],
            [
              -71.93186812163607,
              51.275420562641635
            ],
            [
              -71.93911771263399,
              51.2690037044424
            ],
            [
              -71.94096061913076,
              51.25722261868974
            ],
            [
              -71.95166147716414,
              51.258644426472905
            ],
            [
              -71.9582798190304,
              51.24318266000696
            ],
            [
              -71.9735124899485,
              51.246993277952804
            ],
            [
              -71.98082211733168,
              51.24424153727297
            ],
            [
              -71.98084384422187,
              51.23302991967176
            ],
            [
              -71.99124505276556,
              51.230652840923675
            ],
            [
              -71.97786776400986,
              51.21163890773327
            ],
            [
              -71.99609892907827,
              51.21609298765348
            ],
            [
              -72.00143462973479,
              51.223291157471884
            ],
            [
              -72.01299514962837,
              51.22020889757697
            ],
            [
              -72.00503402013256,
              51.214162313026335
            ],
            [
              -72.00648509878336,
              51.20536809071275
            ],
            [
              -72.01373857835605,
              51.20474161133796
            ],
            [
              -72.00967455455769,
              51.20151042303597
            ],
            [
              -72.01307389635845,
              51.197153857279595
            ],
            [
              -71.99730023826926,
              51.19354468938367
            ],
            [
              -72.00257785528606,
              51.18449867588268
            ],
            [
              -72.00180204501399,
              51.17454242348888
            ],
            [
              -72.02206244683019,
              51.179153190352
            ],
            [
              -72.02941853621348,
              51.17626228664899
            ],
            [
              -72.0215600637382,
              51.17001645706459
            ],
            [
              -72.02570873782463,
              51.15574553385882
            ],
            [
              -72.02438795412131,
              51.14343438414773
            ],
            [
              -72.01868412458417,
              51.13873294069852
            ],
            [
              -72.07414217990106,
              51.15069777622864
            ],
            [
              -72.0952664907196,
              51.12214712130578
            ],
            [
              -72.10588743018221,
              51.1182380393263
            ],
            [
              -72.1074303434396,
              51.10516989939196
            ],
            [
              -72.11631566843968,
              51.10294521072207
            ],
            [
              -72.1309278769008,
              51.07447442106006
            ],
            [
              -72.14471565739471,
              51.069428958790795
            ],
            [
              -72.13789095231148,
              51.05324816173676
            ],
            [
              -72.15580656769966,
              51.03212439999298
            ],
            [
              -72.15251498687468,
              51.02575692520759
            ],
            [
              -72.15985503904591,
              51.01079878676596
            ],
            [
              -72.15238528980387,
              51.00538144728167
            ],
            [
              -72.16106757748132,
              50.990619739813646
            ],
            [
              -72.15362558714136,
              50.9840988331687
            ],
            [
              -72.15602912646622,
              50.978602791282086
            ],
            [
              -72.19797763381892,
              50.99042791932567
            ],
            [
              -72.18649594301165,
              51.0140353431775
            ],
            [
              -72.19136983115636,
              51.01785686453414
            ],
            [
              -72.19253712521261,
              51.02422063540295
            ],
            [
              -72.18782377773871,
              51.02655594492545
            ],
            [
              -72.1916688354145,
              51.02940395018256
            ],
            [
              -72.2030151384952,
              51.02912982669353
            ],
            [
              -72.2116493549945,
              51.022845707447786
            ],
            [
              -72.2228192902743,
              51.02521488034528
            ],
            [
              -72.23256662197161,
              51.00686131331915
            ],
            [
              -72.261558597137,
              51.003600794698535
            ],
            [
              -72.26717893466574,
              50.998546547748006
            ],
            [
              -72.26049796766539,
              50.99270212017262
            ],
            [
              -72.26378016091606,
              50.98331378569086
            ],
            [
              -72.26003458948843,
              50.97255238829015
            ],
            [
              -72.26959699780751,
              50.95108632281751
            ],
            [
              -72.27534383854119,
              50.94763386009149
            ],
            [
              -72.2831845541691,
              50.95559635392738
            ],
            [
              -72.29351749259753,
              50.952517062072616
            ],
            [
              -72.29942502477112,
              50.94287162344732
            ],
            [
              -72.2943563770328,
              50.933776293337615
            ],
            [
              -72.30198042598602,
              50.925727295873386
            ],
            [
              -72.3022091661271,
              50.91627243350021
            ],
            [
              -72.3207616549407,
              50.90735087647423
            ],
            [
              -72.32194521770755,
              50.90071699146949
            ],
            [
              -72.33974086663642,
              50.88567928158915
            ],
            [
              -72.37822832677526,
              50.88812012940643
            ],
            [
              -72.38302953665878,
              50.86958073653666
            ],
            [
              -72.37628874687402,
              50.856013256844726
            ],
            [
              -72.3867439791313,
              50.83075498477399
            ],
            [
              -72.39700321417348,
              50.82414298440754
            ],
            [
              -72.39751150828147,
              50.813335322822624
            ],
            [
              -72.43650612715761,
              50.79141460708933
            ],
            [
              -72.43648467231634,
              50.78303892187645
            ],
            [
              -72.4498867960164,
              50.781738996151894
            ],
            [
              -72.45822204672659,
              50.78883213184612
            ],
            [
              -72.47028173661887,
              50.7842838487041
            ],
            [
              -72.47961686849939,
              50.769407539173805
            ],
            [
              -72.48071328704985,
              50.75088916444409
            ],
            [
              -72.50216959027438,
              50.75588409030851
            ],
            [
              -72.51043152650622,
              50.748428563895544
            ],
            [
              -72.5093243872267,
              50.75965129256778
            ],
            [
              -72.52156106520287,
              50.75533765745098
            ],
            [
              -72.52057412519069,
              50.74875450553575
            ],
            [
              -72.5306450692416,
              50.74299131929522
            ],
            [
              -72.53568532034082,
              50.74584335350652
            ],
            [
              -72.52950327515768,
              50.75628900526997
            ],
            [
              -72.53259159837677,
              50.76737161175276
            ],
            [
              -72.55617808945024,
              50.753168212745095
            ],
            [
              -72.57337758533805,
              50.7501274226119
            ],
            [
              -72.5630628731913,
              50.76578731829764
            ],
            [
              -72.56243670025542,
              50.7886512006355
            ],
            [
              -72.55452156979291,
              50.80250911196061
            ],
            [
              -72.56328932153119,
              50.80828476844353
            ],
            [
              -72.56174177320656,
              50.820570813283425
            ],
            [
              -72.56773268552989,
              50.83216119971824
            ],
            [
              -72.54936268154934,
              50.85844513725697
            ],
            [
              -72.55561172709591,
              50.86135945942614
            ],
            [
              -72.55841860407557,
              50.880902309134626
            ],
            [
              -72.56719260369765,
              50.8854392774355
            ],
            [
              -72.57625136146181,
              50.8804468433496
            ],
            [
              -72.56797547361748,
              50.871917873452375
            ],
            [
              -72.57512605880058,
              50.86799093359698
            ],
            [
              -72.57745581181203,
              50.85976483531506
            ],
            [
              -72.59615791417748,
              50.84609418958545
            ],
            [
              -72.60134153846484,
              50.84032561554255
            ],
            [
              -72.59867863618054,
              50.837102978184284
            ],
            [
              -72.60785854641745,
              50.836392365710886
            ],
            [
              -72.60046824133943,
              50.832275146414176
            ],
            [
              -72.60936702943668,
              50.83118600889734
            ],
            [
              -72.60192051416483,
              50.82534064435294
            ],
            [
              -72.60842868858309,
              50.80618978632
            ],
            [
              -72.62506677715051,
              50.7920163375967
            ],
            [
              -72.62658251510015,
              50.776137269236024
            ],
            [
              -72.6407370977896,
              50.77209288807823
            ],
            [
              -72.64950691530137,
              50.75572641235211
            ],
            [
              -72.64828851805244,
              50.74765826723176
            ],
            [
              -72.65568581164227,
              50.746940478828634
            ],
            [
              -72.65842785120675,
              50.75269024755129
            ],
            [
              -72.67002019330553,
              50.7420193495352
            ],
            [
              -72.67551248947532,
              50.74394652759237
            ],
            [
              -72.6849977489258,
              50.75425942870324
            ],
            [
              -72.68312887935373,
              50.76518952936274
            ],
            [
              -72.70372835941404,
              50.781516492892216
            ],
            [
              -72.72097371497419,
              50.7652027968301
            ],
            [
              -72.73135216036452,
              50.761794272914976
            ],
            [
              -72.73336239347991,
              50.775576507829314
            ],
            [
              -72.72225064341339,
              50.78480724961685
            ],
            [
              -72.72789955515624,
              50.79182672040326
            ],
            [
              -72.7221645337896,
              50.79872862063479
            ],
            [
              -72.74357745512735,
              50.79506481123462
            ],
            [
              -72.74220506126674,
              50.801322384195636
            ],
            [
              -72.7512891796909,
              50.802842180045964
            ],
            [
              -72.74465640404999,
              50.81021537038197
            ],
            [
              -72.75320883858066,
              50.81466921967792
            ],
            [
              -72.75200695878179,
              50.82092056763043
            ],
            [
              -72.7822607141428,
              50.825523931063465
            ],
            [
              -72.79154346483759,
              50.81915301976446
            ],
            [
              -72.84031899794753,
              50.814751530137
            ],
            [
              -72.85292622996234,
              50.809622782880304
            ],
            [
              -72.85790254404179,
              50.81245453408589
            ],
            [
              -72.86492867999554,
              50.80681705098369
            ],
            [
              -72.87814597665356,
              50.80585697430385
            ],
            [
              -72.88022121017572,
              50.79384881148299
            ],
            [
              -72.89107032948878,
              50.788065532202374
            ],
            [
              -72.89481042461881,
              50.77614525632496
            ],
            [
              -72.90320869382897,
              50.768198266830986
            ],
            [
              -72.92567397585759,
              50.767718861840336
            ],
            [
              -72.93431420847764,
              50.762953447796185
            ],
            [
              -72.92819800680905,
              50.758346975380455
            ],
            [
              -72.92766719990618,
              50.751363469391265
            ],
            [
              -72.94096593582005,
              50.71341945934826
            ],
            [
              -72.95084691684944,
              50.718132894626
            ],
            [
              -72.96817366482271,
              50.69604082871116
            ],
            [
              -72.98753162576394,
              50.686131034477995
            ],
            [
              -72.99010714655506,
              50.67500099575687
            ],
            [
              -72.99694302650482,
              50.67005248175748
            ],
            [
              -73.0145868041631,
              50.67325186449605
            ],
            [
              -73.04462784702766,
              50.6544697165319
            ],
            [
              -73.0516905247742,
              50.6565562065438
            ],
            [
              -73.04818110058733,
              50.66706411021405
            ],
            [
              -73.0398753918373,
              50.66932005988387
            ],
            [
              -73.02314338475139,
              50.69792178972279
            ],
            [
              -73.0330816283102,
              50.69783307830045
            ],
            [
              -73.03886309000043,
              50.70384685593406
            ],
            [
              -73.04783360387755,
              50.7004890080773
            ],
            [
              -73.0586136796301,
              50.7091135808826
            ],
            [
              -73.07463692490666,
              50.70446906454784
            ],
            [
              -73.07971650474524,
              50.71437431577336
            ],
            [
              -73.074589055088,
              50.72591820465741
            ],
            [
              -73.0882730234038,
              50.73957581006904
            ],
            [
              -73.10483006023216,
              50.73843216221836
            ],
            [
              -73.10782610367613,
              50.75173272701889
            ],
            [
              -73.12122527132824,
              50.75017618123863
            ],
            [
              -73.1300441148354,
              50.743768118946036
            ],
            [
              -73.14707438564983,
              50.75055224222117
            ],
            [
              -73.17223299749708,
              50.72935771711008
            ],
            [
              -73.18370121474122,
              50.70149374859882
            ],
            [
              -73.20438351061038,
              50.70584937537014
            ],
            [
              -73.2243053103926,
              50.702315494029435
            ],
            [
              -73.23525292343233,
              50.693721534328645
            ],
            [
              -73.25041683273781,
              50.69243438851043
            ],
            [
              -73.25786055036725,
              50.68236635474125
            ],
            [
              -73.25406373666944,
              50.67910779442721
            ],
            [
              -73.25675643410669,
              50.673991304573285
            ],
            [
              -73.26930244090754,
              50.657552040666324
            ],
            [
              -73.25701898995005,
              50.65217019839745
            ],
            [
              -73.28366821221039,
              50.63966605647197
            ],
            [
              -73.2953615222716,
              50.62873029539657
            ],
            [
              -73.29462186689672,
              50.61796468486405
            ],
            [
              -73.30695336126445,
              50.607792068871625
            ],
            [
              -73.31013908825877,
              50.57724262829735
            ],
            [
              -73.33546014443792,
              50.57837485240486
            ],
            [
              -73.34519759238387,
              50.56344114982548
            ],
            [
              -73.34768540265922,
              50.54775889243891
            ],
            [
              -73.35503472880336,
              50.54305004344614
            ],
            [
              -73.35307360708128,
              50.53312953308325
            ],
            [
              -73.35681167393865,
              50.528468816248086
            ],
            [
              -73.37363404316781,
              50.53054594384738
            ],
            [
              -73.37120072342333,
              50.5220498387113
            ],
            [
              -73.3854910258349,
              50.51527328412602
            ],
            [
              -73.39475002101162,
              50.48481656429735
            ],
            [
              -73.40154779503615,
              50.480884101439095
            ],
            [
              -73.39983259010725,
              50.468074429641284
            ],
            [
              -73.4145619897881,
              50.46242599420015
            ],
            [
              -73.45725884215669,
              50.40522951105239
            ],
            [
              -73.45974921570955,
              50.39221019404307
            ],
            [
              -73.45363860107548,
              50.387778406650376
            ],
            [
              -73.45972899424399,
              50.36822074653136
            ],
            [
              -73.47758622266532,
              50.36874596185983
            ],
            [
              -73.48228529861005,
              50.38112063347482
            ],
            [
              -73.4799526127845,
              50.39092784700819
            ],
            [
              -73.48603680994704,
              50.40059036416672
            ],
            [
              -73.49416928416468,
              50.39394064285246
            ],
            [
              -73.49431604394475,
              50.38155277703325
            ],
            [
              -73.50784670314137,
              50.38517025199458
            ],
            [
              -73.51484008604469,
              50.37942425585974
            ],
            [
              -73.52813201775646,
              50.37915679726192
            ],
            [
              -73.54855669965639,
              50.36572533143635
            ],
            [
              -73.56097230046343,
              50.36943473045688
            ],
            [
              -73.57361721796254,
              50.35964649149102
            ],
            [
              -73.58395559388389,
              50.37165455181352
            ],
            [
              -73.5740472239271,
              50.39662955988543
            ],
            [
              -73.58182525108992,
              50.40040369210938
            ],
            [
              -73.5804821533854,
              50.40790380726255
            ],
            [
              -73.5934312785454,
              50.40347498306877
            ],
            [
              -73.60980163757891,
              50.38602548682597
            ],
            [
              -73.61169677309867,
              50.36514399569018
            ],
            [
              -73.6097671525139,
              50.35644442849788
            ],
            [
              -73.59499915454646,
              50.34959519111769
            ],
            [
              -73.61219927457455,
              50.338922603828536
            ],
            [
              -73.60945264681021,
              50.331290231825854
            ],
            [
              -73.61577936223824,
              50.32327466238387
            ],
            [
              -73.61882667850232,
              50.305576463659634
            ],
            [
              -73.6270845578854,
              50.300163759517076
            ],
            [
              -73.63212124326414,
              50.286412125286276
            ],
            [
              -73.65547652354617,
              50.25694823397292
            ],
            [
              -73.67275842653684,
              50.24569886258965
            ],
            [
              -73.66993098110362,
              50.241534751097
            ],
            [
              -73.67843091475311,
              50.237903830204
            ],
            [
              -73.67228921437153,
              50.22623792174784
            ],
            [
              -73.68449956121951,
              50.21169363909207
            ],
            [
              -73.73285808788641,
              50.21636859073408
            ],
            [
              -73.74534466790833,
              50.23175446946763
            ],
            [
              -73.77033920209867,
              50.21533635899318
            ],
            [
              -73.78506915049672,
              50.18782341831934
            ],
            [
              -73.78017750244086,
              50.18472791807123
            ],
            [
              -73.78396861027706,
              50.17005291974904
            ],
            [
              -73.77566967299269,
              50.166767235617016
            ],
            [
              -73.76999221977515,
              50.155069565133815
            ],
            [
              -73.7852506542757,
              50.14615397717239
            ],
            [
              -73.7922915897279,
              50.13596385337092
            ],
            [
              -73.78171562051087,
              50.13144348615266
            ],
            [
              -73.78298031117878,
              50.12383216997605
            ],
            [
              -73.77463124882728,
              50.12003738976988
            ],
            [
              -73.78058250147684,
              50.115531134852546
            ],
            [
              -73.77863382820145,
              50.10983245809383
            ],
            [
              -73.7899050133382,
              50.10142515137465
            ],
            [
              -73.77706412587139,
              50.08274279215868
            ],
            [
              -73.78385636486392,
              50.07867622326988
            ],
            [
              -73.78717309877305,
              50.05650550485109
            ],
            [
              -73.80121938223799,
              50.04169333706439
            ],
            [
              -73.80469441619101,
              50.02917707606441
            ],
            [
              -73.81563998604159,
              50.02890884256081
            ],
            [
              -73.82232786587495,
              50.01387106505031
            ],
            [
              -73.83535767805655,
              50.00962825086923
            ],
            [
              -73.85172652201487,
              50.01120677040839
            ],
            [
              -73.85279983167996,
              50.00421182432656
            ],
            [
              -73.84736560329875,
              49.99973880689442
            ],
            [
              -73.85721676202232,
              49.99225589736732
            ],
            [
              -73.86610962039552,
              49.96507704395947
            ],
            [
              -73.89007641640796,
              49.96048938226089
            ],
            [
              -73.90895156791754,
              49.92946029285255
            ],
            [
              -73.90851632104963,
              49.912651793373925
            ],
            [
              -73.9042127482757,
              49.91017454618864
            ],
            [
              -73.91221586332146,
              49.89266567424552
            ],
            [
              -73.92008028208743,
              49.89253139889131
            ],
            [
              -73.92337748103772,
              49.880600344976564
            ],
            [
              -73.94555464877524,
              49.859992565966735
            ],
            [
              -73.9552386175612,
              49.843932970163486
            ],
            [
              -73.98306127630956,
              49.83336623340502
            ],
            [
              -74.0002735508067,
              49.808035370896405
            ],
            [
              -74.01659158793845,
              49.80188234528333
            ],
            [
              -74.01662152618898,
              49.7353373273469
            ],
            [
              -74.09842034702383,
              49.735401190865666
            ],
            [
              -74.1112238479293,
              49.71962645196054
            ],
            [
              -74.1065271008532,
              49.71548199654179
            ],
            [
              -74.11023541021282,
              49.70617396099129
            ],
            [
              -74.1416276615593,
              49.679547742664354
            ],
            [
              -74.15188235504394,
              49.67831760604115
            ],
            [
              -74.1560689880068,
              49.68312618558149
            ],
            [
              -74.18149972855747,
              49.67919241890277
            ],
            [
              -74.18093439031557,
              49.66894999539394
            ],
            [
              -74.19133065762654,
              49.655714529966225
            ],
            [
              -74.18439640017769,
              49.64579102577705
            ],
            [
              -74.19909141449553,
              49.617741325942426
            ],
            [
              -74.19850846552357,
              49.61018810883451
            ],
            [
              -74.22498400834485,
              49.585709295025644
            ],
            [
              -74.22822156177386,
              49.56886967835806
            ],
            [
              -74.25265276517851,
              49.56711231004546
            ],
            [
              -74.25210862080857,
              49.545638177842214
            ],
            [
              -74.26843119632832,
              49.52382274886109
            ],
            [
              -74.24790129955238,
              49.518206402897356
            ],
            [
              -74.25452918924869,
              49.51197811967579
            ],
            [
              -74.2888809556279,
              49.49541910670836
            ],
            [
              -74.29731817146076,
              49.484286015669404
            ],
            [
              -74.33581217114894,
              49.47625223880377
            ],
            [
              -74.33511931662747,
              49.483367834905195
            ],
            [
              -74.321528661787,
              49.49250621386604
            ],
            [
              -74.3408980778645,
              49.505139611933444
            ],
            [
              -74.36264982933322,
              49.493706561275495
            ],
            [
              -74.36947258477214,
              49.48431730256797
            ],
            [
              -74.38530630606262,
              49.48174012049695
            ],
            [
              -74.39370891230257,
              49.47479234208822
            ],
            [
              -74.38720747735218,
              49.45834167189086
            ],
            [
              -74.37423909964271,
              49.45673098320739
            ],
            [
              -74.37939742830982,
              49.44548133228949
            ],
            [
              -74.37493773147577,
              49.442808771078816
            ],
            [
              -74.38375267460557,
              49.43334363127162
            ],
            [
              -74.39597077996629,
              49.434126269862716
            ],
            [
              -74.40543010268374,
              49.428240449567014
            ],
            [
              -74.40572346210767,
              49.3919320250748
            ],
            [
              -74.41570388859954,
              49.38202275614769
            ],
            [
              -74.41287611791714,
              49.375179544235806
            ],
            [
              -74.3933976055743,
              49.37000088629281
            ],
            [
              -74.40963103382369,
              49.35581345044854
            ],
            [
              -74.43285578772348,
              49.32385653961279
            ],
            [
              -74.40945853956654,
              49.31421549316157
            ],
            [
              -74.3991280656793,
              49.32142760669846
            ],
            [
              -74.39765901775512,
              49.31735542414513
            ],
            [
              -74.37484492468148,
              49.31644312498855
            ],
            [
              -74.38123247342982,
              49.30166645747554
            ],
            [
              -74.36129650533046,
              49.30041695014308
            ],
            [
              -74.34883748197575,
              49.290491996173756
            ],
            [
              -74.33513542095719,
              49.28824326242082
            ],
            [
              -74.33015077271047,
              49.28322345687342
            ],
            [
              -74.33613564470402,
              49.27224691095187
            ],
            [
              -74.31547952953656,
              49.27281597992366
            ],
            [
              -74.31070459739361,
              49.25808872389312
            ],
            [
              -74.30567116785042,
              49.26026019743831
            ],
            [
              -74.30184605664779,
              49.27161579332551
            ],
            [
              -74.30340284937735,
              49.2834603820557
            ],
            [
              -74.29456755385073,
              49.28910126228956
            ],
            [
              -74.28907492501905,
              49.28000402514483
            ],
            [
              -74.28337448381035,
              49.28786132158062
            ],
            [
              -74.27042063117615,
              49.286844716980546
            ],
            [
              -74.27070217116747,
              49.27576264828722
            ],
            [
              -74.26605152629439,
              49.273298887112155
            ],
            [
              -74.25007977243627,
              49.280613119904565
            ],
            [
              -74.25008309035623,
              49.28981644830066
            ],
            [
              -74.2364991653686,
              49.28747447652557
            ],
            [
              -74.22951180738812,
              49.28210898800978
            ],
            [
              -74.23244865402158,
              49.26812262076168
            ],
            [
              -74.22760835759186,
              49.250687277320445
            ],
            [
              -74.23223820811097,
              49.23962893044285
            ],
            [
              -74.22791493325406,
              49.236161519100236
            ],
            [
              -74.22721973411977,
              49.21713203023674
            ],
            [
              -74.24397203868295,
              49.20410963454158
            ],
            [
              -74.23931924919165,
              49.19539843441441
            ],
            [
              -74.24447873274676,
              49.1928974268138
            ],
            [
              -74.24150900822269,
              49.1879986411947
            ],
            [
              -74.25300749254646,
              49.1709193511038
            ],
            [
              -74.2442506858265,
              49.164256731462125
            ],
            [
              -74.25047540653352,
              49.159538095477856
            ],
            [
              -74.24421581604022,
              49.13623934619294
            ],
            [
              -74.26442339021055,
              49.137384326506385
            ],
            [
              -74.2643268464481,
              49.11991889584654
            ],
            [
              -74.27074682997461,
              49.11269373647034
            ],
            [
              -74.26702916983291,
              49.10415902932612
            ],
            [
              -74.28004875197503,
              49.10009156215022
            ],
            [
              -74.27330312854838,
              49.089241079780834
            ],
            [
              -74.27936721161133,
              49.07857993189387
            ],
            [
              -74.27815241836015,
              49.07020066366522
            ],
            [
              -74.28823119770253,
              49.06844094196674
            ],
            [
              -74.29198959641438,
              49.04210138377922
            ],
            [
              -74.30676562051559,
              49.04158132106974
            ],
            [
              -74.30285605685768,
              49.02845302322785
            ],
            [
              -74.29772474389395,
              49.02668018017522
            ],
            [
              -74.30325933457475,
              49.014006975999386
            ],
            [
              -74.28814121685265,
              49.009412107939774
            ],
            [
              -74.2884318121514,
              49.00125411167788
            ],
            [
              -74.28273535699664,
              48.99953197265657
            ],
            [
              -74.2852347019893,
              48.99059585218096
            ],
            [
              -74.29367508062172,
              48.98745346834008
            ],
            [
              -74.29459453907184,
              48.978597980943526
            ],
            [
              -74.30010272964347,
              48.97506158216684
            ],
            [
              -74.31141978068713,
              48.97608869984228
            ],
            [
              -74.31463033426138,
              48.970553324856844
            ],
            [
              -74.32436825076613,
              48.971698193617435
            ],
            [
              -74.33494801794399,
              48.96654101237561
            ],
            [
              -74.33607912990898,
              48.9520089390985
            ],
            [
              -74.32977626426269,
              48.9474139956622
            ],
            [
              -74.33596633077232,
              48.940840262389585
            ],
            [
              -74.33063217816219,
              48.9331716904398
            ],
            [
              -74.33166104844564,
              48.92221962571432
            ],
            [
              -74.34245916945532,
              48.924776247646776
            ],
            [
              -74.36230439968773,
              48.917902677745005
            ],
            [
              -74.35445577664031,
              48.935048099712155
            ],
            [
              -74.36930112418989,
              48.9389301306745
            ],
            [
              -74.39016309016435,
              48.93601009433535
            ],
            [
              -74.39145533675185,
              48.92724978293563
            ],
            [
              -74.40238171605996,
              48.922227539697765
            ],
            [
              -74.4148445280225,
              48.92858115614009
            ],
            [
              -74.41780932770472,
              48.935181892026186
            ],
            [
              -74.44102172747301,
              48.93204505355124
            ],
            [
              -74.45002669865211,
              48.94263714879033
            ],
            [
              -74.44626054007911,
              48.95010548809706
            ],
            [
              -74.43599250165039,
              48.9515742017622
            ],
            [
              -74.4401879580402,
              48.9609828760249
            ],
            [
              -74.4369846280024,
              48.971881647832426
            ],
            [
              -74.44205396908252,
              48.975068896103515
            ],
            [
              -74.45348153372068,
              48.9716295840866
            ],
            [
              -74.45920914419918,
              48.95631169849349
            ],
            [
              -74.47335172716885,
              48.94668460641086
            ],
            [
              -73.83439073522415,
              48.543045977888326
            ],
            [
              -73.01774402495542,
              47.99859217291717
            ],
            [
              -72.12363881600923,
              47.998577991255694
            ],
            [
              -72.07347165055437,
              47.94999965835073
            ],
            [
              -71.38000710249803,
              47.950052999816386
            ],
            [
              -71.37412664003166,
              47.95732702219794
            ],
            [
              -71.38232927525723,
              47.961960654647434
            ],
            [
              -71.37271624943172,
              47.96848641104274
            ],
            [
              -71.3757810239548,
              47.97419410684968
            ],
            [
              -71.40889217767217,
              47.97655547703499
            ],
            [
              -71.41163004018348,
              47.996002571059584
            ],
            [
              -71.15978874378872,
              48.000406737799615
            ],
            [
              -70.50386818268287,
              47.9979487053381
            ],
            [
              -70.26365006833947,
              47.99293788671476
            ],
            [
              -70.171875948129,
              48.124835665037786
            ],
            [
              -69.95665880871502,
              48.05761171643288
            ],
            [
              -69.87021407258388,
              48.18160627923366
            ],
            [
              -69.88726405446721,
              48.22065576692882
            ],
            [
              -69.90765378532116,
              48.22998939874669
            ],
            [
              -69.95846165159848,
              48.23585082999383
            ],
            [
              -69.97762879614704,
              48.2467955751062
            ],
            [
              -70.01646380751434,
              48.256545789367905
            ],
            [
              -70.0778763757972,
              48.25283751471546
            ],
            [
              -70.0079926550977,
              48.35701407369565
            ],
            [
              -70.01042438399347,
              49.79653593554025
            ],
            [
              -70.02164715402374,
              49.796619325168464
            ],
            [
              -70.02475638887339,
              50.00006578380547
            ],
            [
              -70.02453310012298,
              52.50009483616759
            ],
            [
              -70.02989063216792,
              52.83209822811519
            ]
          ]
        ]
      }
    },
    {
      "type": "Feature",
      "properties": {
        "nom": "Montérégie"
      },
      "geometry": {
        "type": "Polygon",
        "coordinates": [
          [
            [
              -72.94481105971339,
              46.07925359387367
            ],
            [
              -72.99258921842853,
              46.11191141160376
            ],
            [
              -73.01164378698388,
              46.11329540211651
            ],
            [
              -73.04070057535598,
              46.10745418702526
            ],
            [
              -73.08798719994104,
              46.064033274870106
            ],
            [
              -73.15610154656946,
              46.04631373427277
            ],
            [
              -73.16772953827683,
              46.03077618719335
            ],
            [
              -73.18910004644255,
              45.979169604614256
            ],
            [
              -73.23087655923376,
              45.92423267867718
            ],
            [
              -73.24286191883947,
              45.89311333192062
            ],
            [
              -73.26899572339458,
              45.86429293601149
            ],
            [
              -73.27907159006159,
              45.84218552785646
            ],
            [
              -73.32568431175616,
              45.80372728251144
            ],
            [
              -73.36658612214596,
              45.78607893693228
            ],
            [
              -73.38555990378057,
              45.78925199374744
            ],
            [
              -73.41919791032777,
              45.75385377940897
            ],
            [
              -73.42525529801216,
              45.7365626762199
            ],
            [
              -73.46092230444178,
              45.7037969542446
            ],
            [
              -73.477442506617,
              45.698968795783536
            ],
            [
              -73.48561292127688,
              45.68508826009295
            ],
            [
              -73.48659424727539,
              45.66806060813838
            ],
            [
              -73.4769154061173,
              45.64364195132435
            ],
            [
              -73.49852365794213,
              45.6124534021444
            ],
            [
              -73.49896658042702,
              45.5782460242536
            ],
            [
              -73.51534394574836,
              45.55028427581949
            ],
            [
              -73.5314471410773,
              45.53647833582729
            ],
            [
              -73.51923659977852,
              45.4952031381921
            ],
            [
              -73.52973368002706,
              45.49170736118759
            ],
            [
              -73.52161470373943,
              45.47149587901679
            ],
            [
              -73.52225352533955,
              45.45063489439609
            ],
            [
              -73.53347591274944,
              45.43316266695248
            ],
            [
              -73.55136524185609,
              45.42169034228737
            ],
            [
              -73.63625707135564,
              45.409662261951354
            ],
            [
              -73.67181390526366,
              45.42257880881022
            ],
            [
              -73.76795654114326,
              45.41868981442514
            ],
            [
              -73.79629101076978,
              45.40774561544037
            ],
            [
              -73.82218104968584,
              45.38541213958419
            ],
            [
              -73.88621737702024,
              45.409903836319664
            ],
            [
              -73.89962809141882,
              45.40880173660758
            ],
            [
              -73.91887896003621,
              45.39835721205726
            ],
            [
              -73.9490377223333,
              45.40107853335017
            ],
            [
              -73.98182555850899,
              45.41649645472596
            ],
            [
              -73.99660394868731,
              45.457496396205315
            ],
            [
              -74.0384393058025,
              45.44644129866396
            ],
            [
              -74.09196985718768,
              45.45260839662244
            ],
            [
              -74.13528634093319,
              45.46852763765389
            ],
            [
              -74.16154905493796,
              45.48390571025997
            ],
            [
              -74.21166902298248,
              45.50005308605135
            ],
            [
              -74.32511160840616,
              45.50642382164304
            ],
            [
              -74.3396126408487,
              45.51384442333837
            ],
            [
              -74.35781301783057,
              45.549791927772574
            ],
            [
              -74.38103794087068,
              45.565591080550526
            ],
            [
              -74.47203433008882,
              45.30286751378835
            ],
            [
              -74.31952346119594,
              45.188514647082705
            ],
            [
              -74.37704463271375,
              45.15522211904203
            ],
            [
              -74.44232636353455,
              45.13122226429641
            ],
            [
              -74.49521714985956,
              45.064750981665995
            ],
            [
              -74.5105794389138,
              45.07675081513884
            ],
            [
              -74.56569469981312,
              45.04630598366123
            ],
            [
              -74.62575434846953,
              45.03008344945003
            ],
            [
              -74.65239554130865,
              45.030027567376656
            ],
            [
              -74.6697988541424,
              45.00557547443353
            ],
            [
              -74.66306095137946,
              44.998932474548134
            ],
            [
              -74.15013596939701,
              44.99136876248627
            ],
            [
              -73.84141693247699,
              45.00214543733589
            ],
            [
              -73.13987670235696,
              45.01442542006945
            ],
            [
              -73.10453610155716,
              45.082009382203154
            ],
            [
              -73.11529851614675,
              45.08187941277915
            ],
            [
              -73.11593271249203,
              45.097122606417344
            ],
            [
              -73.10770012774275,
              45.09718091573462
            ],
            [
              -73.107094249088,
              45.104549066043504
            ],
            [
              -73.0970963755378,
              45.10178087593312
            ],
            [
              -73.10126145077328,
              45.13997257344141
            ],
            [
              -73.08601830267608,
              45.14002541401926
            ],
            [
              -73.08622718059245,
              45.1916185810019
            ],
            [
              -73.09131713163534,
              45.19615129860101
            ],
            [
              -73.05824483093612,
              45.214590527044834
            ],
            [
              -73.07400510826866,
              45.22868670790919
            ],
            [
              -73.0682605214177,
              45.22966930629456
            ],
            [
              -73.06344831865688,
              45.26777806009922
            ],
            [
              -73.05894382694142,
              45.26502964378982
            ],
            [
              -73.05819253931065,
              45.273322684258765
            ],
            [
              -73.05044576431642,
              45.26801104462513
            ],
            [
              -73.04617104676404,
              45.29311912814579
            ],
            [
              -73.01578298100418,
              45.2721110186303
            ],
            [
              -73.01425729677445,
              45.289251301664706
            ],
            [
              -73.04773921863577,
              45.31106878420295
            ],
            [
              -73.04885831608375,
              45.3253611016408
            ],
            [
              -73.01046096856697,
              45.33018623191127
            ],
            [
              -73.00979598188829,
              45.33744674519539
            ],
            [
              -72.9895151288435,
              45.33423227139404
            ],
            [
              -72.99000011658384,
              45.341941333713045
            ],
            [
              -72.92795704447015,
              45.29779850835988
            ],
            [
              -72.92374907125516,
              45.300436038974176
            ],
            [
              -72.90698849068572,
              45.28771994538698
            ],
            [
              -72.91279763582557,
              45.29028872761788
            ],
            [
              -72.91288798658775,
              45.28668712598872
            ],
            [
              -72.8830550400105,
              45.26555657442127
            ],
            [
              -72.82390526645256,
              45.430701434262645
            ],
            [
              -72.79982200939006,
              45.53799347269677
            ],
            [
              -72.77281230832469,
              45.538310694752354
            ],
            [
              -72.77316985843234,
              45.524800086407204
            ],
            [
              -72.68998707436376,
              45.523805921308885
            ],
            [
              -72.69057279614542,
              45.531636710639475
            ],
            [
              -72.67546108104025,
              45.531394946154826
            ],
            [
              -72.67621432984284,
              45.53875206539729
            ],
            [
              -72.60492490175974,
              45.537694845837734
            ],
            [
              -72.60622192233035,
              45.526044594777844
            ],
            [
              -72.58359330466972,
              45.52549529651347
            ],
            [
              -72.5860060414644,
              45.498298711724395
            ],
            [
              -72.44889227794668,
              45.49359992192192
            ],
            [
              -72.454396447696,
              45.45139141141359
            ],
            [
              -72.40426602365777,
              45.44921144785812
            ],
            [
              -72.40288371001434,
              45.52849353863111
            ],
            [
              -72.37863625793243,
              45.52971905572402
            ],
            [
              -72.37811840546519,
              45.56651087110043
            ],
            [
              -72.3607818866795,
              45.567326267870996
            ],
            [
              -72.35967651293255,
              45.589403725722875
            ],
            [
              -72.35062109684645,
              45.58897253497728
            ],
            [
              -72.34347432318235,
              45.59910941198617
            ],
            [
              -72.31555207477147,
              45.599233473020504
            ],
            [
              -72.57802601575364,
              45.75254523681162
            ],
            [
              -72.56332060779567,
              45.76594235665163
            ],
            [
              -72.60186875782075,
              45.79261193980308
            ],
            [
              -72.64615821499635,
              45.755796151855364
            ],
            [
              -72.68033954704477,
              45.77580626502159
            ],
            [
              -72.70415682080022,
              45.75885281723274
            ],
            [
              -72.85303814006154,
              45.8640228836867
            ],
            [
              -72.85046468269337,
              45.88359135612456
            ],
            [
              -72.83929756450208,
              45.891150633832765
            ],
            [
              -72.8323310227799,
              45.886335802271454
            ],
            [
              -72.79400738537623,
              45.90645249113691
            ],
            [
              -72.75255487016881,
              45.943020023920475
            ],
            [
              -72.80467507470419,
              45.98096208043728
            ],
            [
              -72.78989494056167,
              45.992075852881854
            ],
            [
              -72.8035264895851,
              45.99744342628524
            ],
            [
              -72.79934749948593,
              46.014495212342325
            ],
            [
              -72.82832293363973,
              46.0320108022347
            ],
            [
              -72.82989235332954,
              46.02112605432565
            ],
            [
              -72.86055806537635,
              46.04276415385208
            ],
            [
              -72.86802160717518,
              46.03339360697967
            ],
            [
              -72.87451386272771,
              46.0379970745179
            ],
            [
              -72.88016746034414,
              46.03417987565681
            ],
            [
              -72.94118347328754,
              46.07670422957812
            ],
            [
              -72.9421815246154,
              46.08940851669515
            ],
            [
              -72.94481105971339,
              46.07925359387367
            ]
          ]
        ]
      }
    },
    {
      "type": "Feature",
      "properties": {
        "nom": "Montréal"
      },
      "geometry": {
        "type": "Polygon",
        "coordinates": [
          [
            [
              -73.48642907999842,
              45.67802032285102
            ],
            [
              -73.4756225376798,
              45.70758718832872
            ],
            [
              -73.51910283769625,
              45.69996642635207
            ],
            [
              -73.54041741611364,
              45.67771909572243
            ],
            [
              -73.61429189510665,
              45.641829994724624
            ],
            [
              -73.6340378194325,
              45.62524597511903
            ],
            [
              -73.64523448128709,
              45.60099842752765
            ],
            [
              -73.66537787843023,
              45.58041875121726
            ],
            [
              -73.66716904600952,
              45.56738814991078
            ],
            [
              -73.67715491138291,
              45.554943932387374
            ],
            [
              -73.72128999484518,
              45.53794105775817
            ],
            [
              -73.7637108340173,
              45.511907353639224
            ],
            [
              -73.8434961802728,
              45.51866340369993
            ],
            [
              -73.85253810073259,
              45.511450694108355
            ],
            [
              -73.86357091410004,
              45.519987640145516
            ],
            [
              -73.88877104462803,
              45.521120762357555
            ],
            [
              -73.89614068244603,
              45.52555552183169
            ],
            [
              -73.91048377388671,
              45.520976654485175
            ],
            [
              -73.93540730603442,
              45.50584825591238
            ],
            [
              -73.97090835497714,
              45.46869072813654
            ],
            [
              -73.99660394868731,
              45.457496396205315
            ],
            [
              -73.98265886689049,
              45.41780204191829
            ],
            [
              -73.95981473719641,
              45.40438527949937
            ],
            [
              -73.9347770203935,
              45.39888988252928
            ],
            [
              -73.91887896003621,
              45.39835721205726
            ],
            [
              -73.8975446777744,
              45.4094684298036
            ],
            [
              -73.88379405617778,
              45.409496080343665
            ],
            [
              -73.82218104968584,
              45.38541213958419
            ],
            [
              -73.79629101076978,
              45.40774561544037
            ],
            [
              -73.76795654114326,
              45.41868981442514
            ],
            [
              -73.67181390526366,
              45.42257880881022
            ],
            [
              -73.63625707135564,
              45.409662261951354
            ],
            [
              -73.56492114411559,
              45.418051439139546
            ],
            [
              -73.54586504621537,
              45.42430147094879
            ],
            [
              -73.52969796179275,
              45.43716265378726
            ],
            [
              -73.52225352533955,
              45.45063489439609
            ],
            [
              -73.52161470373943,
              45.47149587901679
            ],
            [
              -73.52973368002706,
              45.49170736118759
            ],
            [
              -73.51923659977852,
              45.4952031381921
            ],
            [
              -73.5314471410773,
              45.53647833582729
            ],
            [
              -73.51534394574836,
              45.55028427581949
            ],
            [
              -73.49806709830892,
              45.580608636694016
            ],
            [
              -73.49852365794213,
              45.6124534021444
            ],
            [
              -73.47642615911589,
              45.64573013970116
            ],
            [
              -73.48578143257134,
              45.66254524922445
            ],
            [
              -73.48642907999842,
              45.67802032285102
            ]
          ]
        ]
      }
    }
  ]
}